tweet_id	label	tweet	drug_en_name	drug_id	smiles
1163421849700708352	0	Oleya et Kadiatou elles ont leur ventoline dans leurs mains devant cette vidéo au cas ou link			
1199207047214063616	0	Pourquoi j’ai des gens qui me contact en MP pour me vendre du Xanax et de la Ritaline?! 😅 #NonMerci	contact~xanax	DB11121~DB00404	CC1=CC(O)=CC(C)=C1Cl~~~CC1=NN=C2CN=C(C3=CC=CC=C3)C3=C(C=CC(Cl)=C3)N12
1194200694364016640	0	@username Tu devrais prendre un Xanax tu as l’air surmené en ce moment ! Sûrement la #MarcheDeLaHonte ! Un peu de repos te ferait le plus grand bien !	xanax~air	DB00404~DB09337	CC1=NN=C2CN=C(C3=CC=CC=C3)C3=C(C=CC(Cl)=C3)N12
1194334698295775237	0	À tout ceux qui ont réussi leur L2 de droit vous preniez cocaine ET Xanax à la fois ou juste un des deux ?	cocaine~xanax	DB00907~DB00404	[H][C@]12CC[C@]([H])([C@H]([C@H](C1)OC(=O)C1=CC=CC=C1)C(=O)OC)N2C~~~CC1=NN=C2CN=C(C3=CC=CC=C3)C3=C(C=CC(Cl)=C3)N12
1199452854500708358	0	@username Mais non, t'es trop cool Xanax !	xanax	DB00404	CC1=NN=C2CN=C(C3=CC=CC=C3)C3=C(C=CC(Cl)=C3)N12
1195033961589825536	0	@username Tu es une pharmacie ambulante khouya.  Il faut surtout VIAZAC mélange viagra et prozac, je ne bande pas et je m en fous link	viagra~prozac	DB00203~DB00472	CCCC1=NN(C)C2=C1N=C(NC2=O)C1=CC(=CC=C1OCC)S(=O)(=O)N1CCN(C)CC1~~~CNCCC(OC1=CC=C(C=C1)C(F)(F)F)C1=CC=CC=C1
1199055285186379776	0	@username Je connaissais pas celui là. Moi je prends de la quetiapine et je vais très certainement prendre du Lamictal en complément. Je te dirais ce que ça donne avec mes médocs.	quetiapine~lamictal	DB01224~DB00555	OCCOCCN1CCN(CC1)C1=NC2=CC=CC=C2SC2=CC=CC=C12~~~NC1=NC(N)=C(N=N1)C1=C(Cl)C(Cl)=CC=C1
1176637222734434306	0	"Excuse-moi Eugénie, il t'a fallu combien de Xanax pour dire que Laurent Alexandre était un """"libéral-libertaire"""" ? link"	xanax	DB00404	CC1=NN=C2CN=C(C3=CC=CC=C3)C3=C(C=CC(Cl)=C3)N12
1197302732392144896	0	Vodka Prozac, qui s’en souvient?	prozac	DB00472	CNCCC(OC1=CC=C(C=C1)C(F)(F)F)C1=CC=CC=C1
1194366976283566080	0	@username @username Non il était asthmatique a un haut degré et la prise de ventoline trop souvent à provoquée un arrêt du coeur. Selon les médecins en 94			
1194374128658272257	0	J’aime trop sortir sans ma ventoline et dire « Roooh y’a Dieu qui te protège non » j’oublie trop le aide toi et le ciel t’aidera 💀			
1196067511462174720	0	Galileo #AHA19 Rivaroxaban pas dans le Tavi... mais on le savais déjà depuis novembre ⁦@username⁩ ⁦@username⁩ link	rivaroxaban	DB06228	ClC1=CC=C(S1)C(=O)NC[C@H]1CN(C(=O)O1)C1=CC=C(C=C1)N1CCOCC1=O
1196809955845853184	0	@username @username Miralax.	miralax	DB09287	
1195980354701672448	0	🐱🩺❤️ Doctoresse Cats ❤️🩺🐱 — Quand une adorable boule de poils vient se blottir en ronronnant sans arrêt, juste après avoir pris un duspatalin et un lioresal pour cause de maux de ventre ~ spasmes nocturnes à 4h du… link	lioresal	DB00181	NCC(CC(O)=O)C1=CC=C(Cl)C=C1
1197079017196806146	0	Les gens : faut surtout pas stresser c’est très mauvais pour ce que tu as.  Also les gens : tu as 10 jours pour vider ton appart et trouver un endroit où vivre.  Toujours les gens : faut vraiment que t’apprennes à lâcher prise.  Je vérifie : le Xanax c’est toujours non ? link	xanax	DB00404	CC1=NN=C2CN=C(C3=CC=CC=C3)C3=C(C=CC(Cl)=C3)N12
1155863041554223109	0	@username Le loperamide, moins chiant	loperamide	DB00836	CN(C)C(=O)C(CCN1CCC(O)(CC1)C1=CC=C(Cl)C=C1)(C1=CC=CC=C1)C1=CC=CC=C1
1199097526454018050	0	j'vais vous filez entre les doigts, voir même vous claquez être les doigts. #Taciturne #3Albums #Tramadol #Xanax #suicide #OnEstBon link	tramadol~xanax	DB00193~DB00404	COC1=CC=CC(=C1)[C@@]1(O)CCCC[C@@H]1CN(C)C~~~CC1=NN=C2CN=C(C3=CC=CC=C3)C3=C(C=CC(Cl)=C3)N12
1196039589200302080	0	sa voix.. son costume.. ma ventoline s’il vous plaît link			
1199376717258858497	0	@username paxil c’est quoi	paxil	DB00715	FC1=CC=C(C=C1)[C@@H]1CCNC[C@H]1COC1=CC2=C(OCO2)C=C1
1198688559621902339	0	@username Déchirure inter costal je pense.. un peu de voltarene et du repos.. ça partira comme c'est venu.. Bon courage ma belle 😘😘			
1194734629787504640	0	#Levothyrox #HorreurMedicaMenteuse link			
1198336482001477634	0	@username @username Heu Anny Duperey lanceuse d’alerte ? C’est mal connaître l’affaire du #levothyrox on lui a donné davantage la parole notamment par rapport aux associations de malades, alors qu’il existe la #democratieensante	mal	DB00825	CC(C)[C@@H]1CC[C@@H](C)C[C@H]1O
1199206442550603777	0	@username Le traitement de xanax s'avére inefficace.. Elle doit sûrement les prendre en suppo 🤔.	xanax	DB00404	CC1=NN=C2CN=C(C3=CC=CC=C3)C3=C(C=CC(Cl)=C3)N12
1198599330225164293	0	Ma ventoline. Tout de suite. C'est urgent.			
1167525799026733059	0	@username mdr toi t'as pris du xanax y'a que vous qui faites ca	xanax	DB00404	CC1=NN=C2CN=C(C3=CC=CC=C3)C3=C(C=CC(Cl)=C3)N12
1137018599921672192	0	@username Oh je sais pas si elle pensait à mâle (#badumtss) mais bon le rire de collégienne c'était un peu curieux. À côté une vieille dame était venue pour qu'on lui ouvre son Oramorph, j'ai trouvé la juxtaposition incongrue.			
1195386353468551168	0	Non. J'ai pris un petit Xanax là y'a une heure. Je peux sortir boire ou pas ? link	xanax	DB00404	CC1=NN=C2CN=C(C3=CC=CC=C3)C3=C(C=CC(Cl)=C3)N12
1195712414660075520	0	"@username Ça me fait penser à une anonyme qui témoignait à la radio sur la dépression parce qu’elle a pris du Prozac durant 3 semaines (soit le temps qu’il faut avant d’espérer les premiers effets) et après elle a arrêté pcq """"ça allait mieux"""". LOL. Comme je l’envie."	prozac	DB00472	CNCCC(OC1=CC=C(C=C1)C(F)(F)F)C1=CC=CC=C1
1195765610740879361	0	question médicale : pourquoi est ce que le lamictal est prescrit aux épileptique ET aux bipolaires ? (problème neuro et problème psy) ? en fait je comprends pas	lamictal	DB00555	NC1=NC(N)=C(N=N1)C1=C(Cl)C(Cl)=CC=C1
1171770313115340805	0	@username En fait c'est surtout que le syndrome de sevrage a la Quétiapine rends euphorique (Pourquoi pas) réduit la concentration, donne des nausées, mais surtout, provoque de PUISSANTES INSOMNIES ! Genre tu peux toujours essayer, t'arrivera pas a dormir, c'est limite l'IFF			
1196091416365154304	0	cette même salope qui a essayé de me voler 400€ de vêtements + mes xanax et qui m’a étranglé link	xanax	DB00404	CC1=NN=C2CN=C(C3=CC=CC=C3)C3=C(C=CC(Cl)=C3)N12
1199051108729143301	0	@username Et si au passage t’avais des xanax ça m’aiderait	xanax	DB00404	CC1=NN=C2CN=C(C3=CC=CC=C3)C3=C(C=CC(Cl)=C3)N12
1134094868056350721	0	MORPHINE Dumisani Bapela link #mondaymotivation #RESPECT #ASMSG #books	morphine	DB00295	[H][C@@]12OC3=C(O)C=CC4=C3[C@@]11CCN(C)[C@]([H])(C4)[C@]1([H])C=C[C@@H]2O
1194198519915175936	0	"Trop hâte de voir la tête que va faire mon médecin quand je vais lui demander :   """"Bonjour, c'est pour un certif médical pour un 10km... Et du Xanax""""  Moi dans toute ma splendeur."	xanax	DB00404	CC1=NN=C2CN=C(C3=CC=CC=C3)C3=C(C=CC(Cl)=C3)N12
1195335027845947392	0	A ne lire que si on est un indéboulonnable positiviste, un j'membalec confirmé, un socialiste dogmatique (pléonasme) ou un macroniste touché par la Lumière. Pour les autres, prévoir une tisane, 2 Valium et de la Ventoline... link	pr~valium	DB00825~DB00829	CC(C)[C@@H]1CC[C@@H](C)C[C@H]1O~~~CN1C2=C(C=C(Cl)C=C2)C(=NCC1=O)C1=CC=CC=C1
1153585975794249729	0	🔄RT pour cette ventoline ❤FAV pour chico de bronze link			
1148157020920569856	0	@username Les vielles ordures anti catho de la rue Cadet n'ont pas eu à prendre leur pilule de Viagra en lisant ça.  En tuant un fils de Catholiques pratiquants, pour légaliser l'euthanasie et montrer leurs muscles, ils vont pavoiser en feignant de compatir à la fin de son martyr REMEMBER	viagra	DB00203	CCCC1=NN(C)C2=C1N=C(NC2=O)C1=CC(=CC=C1OCC)S(=O)(=O)N1CCN(C)CC1
1197090986817658883	0	@username Moi l'ancien médecin c'était Tavanic+Clarythromycine pour la moindre bronchite 🤷‍♂️			
1195352636775706624	0	"@username @username J'étais en Cours la prog m'as vu commencer à suffoquer elle a dis devant tout le monde """"Calme respire quelqu'un a une ventoline pour lui ??"			
1195768322303909889	0	@username @username Une bavure policière ? Là, vous en comptez combien ?  Le terrorisme d'Etat est une technique de répression, alliant la justice, le gaz, les lbd,les grenades, 3 armes de guerre, les brimades, les matraquages. Ne forcez pas sur le Xanax. link	xanax	DB00404	CC1=NN=C2CN=C(C3=CC=CC=C3)C3=C(C=CC(Cl)=C3)N12
1199700599341752321	0	@username Mdr dans quelques années il sera rien sans sildénafil			
1197692404259852288	0	Je sens mes poumons se comprimer et je commence à manquer d’air mais au lieu de réagir et de prendre la Ventoline je fais rien 🤷🏾‍♀️ coucou c’est moi	air	DB09337	
1197786799113981952	0	J’étais tellement en retard que j’ai oublié mes lunettes et ma ventoline			
1153391040428204041	0	C'est même ces médocs qui peuvent te rendre psychotique. D'ailleurs moi j'ai eu une phase de psychose après avoir eu du risperdal.	risperdal	DB00734	CC1=C(CCN2CCC(CC2)C2=NOC3=C2C=CC(F)=C3)C(=O)N2CCCCC2=N1
1168594851350421505	0	Je vais prendre 3 xanax et dormir	xanax	DB00404	CC1=NN=C2CN=C(C3=CC=CC=C3)C3=C(C=CC(Cl)=C3)N12
1199132203055116288	0	Remsima SC de Celltrion obtient l'approbation européenne link	remsima	DB00065	
1198580740994285569	0	@username xénophobie nature xanax xylophone ? c’est ça ?	xanax	DB00404	CC1=NN=C2CN=C(C3=CC=CC=C3)C3=C(C=CC(Cl)=C3)N12
1133699082768269312	0	@username @username Rappelle-lui que son Viagra ô combien indispensable est remboursé, lui. (par exemple)	viagra	DB00203	CCCC1=NN(C)C2=C1N=C(NC2=O)C1=CC(=CC=C1OCC)S(=O)(=O)N1CCN(C)CC1
1114121061531029504	0	Pétition : #Levothyrox: Ouvrons une enquête parlementaire! link via @username			
1198372890921619457	0	Bon c bon 1 xanax et dodo	xanax	DB00404	CC1=NN=C2CN=C(C3=CC=CC=C3)C3=C(C=CC(Cl)=C3)N12
1198615577620832256	0	sauf que ma ventoline est pimpée			
1194041916620447751	0	@username J'ai aussi eu du prozac quelque temps pour les crises de boulimie, j'ai constaté aucune différence 🤷‍♀	prozac	DB00472	CNCCC(OC1=CC=C(C=C1)C(F)(F)F)C1=CC=CC=C1
1195702904063168514	0	J’ai la haine j’ai encore grossi put1 le seul mérite du Prozac c que ça calme les Tca	prozac	DB00472	CNCCC(OC1=CC=C(C=C1)C(F)(F)F)C1=CC=CC=C1
1198606735138799616	0	Ma fille a 5 ans , Ca fait 1h qu’on essaie de lui apprendre les doigts de la main. Filez moi du Xanax ou une autre solution svp 😭 Elle n’intègre pas ce putain d’annulaire !! Je lui coupe ?	xanax~solution	DB00404~DB00350	CC1=NN=C2CN=C(C3=CC=CC=C3)C3=C(C=CC(Cl)=C3)N12~~~NC1=CC(=NC(N)=[N+]1[O-])N1CCCCC1
1198540631624302592	0	@username @username La paroxetine est classée comme sédative si je me trompe pas mais elle se prend le matin	paroxetine	DB00715	FC1=CC=C(C=C1)[C@@H]1CCNC[C@H]1COC1=CC2=C(OCO2)C=C1
1199668573645529090	0	Dans ma licence même si tu recraches tout ton âme dans une dissertation tu te tapes un 7 j’en ai marre j’ai trop de boulot je vais devoir me procurer de l’Adderall bientôt	adderall	DB01576	C[C@H](N)CC1=CC=CC=C1
1196371474803757057	0	@username @username @username @username D'ailleurs c'est rigolo c'était déjà la même en 1986 qu'il y a quelques temps avec la fausse affaire du Levothyrox. Des vendeur de peur quoi, c'est leur business, et ils nous font perdre un temps fou en débunking...			
1138562112199024641	0	En vrai depuis qu’on a diagnostiqué de l’asthme à Tatiana, c’est nous qui respirons plus wesh! Que elle parle, cousine prend ta ventoline et va dormir mdrrrr			
1194368020472377350	0	@username même pas jsuis sous ventoline			
1194865807240634368	0	#NouvellePhotoDeProfil Microlax link			
1198879861181493248	0	"@username @username """"Vente de gros pulls, de parkas et de bottes chez Xanax !"	xanax	DB00404	CC1=NN=C2CN=C(C3=CC=CC=C3)C3=C(C=CC(Cl)=C3)N12
1195255362464681984	0	@username @username Les chats interviennent en milieu hospitalier et sont sélectionnés et bichonnés de manière à limiter les allergies. Notre DCB embarqué, allergique aux lapins, nous servira de canari, armé de son salbutamol inhalable pour voir si c'est tolérable.	servira~salbutamol	DB01174~DB01001	CCC1(C(=O)NC(=O)NC1=O)C1=CC=CC=C1~~~CC(C)(C)NCC(O)C1=CC(CO)=C(O)C=C1
1195397521645953024	0	@username Clairement à éviter, les 2 ont le même effet sédatif sur le cerveau, combinés, l'un augmentant l'effet de l'autre, c'est comme si tu buvais 2x plus d'alcool et 2x plus de Xanax, risque de troubles respi, cardiaques, coma, mort. Fais-toi une tisane, tu boiras en semaine ; )	xanax	DB00404	CC1=NN=C2CN=C(C3=CC=CC=C3)C3=C(C=CC(Cl)=C3)N12
1198247846929145857	0	@username Pourquoi tu prends du xanax , tu t'empoisonne et tu prépares ton corps à l'addiction pour plus tard avec le xanax.   Fait toi un 3 eme verres de pinard, et fait ta sieste .	xanax~pr	DB00404~DB00825	CC1=NN=C2CN=C(C3=CC=CC=C3)C3=C(C=CC(Cl)=C3)N12~~~CC(C)[C@@H]1CC[C@@H](C)C[C@H]1O
1196739660715823106	0	Mon cher Etienne @username vos billets d'humeur sont un moment de bonheur quotidien, qui à l'instar du Prozac, devrait être remboursé par la sécurité sociale. MERCI	prozac	DB00472	CNCCC(OC1=CC=C(C=C1)C(F)(F)F)C1=CC=CC=C1
1137084652047544320	0	@username @username Allez Fabien un grand verre d’eau, un petit coup de ventoline et au lit je te sens un peu fébrile là			
1198583469397479424	0	@username @username @username @username @username Sa faute serait de derembourser l'imodium ou le smecta.	imodium	DB11074	
1194680191387193344	0	ptdr ma mère qui s'inquiète de mon manque d'équilibre comment lui dire que le pb c pas l'alcool mais le xanax	xanax	DB00404	CC1=NN=C2CN=C(C3=CC=CC=C3)C3=C(C=CC(Cl)=C3)N12
1197520943851229184	0	@username Venant d’un mec qui a Xanax dans son blase toute phrase dites ne sera pas crédible	xanax	DB00404	CC1=NN=C2CN=C(C3=CC=CC=C3)C3=C(C=CC(Cl)=C3)N12
1197979213963448323	0	J'suis entrain de crever, ma ventoline est périmée. Youpi.			
1125519835813826561	0	Je viens de dire à un de mes soumis de prendre une pilule de viagra, jusque là, rien d’anormal.. sauf que j’avais presque oublié qu’il était en cage et que c’est Moi qui a les clefs..  Cruauté ? Peut-être, mais ça m’est égal. 😂💁‍♀️ #femdom #findom #domination #humiliation #soumis	viagra	DB00203	CCCC1=NN(C)C2=C1N=C(NC2=O)C1=CC(=CC=C1OCC)S(=O)(=O)N1CCN(C)CC1
1162405174335479808	0	@username Merci Jérôme.  Donc IPADE en PCS ne pourra pas renouveler Prozac? Même si patient suivi pour diabète ?	prozac	DB00472	CNCCC(OC1=CC=C(C=C1)C(F)(F)F)C1=CC=CC=C1
1196328769407135749	0	Après mon rdv médical je vais bedave toute la journée vous êtes des oufs 2 xanax/j c pas assez	xanax	DB00404	CC1=NN=C2CN=C(C3=CC=CC=C3)C3=C(C=CC(Cl)=C3)N12
1195605468971966464	0	@username Il fait une brochite asthmatiforme sauf que sa ventoline ne suffit pas			
1199079249040289792	0	La quetiapine commence à faire effet lo Je commence a être stone	quetiapine	DB01224	OCCOCCN1CCN(CC1)C1=NC2=CC=CC=C2SC2=CC=CC=C12
1195653753120206849	0	@username Également va en pharmacie demande un antibiotique adapte ou large spectre, un antalgique avec du diclofenac pour la douleur d'ici le soir tu seras heureuse	diclofenac	DB00586	OC(=O)CC1=CC=CC=C1NC1=C(Cl)C=CC=C1Cl
1196208904285360129	0	@username t’as l’air tendu un peu prends un xanax	air~xanax	DB09337~DB00404	CC1=NN=C2CN=C(C3=CC=CC=C3)C3=C(C=CC(Cl)=C3)N12
1196841319492202497	0	@username @username @username @username @username Je ne parle pas exclusivement de la ventoline, je dis juste que certains médicament on leur place dans nos trousse de secours, la ventoline n'es pas un bonne exemple je vous l'accorde, cependant je persiste à dire qu'il faut certains médicaments			
1199599770823745536	0	@username Pas envie de finir au sol dsl j'ai pas ma ventoline			
1194711787779825665	0	ptn en vrai wsh lamotrigine et alcool je tape le crane au sol en 2 verres	lamotrigine	DB00555	NC1=NC(N)=C(N=N1)C1=C(Cl)C(Cl)=CC=C1
1196066851488509953	0	LE DENI DE LA MORT ?: La metformine est un médicament courant, bon marché, et dont certains chercheurs soupçonnent qu’il pourrait avoir un effet positif global sur le vieillissement. Plusieurs essais sont en cours … @username link			
1198595591762251778	0	@username @username Pour apixaban oui. Pour rivaroxaban, on sait pour l’instant qu’il ne faut pas l’utiliser chez patients avec cancers gastro-intestinaux ou urotheliaux. En France il est suggéré pour l’instant de faire les 6 1ers mois de traitement avec HBPM 😇 On attend les résultats d’API-CAT 🤓	apixaban~rivaroxaban	DB06605~DB06228	COC1=CC=C(C=C1)N1N=C(C(N)=O)C2=C1C(=O)N(CC2)C1=CC=C(C=C1)N1CCCCC1=O~~~ClC1=CC=C(S1)C(=O)NC[C@H]1CN(C(=O)O1)C1=CC=C(C=C1)N1CCOCC1=O
1194237770069348354	0	@username j'ai adoré les vannes sur payet avec la ventoline j'étais mort de rire			
1168606155016495104	0	@username @username @username @username Ouai enfin on sait tous que la directions de l OM c est pas des épées en negociation mais négocier avec Kita ca doit être sacrément penible vu le type... #doliprane #caféine #Xanax	xanax	DB00404	CC1=NN=C2CN=C(C3=CC=CC=C3)C3=C(C=CC(Cl)=C3)N12
1197516985606778881	0	@username j'aime pas trop les benzo j'ai juste testé l'alprazolam et le Bromazépam	alprazolam	DB00404	CC1=NN=C2CN=C(C3=CC=CC=C3)C3=C(C=CC(Cl)=C3)N12
1145128609662853121	0	BILAN AD (Paroxetine) 1 mois : pas eu de grosse pensée négative depuis le 17 juin, mon appétit revient (après -7kg 6 semaines), j'ai eu assez de motivation pour terminer mon année, obtenir ma certification et décrocher une alternance. 1/2	paroxetine	DB00715	FC1=CC=C(C=C1)[C@@H]1CCNC[C@H]1COC1=CC2=C(OCO2)C=C1
1151201009756254208	0	@username Oui rien de positif mais rien.... si la morphine ! Un jour mal virée j ai vidé la pompe 😂😂😂😂 ils m ont transférés en cardiologie 😉🍀🌴🥀🌱🌻🌾	morphine~mal	DB00295~DB00825	[H][C@@]12OC3=C(O)C=CC4=C3[C@@]11CCN(C)[C@]([H])(C4)[C@]1([H])C=C[C@@H]2O~~~CC(C)[C@@H]1CC[C@@H](C)C[C@H]1O
1196788321298649089	0	Attention à la prégabaline...... Résumé de 2 études sur données nationales (Suède et Australie) à lire ici (lien vers les 2 études en bas de page) link Augmentation de mortalité quand co-prescrit avec opiacés et benzos. link	pr	DB00825	CC(C)[C@@H]1CC[C@@H](C)C[C@H]1O
1195705770064719872	0	@username 🙁 Voltaren extra fort!!! Pis du repos	voltaren	DB00586	OC(=O)CC1=CC=CC=C1NC1=C(Cl)C=CC=C1Cl
1196045330338516992	0	J'ai plus de ventoline c'est la merde là			
1195263566246502400	0	@username 😂Un petit Prozac, vite fait, non ? 😊😉	prozac	DB00472	CNCCC(OC1=CC=C(C=C1)C(F)(F)F)C1=CC=CC=C1
1195334306673152007	0	Il me faut un xanax !.  Ou peut-être, 10 ou 20... 💔 😢 😭	xanax	DB00404	CC1=NN=C2CN=C(C3=CC=CC=C3)C3=C(C=CC(Cl)=C3)N12
1165333045974622209	0	Bonsoir, j'aime bcp tes conseils. Voilà j'ai eu un souci a la fac au dernier exam, une diarrhée violente. J'ai ét… — Qu'est-ce que tu veux que je te dise. Prends du lopéramide ou du Smecta, va chez un médecin.   J'en sais rien.  O… link			
1193972184689061888	0	@username @username Tu m'étonnes ! Tain mais tu as pris du prozac ou qqch pour passer ce mauvais moment ?	prozac	DB00472	CNCCC(OC1=CC=C(C=C1)C(F)(F)F)C1=CC=CC=C1
1130539650161029121	0	@username @username @username @username @username @username @username @username @username @username @username Docteur @username filez lui 2cc de morphine s’il vous plaît on a encore perdu le soldat Yary	morphine	DB00295	[H][C@@]12OC3=C(O)C=CC4=C3[C@@]11CCN(C)[C@]([H])(C4)[C@]1([H])C=C[C@@H]2O
1199425413392547841	0	en3B/4 ce qui est une deficience tres importante ! auj l’insuline en association ! reste l’association d’autres antidiabetique type2  et POXEL A DEJA FAIT DES TESTS EN 2A concernantjanuvia et metformine dans les 2 cas sur patients resistants a ces 2 medocs ! et ça redemarré			
1143986974631563265	0	@username @username pourquoi tu supprimes quand tu bégayes ? t'es stressée ? prend un xanax gros link	xanax	DB00404	CC1=NN=C2CN=C(C3=CC=CC=C3)C3=C(C=CC(Cl)=C3)N12
1198688619684339713	0	@username Je dois perdre le gras parce qu’en dessous se cache un prozac	prozac	DB00472	CNCCC(OC1=CC=C(C=C1)C(F)(F)F)C1=CC=CC=C1
1132577394026590208	0	@username @username @username @username PTDRRRR wsh frr t'as dis sa en mode ta du xanax	xanax	DB00404	CC1=NN=C2CN=C(C3=CC=CC=C3)C3=C(C=CC(Cl)=C3)N12
1199449379062587392	0	@username Prenez un Xanax et au lit 😉 ça m'évitera un débat stérile	xanax~bat	DB00404~DB13903	CC1=NN=C2CN=C(C3=CC=CC=C3)C3=C(C=CC(Cl)=C3)N12
1177166007804321792	0	dites, y a des meufs trans dont la prescription de Venlafaxine a fait baisser le taux d'oestrogène ?  Partagez, svp	venlafaxine	DB00285	COC1=CC=C(C=C1)C(CN(C)C)C1(O)CCCCC1
1197217421930749952	0	@username @username @username @username Je confirme pour la courgette crue. Et je remercie Xanax de m'y avoir initié	xanax	DB00404	CC1=NN=C2CN=C(C3=CC=CC=C3)C3=C(C=CC(Cl)=C3)N12
1197763970800721920	0	G oublié de prendre ma quetiapine ptdrrrr ça explique tout	quetiapine	DB01224	OCCOCCN1CCN(CC1)C1=NC2=CC=CC=C2SC2=CC=CC=C12
1195730810374148098	0	"@username @username @username @username Autrement dit, il faut maintenant payer pour voter ? C'est comme pour le #Tamiflu/#FluShot/#H1N1/#RAMq, pour la Cathédrale #NotreDame/#NotreDameDeParis ou encore pour les #OSBL/#NPO et #ONG/#NGO de #Soros: """"gratuit""""... link #DeepState #SpoilsSystem #Corruption🦝"	tamiflu	DB00198	CCOC(=O)C1=C[C@@H](OC(CC)CC)[C@H](NC(C)=O)[C@@H](N)C1
1138477336918200322	0	"@username """"Smash dans un live Nintendo c'est comme du viagra"""" Platon"	viagra	DB00203	CCCC1=NN(C)C2=C1N=C(NC2=O)C1=CC(=CC=C1OCC)S(=O)(=O)N1CCN(C)CC1
1199357792206888960	0	@username attend je prends un coup de ventoline le choc est gros			
1198977348273680384	0	@username bidon du xanax ça passe bien jcrois	xanax	DB00404	CC1=NN=C2CN=C(C3=CC=CC=C3)C3=C(C=CC(Cl)=C3)N12
1197218909172174849	0	"On manque de photos des voyous de la famille Sackler. Cette vidéo obtenue par ProPublica est encore plus intéressante. C'est Richard Sackler """"témoignant"""" devant le procureur du Kentucky qui lui demande combien les Sackler ont gagné avec OxyContin. @username link"	oxycontin	DB00497	COC1=C2O[C@H]3C(=O)CC[C@@]4(O)[C@H]5CC(C=C1)=C2[C@@]34CCN5C
1139131598018883589	0	Va falloir utiliser de la morphine sur ce mec	morphine	DB00295	[H][C@@]12OC3=C(O)C=CC4=C3[C@@]11CCN(C)[C@]([H])(C4)[C@]1([H])C=C[C@@H]2O
1195881148699881473	0	@username @username Xanax	xanax	DB00404	CC1=NN=C2CN=C(C3=CC=CC=C3)C3=C(C=CC(Cl)=C3)N12
1151516354379468801	0	il fait une ventoline la pas une chicha link			
1199720307533271041	0	Des insectes sous amphet', des saumons shootés au Xanax et des crevettes au Prozac... Les cours d'eau du monde entier reçoivent nos résidus de médicaments, qui contaminent leurs habitants.	xanax~prozac	DB00404~DB00472	CC1=NN=C2CN=C(C3=CC=CC=C3)C3=C(C=CC(Cl)=C3)N12~~~CNCCC(OC1=CC=C(C=C1)C(F)(F)F)C1=CC=CC=C1
1199576338115571712	0	@username Ken Loach faut prendre un petit prozac avant d'y aller en général 😂	prozac	DB00472	CNCCC(OC1=CC=C(C=C1)C(F)(F)F)C1=CC=CC=C1
1196285377109221376	0	soyez généreux passez moi une boîte d’alprazolam 0.5 mg je dors plus j’ai pas d’argent et je suis vraiment trop fatigué	alprazolam	DB00404	CC1=NN=C2CN=C(C3=CC=CC=C3)C3=C(C=CC(Cl)=C3)N12
1193996491528032256	0	✍🏿Pendant le cours de chimie :   donner la formule brute du butane 😊😊😊  ✍🏿Pendant la composition :   Le diclofenac ou acide 2-(2-(2,6-dichlorophényl)aminophényl)ethanoïque 😱😱😱	diclofenac	DB00586	OC(=O)CC1=CC=CC=C1NC1=C(Cl)C=CC=C1Cl
1195127927521861632	0	@username J'vais prendre quelques xanax et me calmer  Et toi ?	xanax	DB00404	CC1=NN=C2CN=C(C3=CC=CC=C3)C3=C(C=CC(Cl)=C3)N12
1197433880137097221	0	@username Enfin mon magazine de développement personnel est arrivé ! Je prends une double dose de xanax pour fêter ça !!!	xanax	DB00404	CC1=NN=C2CN=C(C3=CC=CC=C3)C3=C(C=CC(Cl)=C3)N12
1197093604625440768	0	@username Je sais bien... pour ça que même le Xanax la j'y touche pas. Cet anxiolitique me fait flipper xD	xanax	DB00404	CC1=NN=C2CN=C(C3=CC=CC=C3)C3=C(C=CC(Cl)=C3)N12
1195999526068338688	0	LEVOTHYROX : le Tribunal administratif refuse la réquisition du Lévothyrox avec lactose fabriqué à Bourgoin-Jallieu link @username	lactose	DB04465	OC[C@H]1O[C@@H](O[C@H]2[C@H](O)[C@@H](O)C(O)O[C@@H]2CO)[C@H](O)[C@@H](O)[C@H]1O
1126122150467985411	0	@username J'ai eu du tramadol pendant environ un an mais les effets secondaires étaient terribles, j'ai eu un autre médicament dont je ne me souviens plus, de l'acupan mais c'était galère à prendre, des anti inflammatoires, type nurofen, spedifen, ibuprofen etc.. Mais c'est pas efficace	tramadol~ibuprofen	DB00193~DB01050	COC1=CC=CC(=C1)[C@@]1(O)CCCC[C@@H]1CN(C)C~~~CC(C)CC1=CC=C(C=C1)C(C)C(O)=O
1194372296040955904	0	@username @username @username Viens j't'emmène sur ma planète Ici c'est pas comme à l'école Tu verras c'est super chouette Entre adultes on fait la fête Un Deroxat et tu décolles  Walk into another dimension A little bit high, a little bit low (it's a jungle) Just another form of dementia You gotta get on to			
1196679772329390081	0	@username Bruno prend un xanax et fait la sieste	xanax	DB00404	CC1=NN=C2CN=C(C3=CC=CC=C3)C3=C(C=CC(Cl)=C3)N12
1197483782665846784	0	@username Merci de m’éviter d’avaler deux Xanax et d’envisager de ne plus jamais dormir pour produire produire produire ;)	xanax	DB00404	CC1=NN=C2CN=C(C3=CC=CC=C3)C3=C(C=CC(Cl)=C3)N12
1139442517571772416	0	"Levothyrox : la nouvelle formule n'a pas provoqué de hausse de """"problèmes graves"""", selon le rapport final de l'Agence du médicament link"			
1199405781008945153	0	@username hh j'espère ça fera pareil, je devrai commencer à le prendre ds 15j le temps de baisser prozac	prozac	DB00472	CNCCC(OC1=CC=C(C=C1)C(F)(F)F)C1=CC=CC=C1
1145727526922268672	0	Livraison offerte #BaumeduTigre #Counterpain #Voltaren #AloeVera #PoCare link link	voltaren	DB00586	OC(=O)CC1=CC=CC=C1NC1=C(Cl)C=CC=C1Cl
1195336049775521792	0	Quand t’as mélengé tes dragées Fuca avec ton Imodium. link	imodium	DB11074	
1151616911676981248	0	#Levothyrox #NoNocebo Les victimes de la nouvelle formule -si certaines ont la chance d'avoir trouvé aujourd'hui 1 alternative satisfaisante- gardent 1 traumatisme moral de ce déni de leurs souffrances. Primum Non Nocere - D'abord, ne pas nuire ? Raté. link			
1197875277059235840	0	@username @username @username madame Mereo j attends toujours votre réponse concernant vos 2 soi disantes lanceuse d alerte pour le levothyrox? car l une était informée avant 2017 de la mise sur le marché de la NF et n a averti personne! et sa vice présidente décédée à ce jour l a précisé egalt sur les médias	pr	DB00825	CC(C)[C@@H]1CC[C@@H](C)C[C@H]1O
1138013839033847808	0	Et le viagra c'est bon pour l'écosystème ? link	viagra	DB00203	CCCC1=NN(C)C2=C1N=C(NC2=O)C1=CC(=CC=C1OCC)S(=O)(=O)N1CCN(C)CC1
1151395294116012032	0	Grand sauveur revient enfin, il est gentil, calme il fait attention il écoute et ce n’est pas sa faute mais hormis me donner de la morphine et me dire qu’il faut que je retourne au centre endo il ne peut pas faire grand chose. Il m’a tout de même laissé son numéro et bon courage link	morphine	DB00295	[H][C@@]12OC3=C(O)C=CC4=C3[C@@]11CCN(C)[C@]([H])(C4)[C@]1([H])C=C[C@@H]2O
1149935219149070336	0	@username Manque je pense   Tu touche pas a la paroxetine ?	paroxetine	DB00715	FC1=CC=C(C=C1)[C@@H]1CCNC[C@H]1COC1=CC2=C(OCO2)C=C1
1196908381719666688	0	@username @username @username j'ai entendu xanax en dm	xanax	DB00404	CC1=NN=C2CN=C(C3=CC=CC=C3)C3=C(C=CC(Cl)=C3)N12
1196546646731083777	0	J'ai l'impression de regarder un épisode de Demain Nous Appartient tourné sous Prozac  #LeBazarDeLaCharité	prozac	DB00472	CNCCC(OC1=CC=C(C=C1)C(F)(F)F)C1=CC=CC=C1
1197131636984471552	0	@username Merci Zalasta, même 14 ans après c'est dur link	zalasta	DB00334	CN1CCN(CC1)C1=NC2=CC=CC=C2NC2=C1C=C(C)S2
1197962095872094209	0	j’suis faible krkr j’ai changé d’avis avec une propo de xanax	xanax	DB00404	CC1=NN=C2CN=C(C3=CC=CC=C3)C3=C(C=CC(Cl)=C3)N12
1199591457620996096	0	@username @username 😂😂 Du Prozac pour les voisins ? Je participe !	prozac	DB00472	CNCCC(OC1=CC=C(C=C1)C(F)(F)F)C1=CC=CC=C1
1197448762777636865	0	@username @username Le sildenafil est dangereux pour les jeunes et surtout les enfants, en Belgique c’est direct urgence	sildenafil	DB00203	CCCC1=NN(C)C2=C1N=C(NC2=O)C1=CC(=CC=C1OCC)S(=O)(=O)N1CCN(C)CC1
1196037578090274816	0	déjà le sevrage du xanax oof c’était qqchose, je sais même pas comment j’ai pu avoir mes partiels à l’époque	xanax	DB00404	CC1=NN=C2CN=C(C3=CC=CC=C3)C3=C(C=CC(Cl)=C3)N12
1199393400715436032	0	"@username Pour faire l'aventurier tous les matins pour votre trajet de 10km dans les bouchons. Prenez la version diesel pour faire des """"économies"""" (qui pourront être utilisées pour payer la #kinérespiratoire et la Ventolin aux enfants)! #CharDAssautUrbain #BesoinDeCompenser link"	ventolin	DB01001	CC(C)(C)NCC(O)C1=CC(CO)=C(O)C=C1
1196201322548269057	0	@username @username Prend pas xanax wsh c un truc de came	xanax	DB00404	CC1=NN=C2CN=C(C3=CC=CC=C3)C3=C(C=CC(Cl)=C3)N12
1197766268054585344	0	"Retrouvez Florence Méréo dans son livre 📚""""Les Résistantes"""" chez HarperCollins France  lors de l’émission #CQDLT 📺 sur C8 revient sur le scandale de la #Depakine 💊#Levothyrox #violenceobstréticales... link"			
1195447904045060098	0	"@username """"Passe moi la ventoline j'étouffe"			
1158319517740740608	0	C’est TRÈS simple. Le médecin que je suis vous répond en une phrase : dans un monde ou les robots travaillent à la place des humains, il y aurait une épidémie de dépressions graves... TOUS SOUS PROZAC ! link	prozac	DB00472	CNCCC(OC1=CC=C(C=C1)C(F)(F)F)C1=CC=CC=C1
1194982652090241025	0	@username @username @username Mais on fait aussi de la prévention, (Apprentissage du mouchage au parent, de la prise de ventoline etc.)  Ce rapport indiqué juste qu'il.faut mieux que les parents aillent aux urgences pour ça que de.aller chez le kiné...  C'est fatiguant	pr	DB00825	CC(C)[C@@H]1CC[C@@H](C)C[C@H]1O
1136005037673668609	0	Il prenait de la coke en cachette à l’hôpital, il se droguait au valium et s’est même défoncé avec des chiens en leur faisant ingurgiter, il se mutilait sur scène, il avoue se droguer encore à son grand âge. Drôle de « Heroes » mais tout est bon il porte des robes link	valium	DB00829	CN1C2=C(C=C(Cl)C=C2)C(=NCC1=O)C1=CC=CC=C1
1196369401626419200	0	@username C'est vrai que c'est violent le xanax.. Surtout quand t'en prends un et puis que tu vas faire tes courses... et tu te tapes un délires avec des céréales fruit loops en rayon 🤣 La tête des gens 🤣🤣	xanax	DB00404	CC1=NN=C2CN=C(C3=CC=CC=C3)C3=C(C=CC(Cl)=C3)N12
1198619659374923776	0	@username En attendant les secours lui redonner de la ventoline (inhalateur souvent bleu), 2 doses toutes les 10 minutes. Il faut compter le nombre de doses données. N’hesitez pas à appeler le SAMU (15)			
1140019750250131456	0	Jcrois qu'un des meilleurs moments de ma vie recemment c'est quand effexor + exces de caféine m'ont rendu à moitie hypomaniaque (en mode euphorique) et je pouvais faire pleins de trucs et la j'etais pas fatigué  Mais bon c'est pas tenable, j'ai du accepter de retrouver la fatigue	effexor	DB00285	COC1=CC=C(C=C1)C(CN(C)C)C1(O)CCCCC1
1198880583771918336	0	j’vais m’armer de mes 1738 ventoline pour combattre le mal c bon	mal	DB00825	CC(C)[C@@H]1CC[C@@H](C)C[C@H]1O
1151439174916038657	0	📝: j'ai mal partout. La morphine ne fait plus effet. Je retourne dormir.	mal~morphine	DB00825~DB00295	CC(C)[C@@H]1CC[C@@H](C)C[C@H]1O~~~[H][C@@]12OC3=C(O)C=CC4=C3[C@@]11CCN(C)[C@]([H])(C4)[C@]1([H])C=C[C@@H]2O
1158861633374052353	0	@username G vue la pp ça fait 5 min je cherche une ventoline			
1194171570001981451	0	@username et le vieux crabe ! prend un xanax et ne te sert pas des iraniennes car tu les détestent tout autant , raclure que tu es !	xanax	DB00404	CC1=NN=C2CN=C(C3=CC=CC=C3)C3=C(C=CC(Cl)=C3)N12
1197645462095962112	0	@username Deux xanax, en pyjama et au lit	xanax	DB00404	CC1=NN=C2CN=C(C3=CC=CC=C3)C3=C(C=CC(Cl)=C3)N12
1196034844536516609	0	@username @username T'es un cas critique mon gars faut consulter là... Prend un xanax, allonge toi étudie le football de A à Z et reviens ensuite me parler quand tu ne seras plus un footix. Ciao...😂👏😘🙏	xanax~ensuite	DB00404~DB11121	CC1=NN=C2CN=C(C3=CC=CC=C3)C3=C(C=CC(Cl)=C3)N12~~~CC1=CC(O)=CC(C)=C1Cl
1195990041044107267	0	@username Je vais me soigner à coup de xanax 😂	xanax	DB00404	CC1=NN=C2CN=C(C3=CC=CC=C3)C3=C(C=CC(Cl)=C3)N12
1199768413415104514	0	@username t’as un sérieux problème edissa relax sur la dose de xanax &gt;:(((	xanax	DB00404	CC1=NN=C2CN=C(C3=CC=CC=C3)C3=C(C=CC(Cl)=C3)N12
1199447550673268736	0	@username Cœur, théophylline et salbutamol sur vous &lt;3	salbutamol~lt	DB01001~DB06812	CC(C)(C)NCC(O)C1=CC(CO)=C(O)C=C1
1196345792686153728	0	@username Mnaquerait plus que Xanax Damage	xanax	DB00404	CC1=NN=C2CN=C(C3=CC=CC=C3)C3=C(C=CC(Cl)=C3)N12
1194564911789199360	0	Oh grosse merde @username tu as vraiment demandé rouge sur le geste de Benedetto ? tas vue les images ? non sérieusement ton joueur est ridicule sur les image , prend un Xanax et va Catapulter toute tas haine ailleurs ✌ #TeamOM	xanax	DB00404	CC1=NN=C2CN=C(C3=CC=CC=C3)C3=C(C=CC(Cl)=C3)N12
1198032238094561281	0	"J'ai du mal avec le fait que beaucoup de personnes """"saines"""" se defonce aux xanax genre vous cherchez quoi ? L'alprazolam est contre les crises d'anxiété, pas la connerie."	mal~xanax~alprazolam	DB00825~DB00404	CC(C)[C@@H]1CC[C@@H](C)C[C@H]1O~~~CC1=NN=C2CN=C(C3=CC=CC=C3)C3=C(C=CC(Cl)=C3)N12
1195317837952360448	0	@username @username @username Et oui hélas et ce n'est pas fini !! ce fléau touche même les très jeunes coureurs j'ai vu dans une course de cadets (15 ans) des jeunes prendrent des bouffées de ventoline sous les yeux des parents !! Et toujours le même raisonnement !! Les autres le font.			
1198599569011040256	0	rime qui pensait que la ventoline ct dans le nez je chiale elle me FATIGUE			
1196824384096395265	0	failli faire une crise d’asthme ce matin en sport et j’avais pas de ventoline pr me calmer 😂	sport~pr	DB11064~DB00825	CC1CC(CC(C)(C)C1)OC(=O)C1=C(O)C=CC=C1~~~CC(C)[C@@H]1CC[C@@H](C)C[C@H]1O
1194010835468853253	0	j'ai tellement d'alprazolam qui traine en vrai je pourrais probablement tenter d'overdoser ptdrr	alprazolam	DB00404	CC1=NN=C2CN=C(C3=CC=CC=C3)C3=C(C=CC(Cl)=C3)N12
1197632122024087552	0	j’ai besoin de ma ventoline			
1197887038290309121	0	#JeSuisClarisse et je vous emmerde ! test pas content prend un xanax	xanax	DB00404	CC1=NN=C2CN=C(C3=CC=CC=C3)C3=C(C=CC(Cl)=C3)N12
1196130960452009990	0	@username Ah mince .. s'il est en allaitement mix tu peux lui donner du forlax s'il a des selles trop solides			
1198438341924020224	0	@username Je pense pas connaître, mon médecin traitant fonctionne toujours par ventoline + flixotide et cortisone en cachet si besoin	cortisone	DB14681	[H][C@@]12CC[C@](O)(C(=O)CO)[C@@]1(C)CC(=O)[C@@]1([H])[C@@]2([H])CCC2=CC(=O)CC[C@]12C
1194713029700657156	0	Ptn vsy stop j’abandonne jvais me chouter au xanax là c’trop je canne link	xanax	DB00404	CC1=NN=C2CN=C(C3=CC=CC=C3)C3=C(C=CC(Cl)=C3)N12
1198715629521588225	0	@username Chill man...ils ont du vécus un passé..#xanax..	xanax	DB00404	CC1=NN=C2CN=C(C3=CC=CC=C3)C3=C(C=CC(Cl)=C3)N12
1198670157595500544	0	@username @username @username Bah alors ? Pourquoi tu t’énerves le « guignol » t’as l’air tendu, respire donc de la ventoline par le fion comme tu le dis si bien ça va te détendre	air	DB09337	
1198569405539606529	0	@username Le médecin n’a pas connaissance du fond du dossier et n’a en face de lui que l’avis du patient pour juger de la substuabilité ou pas! La leçon sur la Levothyrox  n’a servi à rien ?			
1194353306753105920	0	L’ESC/EASD remet en cause la place de la metformine | Cardiologie Pratique link			
1156714770470510592	0	@username Mdrr elle a oublié de prendre sa ventoline ça se voit elle est essoufflée			
1194941286433935362	0	@username @username @username @username @username @username Oh non comme tu dit est le médecin m’a augmenté le duloxetine a 60 mg sa ma couché hier soir pour tout te dire je vient de me réveiller je me suis reposé dans mon lit	duloxetine	DB00476	CNCC[C@H](OC1=CC=CC2=CC=CC=C12)C1=CC=CS1
1139233749781143552	0	Suicides, overdoses, accidents de la route : dangers des gabapentinoïdes #pregabaline #gabapentine dans #douleur neuropathique Compte tenu des risques et d’une efficacité modeste, faut-il les maintenir en 1ère ligne. Attente recommandations @username. link			
1198692577513488384	0	Ca me saoule trop jvais devoir prendre un xanax alors que je dois me réveiller tôt demain	xanax	DB00404	CC1=NN=C2CN=C(C3=CC=CC=C3)C3=C(C=CC(Cl)=C3)N12
1199701989250289665	0	#DocTocToc #pharmatoctoc  Quelle est la raison que le logimax ( metoprolol associé)ne nécessite pas de cs cardio et que le selozok (metoprolol seul le justifie ?) J'ai allégé le tt d' h de 90 ans en forme dont le MT est parti en retraite et je me fais pourrir	metoprolol	DB00264	COCCC1=CC=C(OCC(O)CNC(C)C)C=C1
1194308933638348806	0	@username mais je prend de l'oxynormoro avec ça			
1103019887914561537	0	#Levothyrox: Ouvrons une enquête parlementaire! link via @username			
1195443421869223936	0	@username Sertraline EG 50 mg (j’ai commencé il y a à peine un mois) + Alprazolam en cas de besoin	sertraline~alprazolam	DB01104~DB00404	CN[C@H]1CC[C@@H](C2=CC(Cl)=C(Cl)C=C2)C2=CC=CC=C12~~~CC1=NN=C2CN=C(C3=CC=CC=C3)C3=C(C=CC(Cl)=C3)N12
1194657395093446656	0	@username Hé mais je suis complètement con c'est ce que tu dis dans ton tweet *Xanax nunuche*	xanax	DB00404	CC1=NN=C2CN=C(C3=CC=CC=C3)C3=C(C=CC(Cl)=C3)N12
1169363625317978112	0	@username Je prend du Venlafaxine aussi depuis début juin au moins, ça a été un soulagement énorme pour moi ! Franchement ton psy est sûrement aussi bon que le miens tu as de la chance 😁	venlafaxine	DB00285	COC1=CC=C(C=C1)C(CN(C)C)C1(O)CCCCC1
1136987440445579264	0	je vais devoir me buter à la morphine avant ce soir sinon je vais pas tenir debout + de 10 min	morphine	DB00295	[H][C@@]12OC3=C(O)C=CC4=C3[C@@]11CCN(C)[C@]([H])(C4)[C@]1([H])C=C[C@@H]2O
1196766969053274112	0	livraison discrète sur Wickr :plugpusherdaker  #paris86 #paris78 #paris3 #pontoise #nanterre #creteil #versailles #Saintdenis #week #beuh #shit #cocaine #evry #melun #laval #Angers #vannes #Brest #montauban #hash #thc #methamphetamine #pillules #xanax #cristal #visitparis #thc link	cocaine~methamphetamine~xanax	DB00907~DB01577~DB00404	[H][C@]12CC[C@]([H])([C@H]([C@H](C1)OC(=O)C1=CC=CC=C1)C(=O)OC)N2C~~~CN[C@@H](C)CC1=CC=CC=C1~~~CC1=NN=C2CN=C(C3=CC=CC=C3)C3=C(C=CC(Cl)=C3)N12
1198315567075254272	0	@username Pneumonie atypique serait passée sous tavanic. Pas de maladie de système connue (pour l'instant) rein et foie ok. Pas fait de BU mais sous tavanic. Pas de crp antérieure			
1166318952542289923	0	Imaginez les gars genre Fortnite fait une MAJ où genre on construit tous comme des dépressifs sous Xanax et y'a des robots qui tirent des missiles totalement incontrables et jamais nerf correctement. Ce serait dingue qu'un jeu qui fonctionne ait ce genre d'idées	xanax	DB00404	CC1=NN=C2CN=C(C3=CC=CC=C3)C3=C(C=CC(Cl)=C3)N12
1194978719162601472	0	@username @username @username @username Franchement, va embêter celui qui lui conseille de manger des lentilles. Tu vois le mal partout, prends un Xanax ça devrait aller mieux (la je m’improvise médecin, et oui c’est de l’insolence)	mal~xanax	DB00825~DB00404	CC(C)[C@@H]1CC[C@@H](C)C[C@H]1O~~~CC1=NN=C2CN=C(C3=CC=CC=C3)C3=C(C=CC(Cl)=C3)N12
1195842045107150848	0	De plus en plus d’admission aux Urgences à cause du Xanax (alprazolam) link	xanax~alprazolam	DB00404	CC1=NN=C2CN=C(C3=CC=CC=C3)C3=C(C=CC(Cl)=C3)N12
1176468730152460288	0	Bon parce que je dois aller voir ma GM à l:opital. La pauvre elle a été opérré et à eue des des complications. Alors bon ils faut pas que je m'énerve contre elle la pauvre, en plus elle est toute shooté à la morphine et elle mange que des compotes	morphine	DB00295	[H][C@@]12OC3=C(O)C=CC4=C3[C@@]11CCN(C)[C@]([H])(C4)[C@]1([H])C=C[C@@H]2O
1195426720947548161	0	Baclofen Liquid 5mg/5ml S/F 300ML link	baclofen	DB00181	NCC(CC(O)=O)C1=CC=C(Cl)C=C1
1197197844916117504	0	Et je rappelle à cette occasion que le journaliste de Cash Investigation m’avait demandé en toute décontraction d’enregistrer en audio une réunion avec le @username #levothyrox			
1195240280565460997	0	"@username To do list de Houellebecq  - Ne plus bander  - Prendre 3 Xanax par jour  - écrire que les femmes """"ne servent qu'à baiser""""  - Prendre un viagra  - Écrire un livre sur """"l'invasion musulmane"""" (oups déjà fait)  #todolisthistoire  #todolistlittérature"	xanax~viagra	DB00404~DB00203	CC1=NN=C2CN=C(C3=CC=CC=C3)C3=C(C=CC(Cl)=C3)N12~~~CCCC1=NN(C)C2=C1N=C(NC2=O)C1=CC(=CC=C1OCC)S(=O)(=O)N1CCN(C)CC1
1194253230466838529	0	@username @username @username @username Perso, je prends ce traitement : Prozac, Tranxene, Xanax, Anafranil, Séroplex et Zoloft et sans parti pris, je confirme que la haine et la colère n'ont rien à voir. Mais je vais prendre du valium en espérant devenir intelligent comme vous.	prozac~xanax~anafranil~zoloft~valium	DB00472~DB00404~DB01242~DB01104~DB00829	CNCCC(OC1=CC=C(C=C1)C(F)(F)F)C1=CC=CC=C1~~~CC1=NN=C2CN=C(C3=CC=CC=C3)C3=C(C=CC(Cl)=C3)N12~~~CN(C)CCCN1C2=CC=CC=C2CCC2=C1C=C(Cl)C=C2~~~CN[C@H]1CC[C@@H](C2=CC(Cl)=C(Cl)C=C2)C2=CC=CC=C12~~~CN1C2=C(C=C(Cl)C=C2)C(=NCC1=O)C1=CC=CC=C1
1196108887516164096	0	@username Médicamenté veut pas dire bon traitement, jsuis bipo j'ai été lgtmps sous lamictal ça changeait à peine la donne, j'ai commencé l'abilify ma vie a changé, faut peut-être tenter un autre traitement ?	lamictal~abilify	DB00555~DB01238	NC1=NC(N)=C(N=N1)C1=C(Cl)C(Cl)=CC=C1~~~ClC1=CC=CC(N2CCN(CCCCOC3=CC4=C(CCC(=O)N4)C=C3)CC2)=C1Cl
1197137478676877313	0	Comment #PurduePharma a mis en oeuvre un plan de communication pour désinformer sur la crise des #opioids engendrée par son produit vedette l'#OxyContin link	oxycontin	DB00497	COC1=C2O[C@H]3C(=O)CC[C@@]4(O)[C@H]5CC(C=C1)=C2[C@@]34CCN5C
1197483348710612993	0	"Mon chef: """"Alors effets secondaires du Lyrica, augmentation de la libido et anorgasmie, C'EST MOCHE"	lyrica	DB00230	CC(C)C[C@H](CN)CC(O)=O
1113194655057948673	0	#Levothyrox: Ouvrons une enquête parlementaire! link via @username			
1195048647932682240	0	@username @username @username @username @username Avec du xanax fais gaffe	xanax	DB00404	CC1=NN=C2CN=C(C3=CC=CC=C3)C3=C(C=CC(Cl)=C3)N12
1129007244396433408	0	@username @username @username Mr Gaba✊🏾 ne laissons pas le champs libre à C. Trimua de raconter des #FakeNews, #mensonges  ou Polluer les auditeurs sur #France24 @username et #jeune_afrique @username #FRANCE24_FRANCE soyez juste @username @username @username  @username			
1198957420803956736	0	@username L'anime fait chialer, et est sponsorisé par Xanax.	xanax	DB00404	CC1=NN=C2CN=C(C3=CC=CC=C3)C3=C(C=CC(Cl)=C3)N12
1194590417108508677	0	@username @username Personne a dit que DQ11 a été fait en un an Célestin, retourne prendre ton Xanax.	xanax	DB00404	CC1=NN=C2CN=C(C3=CC=CC=C3)C3=C(C=CC(Cl)=C3)N12
1194278291538100225	0	@username la ventoline est un traitement chronique pour l’asthme			
1159156870449434624	0	@username Je suis non-réactif à la morphine	morphine	DB00295	[H][C@@]12OC3=C(O)C=CC4=C3[C@@]11CCN(C)[C@]([H])(C4)[C@]1([H])C=C[C@@H]2O
1198942971145662464	0	Le bond de la codéine et de la prégabaline parmi les médicaments les plus détournés via les ordonnances falsifiées!  Soyons addictovigilants en lisant le bulletin n12 link link	cod~pr	DB10861~DB00825	CC(C)[C@@H]1CC[C@@H](C)C[C@H]1O
1196835403438927873	0	@username @username @username @username @username ET  « Aucun produit autre que ceux prévus par cette règle d’exception ne peuvent être ni stockés ni délivrés au public »  ET LA VENTOLINE N'Y FIGURE PAS.	pr	DB00825	CC(C)[C@@H]1CC[C@@H](C)C[C@H]1O
1199270943547445249	0	G dit je stressais le médecin il m'a direct donné du xanax wsh c super facile à avoir enft?	xanax	DB00404	CC1=NN=C2CN=C(C3=CC=CC=C3)C3=C(C=CC(Cl)=C3)N12
1164434697361006593	0	Le journaliste est grave pas serein ! 😭😭😭😭 Besoin de Ventoline ?			
1194158563666616320	0	@username (Et le prozac l'avais pas aidé pour la boulimie non plus)	prozac	DB00472	CNCCC(OC1=CC=C(C=C1)C(F)(F)F)C1=CC=CC=C1
1196798250520662016	0	@username Je fume 😬 sinon le Xanax ça fonctionne bien aussi mais c'est un chouïa fort S'éloigner des réseaux etc et regarder un film aussi, et le magnésium aide un peu j'ai l'impression	xanax	DB00404	CC1=NN=C2CN=C(C3=CC=CC=C3)C3=C(C=CC(Cl)=C3)N12
1197021162997518336	0	livraison discrète sur Wickr me: smokequality4   #paris86 #paris78 #paris3 #pontoise #nanterre #creteil #versailles #Saintdenis #week #beuh #shit #cocaine #evry #melun #laval #Angers #vannes #Brest #montauban #hash #thc #methamphetamine #pillules #xanax #cristal #visitparis #thc link	cocaine~methamphetamine~xanax	DB00907~DB01577~DB00404	[H][C@]12CC[C@]([H])([C@H]([C@H](C1)OC(=O)C1=CC=CC=C1)C(=O)OC)N2C~~~CN[C@@H](C)CC1=CC=CC=C1~~~CC1=NN=C2CN=C(C3=CC=CC=C3)C3=C(C=CC(Cl)=C3)N12
1197369434257657856	0	@username @username @username Bref je compte sur les chercheurs, mais quand même les allergies c’est pourri. J’essaie de relativiser en pensant aux mémoires d’un mec asthmatique né en URSS qui découvre la délivrance aux USA avec sa première bouffée de Ventoline.  Ça aurait pu être pire🤷🏽‍♀️			
1130981687108804609	0	Un maire veut distribuer du viagra aux habitants pour les inciter à faire des enfants link	viagra	DB00203	CCCC1=NN(C)C2=C1N=C(NC2=O)C1=CC(=CC=C1OCC)S(=O)(=O)N1CCN(C)CC1
1150716894774779904	0	@username @username @username De toute façon vous vous indignez pour tout et n'importe quoi les féministes. Si ça te chante de me traiter de sexiste, vas-y. Rien à branler je sais que c'est faux. Toutes les féministes vous finirez sous xanax et prozac de toute façon.	fa~xanax~prozac	DB08604~DB00404~DB00472	OC1=CC(Cl)=CC=C1OC1=C(Cl)C=C(Cl)C=C1~~~CC1=NN=C2CN=C(C3=CC=CC=C3)C3=C(C=CC(Cl)=C3)N12~~~CNCCC(OC1=CC=C(C=C1)C(F)(F)F)C1=CC=CC=C1
1198019222259032065	0	@username Y'en a limite l'oxygène vient à leur manquer.. ba yo ventoline 😂			
1151032730085396480	0	@username @username Deroxat. 2 par jour.			
1196177168717537280	0	@username @username @username Prend du xanax et du lexomile, ça permet de lutter contre la dépression...	xanax	DB00404	CC1=NN=C2CN=C(C3=CC=CC=C3)C3=C(C=CC(Cl)=C3)N12
1199091937447424000	0	Sildenafil Citrate Comprimé Pelliculé Boîte De 28 Prix | Pharmaprix En Ligne link link	sildenafil	DB00203	CCCC1=NN(C)C2=C1N=C(NC2=O)C1=CC(=CC=C1OCC)S(=O)(=O)N1CCN(C)CC1
1196309580223012865	0	@username @username @username @username @username @username Oui, enfin ce n'est pas vraiment la lumière non plus. On va tous finir sous Prozac.	prozac	DB00472	CNCCC(OC1=CC=C(C=C1)C(F)(F)F)C1=CC=CC=C1
1198234210521288704	0	Quand t'oublies de prendre tes alprazolam mdrr	alprazolam	DB00404	CC1=NN=C2CN=C(C3=CC=CC=C3)C3=C(C=CC(Cl)=C3)N12
1168589367390195713	0	Reportage sur le tramadol. Là, les rugbymen comprennent le sujet pour une fois.	tramadol	DB00193	COC1=CC=CC(=C1)[C@@]1(O)CCCC[C@@H]1CN(C)C
1198851901493784576	0	@username @username @username Tu seras bien content quand je te vendrai du sildenafil	sildenafil	DB00203	CCCC1=NN(C)C2=C1N=C(NC2=O)C1=CC(=CC=C1OCC)S(=O)(=O)N1CCN(C)CC1
1194661151285661697	0	@username La France a beaucoup de retard, en Suisse on peut adapter le traitement pharmacologique par medikinet, ritaline, concerta, ou avec d’autres molécules comme l’elvanse, et même Intuniv en 3ème ligne est remboursé. Et je parle pas du retard concernant les prises en charge des TSA..	concerta~intuniv	DB00422~DB01018	COC(=O)C(C1CCCCN1)C1=CC=CC=C1~~~NC(=N)NC(=O)CC1=C(Cl)C=CC=C1Cl
1195994623233183745	0	@username @username Qui est cet abruti ? Il faut qu’il se détende, un petit xanax lui ferait du bien	xanax	DB00404	CC1=NN=C2CN=C(C3=CC=CC=C3)C3=C(C=CC(Cl)=C3)N12
1199427866745815040	0	Quand j'ai vu que le Xanax était niveau 3 et que je ne pouvais pas conduire si j'en prenais. (sachant que je peux faire une crise en pleine journée, tout en étant en dehors de chez moi) link	xanax	DB00404	CC1=NN=C2CN=C(C3=CC=CC=C3)C3=C(C=CC(Cl)=C3)N12
1177918281631621125	0	@username @username Les enfants d'enfants, c'était du naturel... mais ceux de maintenant là, y a trop d'ATTOTE et de viagra dans leurs hormones. C'est pr ça qu'ils sont si bruyants et surexcités.🤠	viagra~pr	DB00203~DB00825	CCCC1=NN(C)C2=C1N=C(NC2=O)C1=CC(=CC=C1OCC)S(=O)(=O)N1CCN(C)CC1~~~CC(C)[C@@H]1CC[C@@H](C)C[C@H]1O
1194297922873122818	0	@username Je t’aime xanax je t’aime merci jte fait des gosses	xanax	DB00404	CC1=NN=C2CN=C(C3=CC=CC=C3)C3=C(C=CC(Cl)=C3)N12
1176623948773109770	0	Un papy grossier colérique stupide et qui passe ses nerfs sur les médias plutôt que de prendre du Xanax : non, ce n'est pas Mélenchon , c'est bien #TrumpPapyGateuxAlaMecheVolante ! #ImpeachTrump  Oust, cassez-vous des démocraties les teubés !	xanax	DB00404	CC1=NN=C2CN=C(C3=CC=CC=C3)C3=C(C=CC(Cl)=C3)N12
1196753395060793344	0	@username @username @username Oui oui , oublie pas ton xanax à 15h sullivan	xanax	DB00404	CC1=NN=C2CN=C(C3=CC=CC=C3)C3=C(C=CC(Cl)=C3)N12
1194789243178115073	0	@username Y'a personne pour lui refiler un Normacol ou une dizaine de Forlax, car il a l'air très très constipé quand même !!! Faut l'aider ce machin !!	air	DB09337	
1161604495719247872	0	#LoireAtlantique : pistolet à colle, ventoline, #doudou... Ces objets volés insolites link via @username			
1195647885003624461	0	@username tu te rends compte il a externalisé une pillulle de jouvence le createur c’est KHUN et son equipe pas MERCK sereno ! il est sorti de POXEL , il est le 1er producteur mondial de metformine et il voit un produit arriver qui remplacera la metformine ! les cons !			
1163425497482768385	0	Moi à mon psychiatre cet après-midi : alors le temesta c'est très bien mais je préférais le valium niveau sensations, c'est possible de me re prescrire ça plutôt ? Haha jk......         Unless...?	pr~valium	DB00825~DB00829	CC(C)[C@@H]1CC[C@@H](C)C[C@H]1O~~~CN1C2=C(C=C(Cl)C=C2)C(=NCC1=O)C1=CC=CC=C1
1195823912006955018	0	ma musique elle est passer de eung freestyle à xanax ckoi sa	xanax	DB00404	CC1=NN=C2CN=C(C3=CC=CC=C3)C3=C(C=CC(Cl)=C3)N12
1138611831466057729	0	@username du coup tu vends des vêtements où des Xanax mdr faut te bannir de Vinted toi	xanax	DB00404	CC1=NN=C2CN=C(C3=CC=CC=C3)C3=C(C=CC(Cl)=C3)N12
1199806550283608065	0	Je trouve ça grave qu’a mon âge me baisser j’ai du mal , tout les jours j’avale de l’ibuprofene tout les jours patch de voltarene même mon sac je peut pas le porter wssshh	mal~patch	DB00825	CC(C)[C@@H]1CC[C@@H](C)C[C@H]1O
1130273982933028874	0	la vie je sors tlt avec une sacoche ms dedans y’a que ma ventoline mdrr			
1197591058902859776	0	@username non du coup au tout début je prenais de l'alprazolam puis après j'ai arrêter mon traitement et j'ai pris la sertraline plus tard	alprazolam~sertraline	DB00404~DB01104	CC1=NN=C2CN=C(C3=CC=CC=C3)C3=C(C=CC(Cl)=C3)N12~~~CN[C@H]1CC[C@@H](C2=CC(Cl)=C(Cl)C=C2)C2=CC=CC=C12
1170588202702397440	0	La douleur d’un calcul urinaire je crois que c’est une des pires qui existe, surtout quand tu tolère mal la morphine per os. Je souhaite à personne de vivre ça ....😷😷	mal~morphine	DB00825~DB00295	CC(C)[C@@H]1CC[C@@H](C)C[C@H]1O~~~[H][C@@]12OC3=C(O)C=CC4=C3[C@@]11CCN(C)[C@]([H])(C4)[C@]1([H])C=C[C@@H]2O
1197464917701472258	0	@username voltarene en creme c est pas mal !	mal	DB00825	CC(C)[C@@H]1CC[C@@H](C)C[C@H]1O
1196496735662747649	0	Le médecin m'a dit prendre un xanax sous la langue en cas de crise d'angoisse, alors g anticipé je suis juste totalement anxieuse vu que je commence mon taf bref, mais fallait prévenir que c'était + amer que la mort ?? Jai pas réussi à attendre que ça fonde le bail est immonde	xanax~pr	DB00404~DB00825	CC1=NN=C2CN=C(C3=CC=CC=C3)C3=C(C=CC(Cl)=C3)N12~~~CC(C)[C@@H]1CC[C@@H](C)C[C@H]1O
1197609946516512769	0	@username Il a du fumé ou prendre un rail de xanax ou de je ne sais quoi	xanax	DB00404	CC1=NN=C2CN=C(C3=CC=CC=C3)C3=C(C=CC(Cl)=C3)N12
1135951356265713666	0	Niger: «L'héroïne et la cocaïne c'est pour les riches. Pour les pauvres, il y a le Tramadol, la ganja et la colle» link link	tramadol	DB00193	COC1=CC=CC(=C1)[C@@]1(O)CCCC[C@@H]1CN(C)C
1153610910029746176	0	Anomalies du tube neural et traitement antirétroviral par dolutegravir (DTG) au Botswana link via @username #IAS2019 #VIH #HIV #ARV #ART link	dolutegravir	DB08930	[H][C@]12CN3C=C(C(=O)NCC4=CC=C(F)C=C4F)C(=O)C(O)=C3C(=O)N1[C@H](C)CCO2
1195764829555957760	0	@username Vite, du Ventolin pour Philippe...	ventolin	DB01001	CC(C)(C)NCC(O)C1=CC(CO)=C(O)C=C1
1196812894043869184	0	@username @username @username Va falloir prendre sa Ventoline et peut-être redescendre d’un étage hmmm			
1195643626602278913	0	@username si il y a un predateur c’est merck sereno qui pourrait changer d’avis d’ailleurs on a deja vu certaines tensions entre poxel et merck sereno au sujet de l’imeglimine ! si il y a une OPA ce sera lui ! parcequ’il est le principal producteur de la metformine au niveau mondial !			
1194175114805497856	0	@username @username D’où je cherche la confrontation ? Prend un xanax apprend à te détente et arrête de tout prendre au premier degrés ma parole	xanax	DB00404	CC1=NN=C2CN=C(C3=CC=CC=C3)C3=C(C=CC(Cl)=C3)N12
1199323511971549184	0	@username @username L'airomir c'est exactement la même molécule que la ventoline mais avec un inhalateur plus simple à utiliser, pratique pour celleux qui ont du mal avec la coordination /motricité fine etc..Tu peux même éjecter manuellement la dose sans inspirer (génial en cas de crise de panique)	airomir~mal	DB01001~DB00825	CC(C)(C)NCC(O)C1=CC(CO)=C(O)C=C1~~~CC(C)[C@@H]1CC[C@@H](C)C[C@H]1O
1144736494587916288	0	Parce que le médecin de famille de mon adolescence, homéopathe, qui a décidé que la meilleure option thérapeutique pour mes crises d'asthme était un putain de placebo sucré que je prenais consciencieusement et qui ne soulagerait rien, plutôt que de la ventoline, est un connard.			
1132221066917699584	0	MDR qui me passe un codoliprane s'il vous plaît ? Il m'a fait mal à la tête la, même un tramadol car un doliprane ça ne suffira pas du tout. Il m'a foutue une migraine des le matin, merci Twitter	mal~tramadol	DB00825~DB00193	CC(C)[C@@H]1CC[C@@H](C)C[C@H]1O~~~COC1=CC=CC(=C1)[C@@]1(O)CCCC[C@@H]1CN(C)C
1198710911667716096	0	Ptn j'dois prendre combien de Xanax pour qu'ils me fassent effet. Ossekour ça sert à rien	xanax	DB00404	CC1=NN=C2CN=C(C3=CC=CC=C3)C3=C(C=CC(Cl)=C3)N12
1176537856514363393	0	#Levothyrox : Ouvrons une enquête parlementaire ! link via @username			
1196504401134923777	0	Nacca il a pris une ventoline la ca va mieux			
1196918379245899778	0	@username @username @username on a vu! Merci!  Dommage que vous ayez bien moins perspicace sur l'affaire #Levothyrox !  #StopSecretDesAffaires			
1196049565729861634	0	@username @username merci beaucoup!! je ne sais pas encore si je serai sous seroplex ou prozac mais du coup si tu peux me dire vite fait comment ça se passe avec le seroplex actuellement ? merci merci merci!!!!	prozac	DB00472	CNCCC(OC1=CC=C(C=C1)C(F)(F)F)C1=CC=CC=C1
1198663945525104640	0	C’est que les meufs qui prennent qui xanax qui réagissent comme ça	xanax	DB00404	CC1=NN=C2CN=C(C3=CC=CC=C3)C3=C(C=CC(Cl)=C3)N12
1195709184425299968	0	Je regarde mon pulvérisateur de diclofenac depuis ce matin. J’ai envie de me pommader avec😭  Les ligaments sont torsadés Les muscles de la sangle abdominale me bipent  Les nerfs sont tendiiiiiiii	diclofenac	DB00586	OC(=O)CC1=CC=CC=C1NC1=C(Cl)C=CC=C1Cl
1194268543010983936	0	"@username @username @username J'attends le premier : """"docteur j'ai congelé mes comprimés d'euthyrox j'ai des réserves pour 10 ans"	euthyrox	DB00451	N[C@@H](CC1=CC(I)=C(OC2=CC(I)=C(O)C(I)=C2)C(I)=C1)C(O)=O
1166612645430140935	0	USA. Purdue Pharma (Oxycontin) cherche à négocier une transaction (10 à 12 milliards $) pour l'abandon des poursuites dans 2000 procès le visant dans la crise des opioïdes. link	oxycontin	DB00497	COC1=C2O[C@H]3C(=O)CC[C@@]4(O)[C@H]5CC(C=C1)=C2[C@@]34CCN5C
1140169094890762241	0	Levothyrox : _Que la trahison à ce point-là vienne de nos autorités de santé, je ne m'en remets pas_, déclare Anny Duperey  link via @username			
1196022812252741632	0	@username Généralisation des IRB après les scandales de la Thalidomide et de l'abominable étude de Tuskegee, et la montée d'exigence des éditeurs scientifiques	thalidomide	DB01041	O=C1N(C2CCC(=O)NC2=O)C(=O)C2=CC=CC=C12
1198921850530779136	0	Un exemple de coopération médecin-pharmacien. Un type pas vu depuis 2017, arrive avec 10 mn de retard à son rendez-vous, sans carte Vitale, me présentant une ordonnance d'oxycodone rédigée à la main par son médecin traitant et délivrée le 29/10. Il me raconte qu'il est en période link	pr~oxycodone	DB00825~DB00497	CC(C)[C@@H]1CC[C@@H](C)C[C@H]1O~~~COC1=C2O[C@H]3C(=O)CC[C@@]4(O)[C@H]5CC(C=C1)=C2[C@@]34CCN5C
1199345957600542722	0	J'ai eu le feu vert pour arrêter la pregabaline c'est cool 👌			
1195755993738686466	0	@username @username Teuteu. On mélange pas les deux. Le whisky ou le xanax ! Meme si je crois que vu ta/tes soucis.. ça risque rien 😬	xanax	DB00404	CC1=NN=C2CN=C(C3=CC=CC=C3)C3=C(C=CC(Cl)=C3)N12
1196246233364324358	0	@username Paxil, Zoloft, Welbutrin..?	paxil~zoloft	DB00715~DB01104	FC1=CC=C(C=C1)[C@@H]1CCNC[C@H]1COC1=CC2=C(OCO2)C=C1~~~CN[C@H]1CC[C@@H](C2=CC(Cl)=C(Cl)C=C2)C2=CC=CC=C12
1196245844615475200	0	La pire sensation c’est de perdre sa ventoline dans son lit quand tu fais une crise d’asthme 😱			
1194405147641819137	0	Je veux limite me faire mettre une perfusion de lexomil/Prozac en intraveineuse comme ça no need for sex	prozac	DB00472	CNCCC(OC1=CC=C(C=C1)C(F)(F)F)C1=CC=CC=C1
1199602227725385728	0	(pis comme ce ne sont pas du tout des ignares du réel je le prends bien parce que c'est normal que des gens si supérieurs qui ont tout pigé eux me manquent de respect, c'est dans l'ordre naturel des choses, hahaha) (passez moi un xanax merci)	xanax	DB00404	CC1=NN=C2CN=C(C3=CC=CC=C3)C3=C(C=CC(Cl)=C3)N12
1196593662236536832	0	HELP on fait quoi avec quelqu’un qui a une crise d’asthme sévère et qui a plus de ventolin au milieu de la nuit?	ventolin	DB01001	CC(C)(C)NCC(O)C1=CC(CO)=C(O)C=C1
1196816217484517377	0	@username @username @username @username C’est mon psychiatre qui a pris le relai et qui me prescrit la paroxetine. Par contre vous vous devriez prendre des anxiolytiques, boomer.	paroxetine	DB00715	FC1=CC=C(C=C1)[C@@H]1CCNC[C@H]1COC1=CC2=C(OCO2)C=C1
1197542176470769664	0	@username @username @username @username @username @username @username @username @username @username @username @username @username Sponsorisé par Xanax !	xanax	DB00404	CC1=NN=C2CN=C(C3=CC=CC=C3)C3=C(C=CC(Cl)=C3)N12
1195481065168801800	0	@username @username 😐 Eh ben! En fin de compte je suis contente que le doc m'ait prescrit de l'oxycodone au lieu de la codéïne. Ça va m'aider à me consoler.	oxycodone~cod	DB00497~DB10861	COC1=C2O[C@H]3C(=O)CC[C@@]4(O)[C@H]5CC(C=C1)=C2[C@@]34CCN5C
1199684533907533825	0	@username Zalasta                              Mollynetteuh                        🤝        cracher sur les figures pseudo-subversives	zalasta	DB00334	CN1CCN(CC1)C1=NC2=CC=CC=C2NC2=C1C=C(C)S2
1194709587427045381	0	Controle d'histoire Secher AP Boire du sprite avec du Xanax Fumer du shit Partir chez qqn  Revenir en cours avec 30 minutes de retard pcq g pas vu l'heure Les effets du shit qui revienne Mourrir a moitié en cours Revenir chez soi avec un mal de gorge extreme  Sah quelle journée	xanax~mal	DB00404~DB00825	CC1=NN=C2CN=C(C3=CC=CC=C3)C3=C(C=CC(Cl)=C3)N12~~~CC(C)[C@@H]1CC[C@@H](C)C[C@H]1O
1124757040382009352	0	Les équipes de Macron, pendant la présidentielle, se livraient à des orgies où circulait de la cocaïne au QG de campagne. Ceux qui gèrent celle de Loiseau doivent tourner au Prozac et à la bière Perlembourg de LIDL, tellement c'est déprimant. link	pr~prozac	DB00825~DB00472	CC(C)[C@@H]1CC[C@@H](C)C[C@H]1O~~~CNCCC(OC1=CC=C(C=C1)C(F)(F)F)C1=CC=CC=C1
1196737231504990210	0	à un bouton d’envoyer le message le plus risqué de ma vie j’ai besoin de ventoline et de xannax link			
1199434485181366275	0	Vous vous rappelez de ce tweet? En fait la Venlafaxine (mon traitement) créer une hypersensibilité à la caféine et j'avais oublié, ça fait qu'une heure que je vais mieux donc ça faisait 5 HEURES que mon corps était en angoisse/tachycardie 😭	venlafaxine	DB00285	COC1=CC=C(C=C1)C(CN(C)C)C1(O)CCCCC1
1199590656781537280	0	Le premier infliximab par voie sous-cutanée bientôt en pharmacie: autorisation européenne de mise sur le marché du Remsima (Celltrion) pour la polyarthrite rhumatoide (2 injections par semaine). (via @username)	infliximab~remsima	DB00065	
1195065762169401345	0	"@username @username @username @username Oui, oui et oui. Mais je me bats contre les parents inquiets comme vous, """"ah, vous ne prescrivez pas d'antibiotiques ?"""", """"J'ai déjà pris RV chez le kiné"""", et cetera. Et, comme vous le savez, mon ancienneté m'a fait prescrire ventoline sirop, corticoïdes, et AB large manu."			
1198719797367840770	0	@username @username Mdr prend du xanax mec... parce que les plus énervés ce soir c'est bien les montpelliérains... et tu répond a mon message lié au peno et vol annoncé par mohamed ... donc jte rep dans ce sens	xanax	DB00404	CC1=NN=C2CN=C(C3=CC=CC=C3)C3=C(C=CC(Cl)=C3)N12
1157016487741263873	0	Les rappeurs US ils aiment trop se défoncer aux médicaments (euphon, xanax), le prochain jpense c’est le smecta	xanax	DB00404	CC1=NN=C2CN=C(C3=CC=CC=C3)C3=C(C=CC(Cl)=C3)N12
1195895532197208065	0	Commander Cymbalta En Belgique link link	cymbalta	DB00476	CNCC[C@H](OC1=CC=CC2=CC=CC=C12)C1=CC=CS1
1164645750573273089	0	@username @username @username Il vaut mieux le valium que le delirium tremens!	valium	DB00829	CN1C2=C(C=C(Cl)C=C2)C(=NCC1=O)C1=CC=CC=C1
1161693886877786112	0	vous avez trop tendance à oublier que le xanax c’est un traitement et pas d’la drogue à usage récréatif à la base, pine ta mère et ftg link	xanax	DB00404	CC1=NN=C2CN=C(C3=CC=CC=C3)C3=C(C=CC(Cl)=C3)N12
1134445016934428677	0	@username Valeu rivotril...			
1195042352190111744	0	Je rentre xanax et dodo bye	xanax	DB00404	CC1=NN=C2CN=C(C3=CC=CC=C3)C3=C(C=CC(Cl)=C3)N12
1195021770694246401	0	"L'ère du """"ni-ni""""  Ni kiné (ni """"erricha""""), ni carbocystéine, ni trophires, ni ATB, ni salbutamol,ni...... link"	salbutamol	DB01001	CC(C)(C)NCC(O)C1=CC(CO)=C(O)C=C1
1198678158318407681	0	tuveu dla ventoline mn frr			
1198566965406846976	0	GUESS WHAT mes cachets me rendent complètement stone mdr ça me tue j'ai plus besoin de boire de paix dieu Alprazolam est mon nouveau keum	alprazolam	DB00404	CC1=NN=C2CN=C(C3=CC=CC=C3)C3=C(C=CC(Cl)=C3)N12
1196125881716166660	0	@username et selon cette bible, devinons ensemble les autres plans: plan An.. plan Bisx.. .. plan Xanax plan Yawn.. plan Zooph.	xanax	DB00404	CC1=NN=C2CN=C(C3=CC=CC=C3)C3=C(C=CC(Cl)=C3)N12
1195045602385694721	0	@username @username À mon avis la gaze juste pour protéger l’attelle c’est mieux, et sans rien, si possible évidemment, encore mieux. Il a peut être confondu avec le diclofenac qui est aussi anti inflammatoire et qui marche effectivement mieux en occlusif mais pas pour tout le monde	diclofenac	DB00586	OC(=O)CC1=CC=CC=C1NC1=C(Cl)C=CC=C1Cl
1162081168524763137	0	@username @username @username Rigole pas, bourré sous tramadol, il serait capable d'essayer de se mettre des ressorts pour faire wolwerine, à la place...	tramadol	DB00193	COC1=CC=CC(=C1)[C@@]1(O)CCCC[C@@H]1CN(C)C
1139981036840992769	0	@username prends un Xanax 💊 et détends toi 😎	xanax	DB00404	CC1=NN=C2CN=C(C3=CC=CC=C3)C3=C(C=CC(Cl)=C3)N12
1194266366733377537	0	@username C’est Stevie wsh passe lui une ventoline			
1196402044661387265	0	@username Ils sont pas tous équivalents en terme de néphrotox. Du + au - néphrotox : kétoprofène &gt; diclofénac &gt; ibuprofène &gt; naproxène. Donc je suppose que plus un AINS est néphrotox plus il a de chance d'augmenter la toxicité du métho, mais c'est qu'une supposition ...			
1197318281591435264	0	Ramenez-moi ma ventoline svp			
1165261327566299136	0	Levothyrox : polémique autour de la bioéquivalence de la nouvelle formule link #médecine			
1194586625998827520	0	En plus faut pas que j’oublie de prendre du xanax	xanax	DB00404	CC1=NN=C2CN=C(C3=CC=CC=C3)C3=C(C=CC(Cl)=C3)N12
1199360027561209856	0	@username dis toi g un pote qui tape dedans ses darons l’avais envoyer dans un centre addiction p la beuh ça lui a donner des Xanax	xanax	DB00404	CC1=NN=C2CN=C(C3=CC=CC=C3)C3=C(C=CC(Cl)=C3)N12
1145583714879123456	0	Semaine spéciale #RèglesNonDites | « On a individualisé la prise en charge de ce coût sous prétexte qu’il s’agit de l’intimité des femmes. Mais le Viagra est remboursé par la Sécu ! », s’insurge Elise Thiébaut link | Par @username et @username	pr~viagra	DB00825~DB00203	CC(C)[C@@H]1CC[C@@H](C)C[C@H]1O~~~CCCC1=NN(C)C2=C1N=C(NC2=O)C1=CC(=CC=C1OCC)S(=O)(=O)N1CCN(C)CC1
1194230855834722304	0	@username Mais ce sont de grands malades les gens. Ils feraient mieux de desserrer leur gaine, de faire aérer leurs varices et de prendre un xanax.	xanax	DB00404	CC1=NN=C2CN=C(C3=CC=CC=C3)C3=C(C=CC(Cl)=C3)N12
1197089535634673664	0	#Levothyrox L'excellente analyse d'un médecin généraliste @username @username @username @username @username @username @username @username @username @username @username @username @username @username			
1198393811392745472	0	JE VIENS D'APPRENDRE QUE ÇA REVIENT LE 2 AVRIL ?! J'ai besoin d'une ventoline #HTGAWM			
1145952329113448450	0	Super important : RT très appréciés...  J'ai besoin de parler avec quelqu'un qui a déjà été sevré de la paroxetine ? Partagez c'est extrêmement important	paroxetine	DB00715	FC1=CC=C(C=C1)[C@@H]1CCNC[C@H]1COC1=CC2=C(OCO2)C=C1
1196114122980646914	0	wsh donnez de la ventoline au mec qui filme link			
1199436511701295107	0	Sinon vu aujourd’hui en rétro le patient qui dit ne pas prendre de l’Inexium contre indiqué avec certains ARV mais de l’ésoméprazole ... #Teampharma #DCI link			
1194021323053445120	0	@username @username J’avais pensé au Voltaren en tube, mais je ne connais pas cette douleur 🤷‍♀️	voltaren	DB00586	OC(=O)CC1=CC=CC=C1NC1=C(Cl)C=CC=C1Cl
1195964886343286784	0	Encore la preuve que le rivaroxaban n’est pas un antiagrégant plaquettaire😅. Ils vont tenter combien d’essais encore ?🤷🏻‍♂️ link	rivaroxaban	DB06228	ClC1=CC=C(S1)C(=O)NC[C@H]1CN(C(=O)O1)C1=CC=C(C=C1)N1CCOCC1=O
1196421442478444544	0	@username Mon meilleur ami il révisé son bac alors qu'il était en clinique psychiatrique et sous xanax mdrrrr il a eu la meilleure note de son lycée ça fait un an je suis toujours pas remis c'est un génie.	xanax	DB00404	CC1=NN=C2CN=C(C3=CC=CC=C3)C3=C(C=CC(Cl)=C3)N12
1196473524757639171	0	Imodium lingual n’est pas aussi rapide que dans la pub quand ça arrive tu as à peine le temps de les avaler que le froc est rempli  #4mariagespour1lunedemiel	imodium	DB11074	
1195368063530610688	0	@username Ouuuuuuuiiiiiiii !!! Nous le voyons tous... Tu n'es pas seul... Néanmoins je te conseille du Xanax 8 fois par jour et prends-en 4 pour commencer et on verra comment tu te sens ensuite	xanax~ensuite	DB00404~DB11121	CC1=NN=C2CN=C(C3=CC=CC=C3)C3=C(C=CC(Cl)=C3)N12~~~CC1=CC(O)=CC(C)=C1Cl
1199683195706449920	0	@username C’est le xanax qui lui fait ça	xanax	DB00404	CC1=NN=C2CN=C(C3=CC=CC=C3)C3=C(C=CC(Cl)=C3)N12
1196487055913766912	0	@username Le Zyprexa peut faire prendre beaucoup de poids; vous pouvez surveiller la prise en vous pesant et en mesurant votre tour de taille. Heureusement la somnolence peut s’atténuer après quelques jours !	zyprexa	DB00334	CN1CCN(CC1)C1=NC2=CC=CC=C2NC2=C1C=C(C)S2
1129308891127386112	0	Une grande première pour moi : écrire le nom des traitements en Japonais.  Au Japon, la fluoxetine est interdite link	fluoxetine	DB00472	CNCCC(OC1=CC=C(C=C1)C(F)(F)F)C1=CC=CC=C1
1196926320531398657	0	@username @username @username @username @username @username @username @username @username tu cherche des infos ?..ben t en auras pas BAS DU FRONT allez a la niche un xanax et au lit..le temps que tu lises cela tu seras dans la fosse avec tes amis n ayant qu un neurone celui du fascisme	xanax	DB00404	CC1=NN=C2CN=C(C3=CC=CC=C3)C3=C(C=CC(Cl)=C3)N12
1194213567656071168	0	@username Si, si , bien sûr... Calista!!! Prozac pour la dame!!! 😂	prozac	DB00472	CNCCC(OC1=CC=C(C=C1)C(F)(F)F)C1=CC=CC=C1
1199324653203984384	0	@username Une ordonnance de prozac	prozac	DB00472	CNCCC(OC1=CC=C(C=C1)C(F)(F)F)C1=CC=CC=C1
1194792794050760705	0	Bon l'absence de xanax doit aussi jouer dans l'impossibilité à trouver le sommeil tho	xanax	DB00404	CC1=NN=C2CN=C(C3=CC=CC=C3)C3=C(C=CC(Cl)=C3)N12
1170354009544232960	0	@username Trop de Viagra ! 🤣🤣🤣🤣🤣🤣🤣	viagra	DB00203	CCCC1=NN(C)C2=C1N=C(NC2=O)C1=CC(=CC=C1OCC)S(=O)(=O)N1CCN(C)CC1
1197042579197566976	0	@username @username C le xanax qui est un médicament tdc	xanax	DB00404	CC1=NN=C2CN=C(C3=CC=CC=C3)C3=C(C=CC(Cl)=C3)N12
1196086522216353793	0	@username Prépare ton coeur et Vas y (pr3nd toujours de la ventoline on sait jamais 😭) non sérieusement il est super juste ... faut s'accrocher quoi 😭	pr	DB00825	CC(C)[C@@H]1CC[C@@H](C)C[C@H]1O
1196392243394940930	0	@username @username Ta sœur le diclofenac à dire de la merde	diclofenac	DB00586	OC(=O)CC1=CC=CC=C1NC1=C(Cl)C=CC=C1Cl
1120145756013330433	0	Wesh Arya je la voyais comme ma petite fille chérie je viens dla voir se faire dépucèler je suis au bord du gouffres wsh amené ma ventoline			
1130178801571442698	0	@username Le januvia n'est pas écrasable mais rien sur janumet. Cf Omedit Normandie	januvia~janumet	DB01261	N[C@@H](CC(=O)N1CCN2C(C1)=NN=C2C(F)(F)F)CC1=CC(F)=C(F)C=C1F
1195748557258661888	0	Oh le pôôôvre ! Viiiiiiite il faut lancer une cagnote pour des kleenex et du xanax il ne va pas s'en remettre 😂😂😂😂🤣 link	xanax	DB00404	CC1=NN=C2CN=C(C3=CC=CC=C3)C3=C(C=CC(Cl)=C3)N12
1197291108331655173	0	@username @username @username @username @username @username @username Oh la la je devrai être gentil avec Meridia mais j'en ai rien à foutre de ta gueule	meridia	DB01105	CC(C)CC(N(C)C)C1(CCC1)C1=CC=C(Cl)C=C1
1102944862142427136	0	#Levothyrox: Ouvrons une enquête parlementaire ! link via @username			
1197980245875478534	0	Une seule fois, il était 2h, elle était asthmatique et n'avait pas sa ventoline.  Je pensais seulement au cours de Annalise Keating (comment cacher un cadavre)  Breffff plussss jamais.			
1194157029855768577	0	@username @username Qu elle fasse le plein de xanax car il va repasser ! 😂😂✌	xanax	DB00404	CC1=NN=C2CN=C(C3=CC=CC=C3)C3=C(C=CC(Cl)=C3)N12
1161817044821528576	0	@username @username LE PASSIF (et le lamictal qui foutait le zbeul)	lamictal	DB00555	NC1=NC(N)=C(N=N1)C1=C(Cl)C(Cl)=CC=C1
1198272359578427392	0	@username A toutes les personnes qui m’ont dis que je faisait de la comédie pour sortir de cours mais mon dieu lisez ça. Et honnêtement vous ne savez pas ce qui se passe dans la tête des gens l’année j’ai été mise sous xanax et sous antidépresseurs alors arrêter de juger les gens quand ils	xanax	DB00404	CC1=NN=C2CN=C(C3=CC=CC=C3)C3=C(C=CC(Cl)=C3)N12
1196709069618401280	0	@username Quand j'ai écouté xanax Damage la première fois j'avais les larmes	xanax	DB00404	CC1=NN=C2CN=C(C3=CC=CC=C3)C3=C(C=CC(Cl)=C3)N12
1195685700672393216	0	@username A mon avis va falloir beaucoup plus que ça gros mdr . Voit pour du xanax en intraveineuse	xanax	DB00404	CC1=NN=C2CN=C(C3=CC=CC=C3)C3=C(C=CC(Cl)=C3)N12
1139514568596742144	0	@username @username #Levothyrox Qd le syndrome d’hystérie collective revient par la petite porte...  Les malades st donc des mystificateurs ?  Pour ma part, je ne pardonnerais jamais à @username, @username, @username ce qe j'ai dû endurer et les séquelles qui en résultent. J’exècre à jamais ces escrocs			
1197586791970279424	0	@username Il me faudra une cargaison de ventoline pour mon PC asthmatique aussi 😭			
1154373300266708994	0	@username Plus t'es vieux pire c'est. Pourtant je suis endurant j'ai été opéré un lundi le mardi je bossait mais c'était difficile de marcher de pisser la moindre erection c'était une douleure atroce la nuit j'étais réveillé par la douleur des érections nocturne j'étais sous morphine	morphine	DB00295	[H][C@@]12OC3=C(O)C=CC4=C3[C@@]11CCN(C)[C@]([H])(C4)[C@]1([H])C=C[C@@H]2O
1197978849474174978	0	Avant l’entraînement j’ai pris ma ventoline on dirait Je respirais un air pur de depuis 5milles pied	air	DB09337	
1199356667906932739	0	@username @username @username Impossible frero avec la cagole, l'ivrogne britannique, l'ultra nerveux et l'homme sous xanax	ultra~xanax	DB11121~DB00404	CC1=CC(O)=CC(C)=C1Cl~~~CC1=NN=C2CN=C(C3=CC=CC=C3)C3=C(C=CC(Cl)=C3)N12
1195062552885125122	0	Hilona elle a besoin de prendre du prozac, elle fait un burn out miskina #LMvsMonde4	prozac~burn	DB00472~DB11105	CNCCC(OC1=CC=C(C=C1)C(F)(F)F)C1=CC=CC=C1
1198343158578532355	0	@username Thé gingenbre, diclofénac epi repo...			
1196073606192742406	0	NEJM: Les patients ayant eu un TAVR réussi ont été randomisés dans un schéma thérapeutique antithrombotique à base de rivaroxaban ou à base d'antiplaquettaire. À 17 mois, la mort ou des complications thromboemboliques se sont produites plus fréquemment avec le rivaroxaban. link	rivaroxaban	DB06228	ClC1=CC=C(S1)C(=O)NC[C@H]1CN(C(=O)O1)C1=CC=C(C=C1)N1CCOCC1=O
1194719689169145856	0	Ou un câlin devant un film de noël ça peut faire l’affaire. Mais là où j’en suis on va prendre un xanax	xanax	DB00404	CC1=NN=C2CN=C(C3=CC=CC=C3)C3=C(C=CC(Cl)=C3)N12
1102995129500094470	0	#Levothyrox: Ouvrons une enquête parlementaire! link via @username			
1194709318643408897	0	Récemment Ricch Forever, Long Time et XanaX Damage link	forever~xanax	DB09536~DB00404	O=[Ti]=O~~~CC1=NN=C2CN=C(C3=CC=CC=C3)C3=C(C=CC(Cl)=C3)N12
1197922256149786626	0	@username Oui ça devrait marcher, perso j'utilise du flector quand j'ai mal aux muscles ! N'importe quelle crème anti-inflammatoire devrait faire l'affaire. Le chaud c'est bien pour les muscles ! Prend une douche bien chaude 🥺	flector~mal	DB00586~DB00825	OC(=O)CC1=CC=CC=C1NC1=C(Cl)C=CC=C1Cl~~~CC(C)[C@@H]1CC[C@@H](C)C[C@H]1O
1196051538134913025	0	Et devinez qui n'a pas du tout pris sa ventoline ? 🙃 link			
1199706486076776453	0	@username Le Seloken c'est du tartrate et les autres  du succinate			
1198179763136991232	0	1er hour de prozac jsuis un peu stressée on verra bien comment ça se passe hein uwu	prozac	DB00472	CNCCC(OC1=CC=C(C=C1)C(F)(F)F)C1=CC=CC=C1
1199372153159913480	0	@username @username Quelle est la pertinence d'Adjani sur les vaccins, de Duperey sur le Levothyrox? la même que celle de Guediguian sur la politique! ils n'ont aucune expertise.			
1196828695039750144	0	@username @username @username @username @username La ventoline, ce n'est PAS NEUTRE et ça ne se prend pas à la légère.  Je répète :   ➡️ PAS DE MÉDICAMENTS pouvant provoquer des EFFETS SECONDAIRES dans une trousse de premiers secours : ce N'est PAS une pharmacie.			
1133022757782994945	0	@username @username @username on peut laisser Metformine avec l'insuline.  Moi je passe à l'insuline en cas d'échappement et/ou en cas de dégradation de la fonction rénale			
1195418163753697287	0	@username Nom de Dieu! J'étais pas au courant. J'en blasphème J'vais fumer un prozac  😱	prozac	DB00472	CNCCC(OC1=CC=C(C=C1)C(F)(F)F)C1=CC=CC=C1
1199453115357057031	0	@username Je sais pas mais déjà j'ai eu de sacrés changements de BPM  Je savais qu'il fallait prendre un Xanax pour regarder ça 😪	xanax	DB00404	CC1=NN=C2CN=C(C3=CC=CC=C3)C3=C(C=CC(Cl)=C3)N12
1194328184604381184	0	@username je dit pas le contraire, mais tout se qui n’est pas prescrit par le médecin je préfère prendre des trucs clairement naturel, après chaque personne fait différemment, mais mon fils a des traitement de fond comme de la ventoline et c’est pas pour autant que je lui donne pas	pr	DB00825	CC(C)[C@@H]1CC[C@@H](C)C[C@H]1O
1140756857230962690	0	@username Prends du viagra	viagra	DB00203	CCCC1=NN(C)C2=C1N=C(NC2=O)C1=CC(=CC=C1OCC)S(=O)(=O)N1CCN(C)CC1
1194509640081514498	0	@username @username @username 4-10? Il faut ralentir les doses de Xanax mon ami 😭	xanax	DB00404	CC1=NN=C2CN=C(C3=CC=CC=C3)C3=C(C=CC(Cl)=C3)N12
1199392479071604737	0	Mark est d’une beauté... BLBLBLBLBLBLBLBLBLBLBL   Il me faut de la ventoline... DE LA VENTOLINE VITE !!! 😵😵			
1136780754720104448	0	Quand tu va au psy juste pour annuler ta session, mais il te prescrit du Xanax pour ta fausse dépression  link	xanax	DB00404	CC1=NN=C2CN=C(C3=CC=CC=C3)C3=C(C=CC(Cl)=C3)N12
1197642893051252736	0	@username Une femme qui doit se battre contre l’anxiété et l’addiction aux benzos.  « Xanax la guerrière »	xanax	DB00404	CC1=NN=C2CN=C(C3=CC=CC=C3)C3=C(C=CC(Cl)=C3)N12
1198970029804523521	0	J’ai pris du xanax, j’ai archi sommeil mtn alors que j’ai un partiel dans une heure 💀	xanax	DB00404	CC1=NN=C2CN=C(C3=CC=CC=C3)C3=C(C=CC(Cl)=C3)N12
1196855409329487872	0	@username Ils sont tous sous Prozac !	prozac	DB00472	CNCCC(OC1=CC=C(C=C1)C(F)(F)F)C1=CC=CC=C1
1194330687064686592	0	@username @username @username fais gaffe au xanax dans ton verres et a @username il compte te faire des trucs chelous	xanax	DB00404	CC1=NN=C2CN=C(C3=CC=CC=C3)C3=C(C=CC(Cl)=C3)N12
1197621076940992513	0	J’hésite à prendre un xanax et du coup prendre le risque de pas me lever pour mon TD ou ne rien prendre et supporter mes idées suicidaires	xanax	DB00404	CC1=NN=C2CN=C(C3=CC=CC=C3)C3=C(C=CC(Cl)=C3)N12
1196686463431249920	0	Acheter GHB, Rohypnol, Fentanyl, Codeine sirop contre la toux, Xanax, MDMA, adderall en ligne sans ordonnance!  Pour commander, contactez: Téléphone / Télégramme: +1(954)800-8833 Email: drruleoflab@username.net  Ritalin Alprazolam Ketamine Cristal meth Carfentanyl Nembutal Zolpidem link	fentanyl~codeine~xanax~adderall~ritalin~alprazolam~ketamine~zolpidem	DB00813~DB00318~DB00404~DB01576~DB00422~DB01221~DB00425	CCC(=O)N(C1CCN(CCC2=CC=CC=C2)CC1)C1=CC=CC=C1~~~[H][C@]12C=C[C@H](O)[C@@H]3OC4=C5C(C[C@H]1N(C)CC[C@@]235)=CC=C4OC~~~CC1=NN=C2CN=C(C3=CC=CC=C3)C3=C(C=CC(Cl)=C3)N12~~~C[C@H](N)CC1=CC=CC=C1~~~COC(=O)C(C1CCCCN1)C1=CC=CC=C1~~~CNC1(CCCCC1=O)C1=CC=CC=C1Cl~~~CN(C)C(=O)CC1=C(N=C2C=CC(C)=CN12)C1=CC=C(C)C=C1
1194741840764919809	0	@username @username Comment tu t'enflammes mon garçon tu devrais prendre peut être un peu de prozac... tu t'excites dans tous les sens...  Parce que toi tu t'affiches pour des abonnés? Tel un bon bouffon des réseaux sociaux? 1/2	prozac	DB00472	CNCCC(OC1=CC=C(C=C1)C(F)(F)F)C1=CC=CC=C1
1198715167363780613	0	Ptn mtnt que g ma quetiapine je repense a moi y a 15 jours et je relis mes tweets et je suis genre... Qui est cette personne... Non ce n' est pas moi pourquoi dites vous cela... Ahahah qu'il est cringe 😂😂😂😶😶😶 Je suis un homme saint voyons... Rien a voir avec cette personne.	quetiapine	DB01224	OCCOCCN1CCN(CC1)C1=NC2=CC=CC=C2SC2=CC=CC=C12
1194342972961067008	0	@username @username Je pense qu'il est sous prozac	prozac	DB00472	CNCCC(OC1=CC=C(C=C1)C(F)(F)F)C1=CC=CC=C1
1159446680070230017	0	J’aime bien l’anesthésiste de @username qui diminue ma dose de morphine alors que mes douleurs sont toujours les mêmes. Je pleure de douleur là et demain je dois rentrer chez moi. C’est pas normal.	morphine	DB00295	[H][C@@]12OC3=C(O)C=CC4=C3[C@@]11CCN(C)[C@]([H])(C4)[C@]1([H])C=C[C@@H]2O
1141257736832741377	0	@username ou pas car tu es h24 sous Xanax	xanax	DB00404	CC1=NN=C2CN=C(C3=CC=CC=C3)C3=C(C=CC(Cl)=C3)N12
1198949851431608325	0	@username link Guides d'utilisation facile de Microlax® par voie rectale en ...			
1197279921812492288	0	@username J’ai une ventoline si tu veux (fin pas là mdr)			
1194614331406716932	0	On dit que l’argent fait pas le bonheur mais imagine ta mère fait une crise d’asthme et t’as pas d’argent pour acheter d’la ventoline			
1126145751803809793	0	@username @username Plus ativan	ativan	DB00186	OC1N=C(C2=CC=CC=C2Cl)C2=C(NC1=O)C=CC(Cl)=C2
1196539022841122816	0	@username Personnellement non 3 ans après j’étais sous alprazolam	alprazolam	DB00404	CC1=NN=C2CN=C(C3=CC=CC=C3)C3=C(C=CC(Cl)=C3)N12
1196523136092721152	0	Mon chien à bouffé du xanax j’espère qu’il va pas claquer	xanax	DB00404	CC1=NN=C2CN=C(C3=CC=CC=C3)C3=C(C=CC(Cl)=C3)N12
1198370495219011584	0	J'crois ce qui me fait le plus rire c'est quand j'le quittais il répondait plus et il faisait genre il avait pris des cachets (Xanax lol 🤪) et qu'il avait fini à l'hosto  Eh pas a moi chéri son bitmoji était chez lui sur la carte	xanax	DB00404	CC1=NN=C2CN=C(C3=CC=CC=C3)C3=C(C=CC(Cl)=C3)N12
1194273953377857536	0	« On sait que Payet joue avec une ventoline. » link			
1198549860506591233	0	@username Att tu vends du xanax ?	xanax	DB00404	CC1=NN=C2CN=C(C3=CC=CC=C3)C3=C(C=CC(Cl)=C3)N12
1196089040929533953	0	@username 🙏🏿 je serai ta ventoline et je t’étrangle même si 😘			
1198960385975627776	0	@username T'es pas asmathique toi ? Mdrr va prendre ta ventoline			
1159747956142149632	0	Vous vous offusquez d’un éditorial intitulé : « Lévothyrox : un cas d’école du mépris de la parole des malades » Permettez-moi en tant que patiente et simple médecin de vous répondre.  Comment s’offusquer de la vérité ? ...  Dr Catherine NOEL   #Levothyrox link link link			
1195721980265279488	0	Heureusement que j’ai ma ventoline j’ai l’impression de courir un marathon			
1147903812830683137	0	Remettez moi sous morphine putain	morphine	DB00295	[H][C@@]12OC3=C(O)C=CC4=C3[C@@]11CCN(C)[C@]([H])(C4)[C@]1([H])C=C[C@@H]2O
1196489457819631623	0	@username @username @username @username Y'a XNX (XANAX hein mdr) aussi sur un de ses derniers albums	xanax	DB00404	CC1=NN=C2CN=C(C3=CC=CC=C3)C3=C(C=CC(Cl)=C3)N12
1199298592512589824	0	@username MDRRRR j’avais pas vu le sous-titre de mon gif. Non on parle pas de Xanax 💀 quoique dans ton cas, ça pourrait être pas mal MDRRRRR	xanax~mal	DB00404~DB00825	CC1=NN=C2CN=C(C3=CC=CC=C3)C3=C(C=CC(Cl)=C3)N12~~~CC(C)[C@@H]1CC[C@@H](C)C[C@H]1O
1171729957300686848	0	ariana a tué mac ??? Ils ont arrêté son dealer la semaine dernière qui a avoué lui avoir vendu un truc beaucoup trop fort qui en + de xanax et tout a fait son overdose. Quand vous avez rien de pertinent a dire alors vaut mieux se taire. link	mac~xanax	DB06774~DB00404	COC1=C(O)C=CC(CNC(=O)CCCC\C=C\C(C)C)=C1~~~CC1=NN=C2CN=C(C3=CC=CC=C3)C3=C(C=CC(Cl)=C3)N12
1194407350855188488	0	@username Achète moi un éventail stp. Je recharge ma ventoline			
1198739227154026496	0	@username Prend ta ventoline respire un grand coup et exprime toi bien stp merci			
1195813622217396224	0	@username @username Et ça vient me bloquer, communauté de baltringue et de fragile. Obligé de prendre du xanax pour sortir de sa chambre et ça vient parler de douleur.	xanax	DB00404	CC1=NN=C2CN=C(C3=CC=CC=C3)C3=C(C=CC(Cl)=C3)N12
1140854559352467462	0	@username @username Analyse intéressante.  Après 5 xanax je le prend à peu près bien.	xanax~pr	DB00404~DB00825	CC1=NN=C2CN=C(C3=CC=CC=C3)C3=C(C=CC(Cl)=C3)N12~~~CC(C)[C@@H]1CC[C@@H](C)C[C@H]1O
1194685719907897346	0	Quelqu'un peut-il me rappeler la psologie du Prozac ? Merci d'avance #NOPLP link	prozac	DB00472	CNCCC(OC1=CC=C(C=C1)C(F)(F)F)C1=CC=CC=C1
1174776877946429448	0	Card captor sakura sa restera mon anime favoris aucun peut le détrôner pas même kamisama hajimemashita même si mon Crush tomoe est dedans aish  😔			
1195299689605804032	0	@username @username 10 cm t'es gentille. Une année, on avait de la neige jusqu'au genoux à certains endroits. PENDANT 3 SEMAINES. 3 SEMAINES. J'AI PAS SIGNÉ POUR AVOIR LA MONTAGNE DANS L'OISE. * prend un xanax.	xanax	DB00404	CC1=NN=C2CN=C(C3=CC=CC=C3)C3=C(C=CC(Cl)=C3)N12
1197236651476566016	0	[xanax]  Quel merveille ce truc. J'étais en surcharge sensorielle (et donc insupportable parce qu'irritable++) à cause de Carrefour et des gens, mais là je flotte loiiiiin 😇	xanax	DB00404	CC1=NN=C2CN=C(C3=CC=CC=C3)C3=C(C=CC(Cl)=C3)N12
1135287104437673986	0	Un médecin m’a prescrit du Tramadol et du Valium la + des décontractant musculaires pour mon cou c’est incroyable comme j’suis pose là j’ai l’impression d’avoir fumé chacune des dreads de lil pump et d’avoir enchaîné 14 spaces cakes derrière	tramadol~valium	DB00193~DB00829	COC1=CC=CC(=C1)[C@@]1(O)CCCC[C@@H]1CN(C)C~~~CN1C2=C(C=C(Cl)C=C2)C(=NCC1=O)C1=CC=CC=C1
1196772778277572608	0	@username link Génial, je trouve pas la source, mais les EI = FLUOXETINE	fluoxetine	DB00472	CNCCC(OC1=CC=C(C=C1)C(F)(F)F)C1=CC=CC=C1
1199115408357412864	0	@username @username en PLS elle cherche sa ventoline miskine cette punchline ça doit être dur à encaisser			
1198350050209992704	0	@username Le Xanax c’est quoi ? Anti d? Va te reposer alors :/	xanax	DB00404	CC1=NN=C2CN=C(C3=CC=CC=C3)C3=C(C=CC(Cl)=C3)N12
1198680425851478016	0	"@username @username C'est vraiment une fixation que tu fais sur moi Marsallon ? tu dois avoir vraiment un emploi du temps..très vide..pour surveiller , épier une """"pauvre crétine de Gilet jaune""""  et compter les fautes :)  allez prends un xanax et dodo 😆🤓 "	xanax	DB00404	CC1=NN=C2CN=C(C3=CC=CC=C3)C3=C(C=CC(Cl)=C3)N12
1199245180618104833	0	@username @username @username Ça ressemble à ce que j'ai vécu sauf que c'était un rgo interne, 2 fois plus douloureux et pas de signes cliniques flagrants. Il a fini par la ranitidine, l inexium c'était pire. Les preuves scientifiques au sujet du bienfaits de ces médicaments sont   link	ranitidine	DB00863	CNC(NCCSCC1=CC=C(CN(C)C)O1)=C[N+]([O-])=O
1198376709353091072	0	Prendre du xanax pendant que mon démon sexuel se réveille	xanax	DB00404	CC1=NN=C2CN=C(C3=CC=CC=C3)C3=C(C=CC(Cl)=C3)N12
1158677276927713280	0	@username Oh cool la mélatonine je connaissais pas. CBD j'hésite, j'ai de mauvais souvenir de l'époque où je fumais de la weed mais j'imagine que l'effet est différent, gros trouble anxieux dps l'enfance jsuis plus habituée au xanax mais j'évite d'en prendre hors vraies crises.	cbd~xanax	DB14156~DB00404	CC1(C)C2CCC1(C)C(=O)C2~~~CC1=NN=C2CN=C(C3=CC=CC=C3)C3=C(C=CC(Cl)=C3)N12
1195054427331350530	0	@username une bonne boîte de xanax	xanax	DB00404	CC1=NN=C2CN=C(C3=CC=CC=C3)C3=C(C=CC(Cl)=C3)N12
1173722870343708672	0	: mauvais mélange comme zolpidem et fentanyl *	zolpidem~fentanyl	DB00425~DB00813	CN(C)C(=O)CC1=C(N=C2C=CC(C)=CN12)C1=CC=C(C)C=C1~~~CCC(=O)N(C1CCN(CCC2=CC=CC=C2)CC1)C1=CC=CC=C1
1197863613534367744	0	@username Je m'en doute, je m'emmène un stock de ventoline 😭			
1194330223132729345	0	@username Peut-être même que mes lèvres peuvent faire office de ventoline.			
1198330004557434881	0	oki le Lamictal c'est quand que tu fais vraiment effet parce que bon la psy m'a vendu du rêve mais ça fait plus d'un mois que je prends le traitement et je sens une toute petite amélioration :))	lamictal	DB00555	NC1=NC(N)=C(N=N1)C1=C(Cl)C(Cl)=CC=C1
1198204342194458626	0	@username @username Putain mais qui regarde ce clown sérieux ?  Je suis désolé d'être méprisant, mais ceux qui regarde TPMP vous êtes vraiment des mongoles putain  Des QI d'huître sous Prozac	prozac	DB00472	CNCCC(OC1=CC=C(C=C1)C(F)(F)F)C1=CC=CC=C1
1196332700463980545	0	Retrait des demandes d'AMM européennes de #Linhaliq et #Luxceptar #ciprofloxacine liposomale inhalée, #Kiadis rapport bénéfices-risques des deux produits négatif  link			
1194264750177304576	0	Les mystères médicaux autour de l’affaire de la nouvelle formule du Levothyrox link link			
1195351775513120776	0	@username Vis le, crois-y. La déception c'est le problème du Paroxétine de demain.			
1197525535380983810	0	en train d'essayer de survir à cette journée sans xanax pr pouvoir boire de l'alcool à la soirée tt à l'heure	xanax~pr	DB00404~DB00825	CC1=NN=C2CN=C(C3=CC=CC=C3)C3=C(C=CC(Cl)=C3)N12~~~CC(C)[C@@H]1CC[C@@H](C)C[C@H]1O
1199083961844191237	0	ils mentent pas kan ils disent que l'alprazolam ça rend débile	alprazolam	DB00404	CC1=NN=C2CN=C(C3=CC=CC=C3)C3=C(C=CC(Cl)=C3)N12
1196151986233757697	0	"de sortir de la dépression"""" XPTDRRRRR arrêtez vos xanax allez juste courir dans la rue 1h par jour !!!! Les médecins le détestent.... link"	xanax	DB00404	CC1=NN=C2CN=C(C3=CC=CC=C3)C3=C(C=CC(Cl)=C3)N12
1197613501528842240	0	@username Mais du coup ça va mettre du temps à se normaliser, on introduit quand même levothyrox pour aider ?			
1136710587025645569	0	Vous pourriez récupérer la morphine dans la cabine commentateur @username ? Ça serait cool d’avoir des gars qui font au moins semblant de vivre le match	morphine	DB00295	[H][C@@]12OC3=C(O)C=CC4=C3[C@@]11CCN(C)[C@]([H])(C4)[C@]1([H])C=C[C@@H]2O
1139731228297322498	0	"jveux d metm's ac ma tete dessus ou avec ecrit """"xanax"""" pr m'enfoncer un peu + vite vers la mort svp"	xanax~pr	DB00404~DB00825	CC1=NN=C2CN=C(C3=CC=CC=C3)C3=C(C=CC(Cl)=C3)N12~~~CC(C)[C@@H]1CC[C@@H](C)C[C@H]1O
1195273532730728449	0	@username @username Emma piqué ma blague. Satan l'habite. Donc si c'est l'Ardèche qui en tatât,  c'est palindrome, encore moins à  Sarras ou à Savas ou aucun savien n'a abusé de xanax.	xanax	DB00404	CC1=NN=C2CN=C(C3=CC=CC=C3)C3=C(C=CC(Cl)=C3)N12
1199165954330021888	0	Celltrion Healthcare reçoit une autorisation de mise sur le marché dans l'Union européenne pour la première formulation sous-cutanée au monde d'infliximab, Remsima SC™, pour le traitement des patients atteints d'arthrite rhumatoïde - link link	infliximab~remsima	DB00065	
1175046597652226052	0	C’est une affaire de gros sous et une source d’inquiétude pour les #Cameroun-ais. Le tramadol, un anti douleur dérivé de l’opium, est devenu l’ennemi public n°1.  link	tramadol~opium	DB00193~DB11130	COC1=CC=CC(=C1)[C@@]1(O)CCCC[C@@H]1CN(C)C
1153391065573023746	0	Oui bg je peux te donner du viagra mais c'est bizarre qd même mais azi trql bg jtm	viagra	DB00203	CCCC1=NN(C)C2=C1N=C(NC2=O)C1=CC(=CC=C1OCC)S(=O)(=O)N1CCN(C)CC1
1198752954989330434	0	@username Je sais plus ???????????? (Ça illustre bien mon propos) je dirai Alprazolam je crois	alprazolam	DB00404	CC1=NN=C2CN=C(C3=CC=CC=C3)C3=C(C=CC(Cl)=C3)N12
1198343355006099461	0	#HorreursMedicamenteuses   #PasDeDividendesSurMaSante  #Levothyrox			
1197217848059482112	0	@username Xanax + brintellix qui a l'air d'être un truc pour les personnes avec qui les autres AD ne marchent pas	xanax~brintellix~air	DB00404~DB09068~DB09337	CC1=NN=C2CN=C(C3=CC=CC=C3)C3=C(C=CC(Cl)=C3)N12~~~CC1=CC=C(SC2=CC=CC=C2N2CCNCC2)C(C)=C1
1133759919923048448	0	L’affaire du #Mediator, des pilules troisième génération, de la Depakine, du Levothyrox, de l’Androcur… À chaque fois, les #femmes sont les plus touchées. @username link	androcur	DB04839	[H][C@@]12C[C@]1([H])[C@@]1(C)C(=CC2=O)C(Cl)=C[C@@]2([H])[C@]3([H])CC[C@](OC(C)=O)(C(C)=O)[C@@]3(C)CC[C@]12[H]
1137698920207966209	0	@username T’es cinglé, quand j’avais eu mon opération je devais en prendre, même si j’avais un truc sa me fesait tournée la tête j’me sentais partir en étant allongé ! C’est de l’opioïde dedans (dérivé de la morphine)	morphine	DB00295	[H][C@@]12OC3=C(O)C=CC4=C3[C@@]11CCN(C)[C@]([H])(C4)[C@]1([H])C=C[C@@H]2O
1198249604556427266	0	@username Un petit xanax avant les matchs pour votre joueur 😉 sa va le détendre	xanax	DB00404	CC1=NN=C2CN=C(C3=CC=CC=C3)C3=C(C=CC(Cl)=C3)N12
1197244597929488384	0	est ce que pour calmer mon stress je bascule sur de la vodka ou mon alprazolam ce soir 🤔🤔🤔🤔🤔🤔🤔	alprazolam	DB00404	CC1=NN=C2CN=C(C3=CC=CC=C3)C3=C(C=CC(Cl)=C3)N12
1145100792652865536	0	Les meufs asthmatiques ne devraient pas avoir droit à l’amour à la demande de mariage elle va faire une crise d’asthme et mourir bêtement parce qu’elle a pas ramené sa ventoline link			
1196547795735498752	0	Quand y'a embrouille ils prennent de la ventoline			
1197802987202191365	0	@username C pas le nez c’est au niveau des poumons surement da ame louma allergie si neik bi seretide bi ladone dieul mais amatoumako😭			
1194538067555749888	0	Je vois pas ce que vient faire JLM dans ce commentaire,sur le couple diabolique de l’Élysée ?? C’est terrible l’obsession,prenez une camomille et un Xanax link	xanax	DB00404	CC1=NN=C2CN=C(C3=CC=CC=C3)C3=C(C=CC(Cl)=C3)N12
1178760422360588289	0	@username @username essaie morphine et toxic biohazard dans les keyboard t’as pas mal de truc pas trop mauvais	morphine~mal	DB00295~DB00825	[H][C@@]12OC3=C(O)C=CC4=C3[C@@]11CCN(C)[C@]([H])(C4)[C@]1([H])C=C[C@@H]2O~~~CC(C)[C@@H]1CC[C@@H](C)C[C@H]1O
1195533026257784833	0	@username Ptdrrr le: marwane quand il a des heures de colle, il vient avec sa colle UHU j'étais a bout de soufle il me fallait de la ventoline carrément			
1197800071401803776	0	Le xanax il m'a assommé	xanax	DB00404	CC1=NN=C2CN=C(C3=CC=CC=C3)C3=C(C=CC(Cl)=C3)N12
1199656494935027712	0	Rupture de stock du Levothyrox: des Marocains craignent pour leur santé link via @username			
1199729958869962753	0	@username @username Et donc je pense qu’il faudrait prescrire du Seloken...			
1194106715886764033	0	@username Je prends aussi deroxat, ça ne m'empêche pas d'avoir des rechutes :( courage !			
1196728272664637441	0	@username @username Que de vessie? Y a le reste aussi. Pub pour Fuca, Imodium, ...	imodium	DB11074	
1172616123529007104	0	mais mon dieu quel appartement froid et impersonnel, il sent la mort et l’addiction au prozac	prozac	DB00472	CNCCC(OC1=CC=C(C=C1)C(F)(F)F)C1=CC=CC=C1
1198292103572467712	0	"Donc y'a @username qui lance un sac de grenades sous un pont pour chasser le troll et y'en a pas un pour ne pas partir au 1er degré.   On parle de Stéphane """"AF447 (link)"""" Guillon et vous prenez encore ses tweets au 1er degré.  Prenez un Xanax !"	xanax	DB00404	CC1=NN=C2CN=C(C3=CC=CC=C3)C3=C(C=CC(Cl)=C3)N12
1195083287418613766	0	@username @username Ouaipe... chez nous aussi le pharmacien passe... -Qui c’est qu’a prescrit d’la ventoline en bains de siège??? -arf.. c’est nous mais on a eu du mal le logiciel voulait pas ca nous a pris 10 mi pour contourner les blocages.. .... 😎	mal	DB00825	CC(C)[C@@H]1CC[C@@H](C)C[C@H]1O
1194403125408489478	0	@username Ouaip il fait du sport de temps en temps et on lui a pas acheté de ventoline depuis au moins 6ans	sport	DB11064	CC1CC(CC(C)(C)C1)OC(=O)C1=C(O)C=CC=C1
1139561405114408961	0	eh @username @username dans les alternatives, vous pouvez en retirer 5, donc la moitié, de votre article... Et au passage, allez faire un tour sur ANSM alternative Levothyrox. C'est pas sérieux ce que vous écrivez...			
1194335823958700032	0	@username Café très fort, c'était le remède du temps de ma grand-mère.  Je sais que le Che prenait de l'adrénaline, ça devait être le remède avant la ventoline. Peut-être qu'en matant un film d'horreur... ?  Sinon, bien sûr, ne pas jouer avec ça: faire le 15.			
1156959034186092551	0	@username @username Faut que je m'y mette aussi. Le Xanax vous me le conseillez avant ou après ?	xanax	DB00404	CC1=NN=C2CN=C(C3=CC=CC=C3)C3=C(C=CC(Cl)=C3)N12
1196716770771570688	0	@username bah i m'ont donné du xanax pour essayer d'aider a dodo ba ça a pas marché	xanax	DB00404	CC1=NN=C2CN=C(C3=CC=CC=C3)C3=C(C=CC(Cl)=C3)N12
1162285070423453696	0	La légende dit que s’il sait que tu lâches des tweets aussi éclatés il te met sous Haldol et Xanax sans discussion possible.   Twittophobe le gars. Honteux.	haldol~xanax	DB00502~DB00404	OC1(CCN(CCCC(=O)C2=CC=C(F)C=C2)CC1)C1=CC=C(Cl)C=C1~~~CC1=NN=C2CN=C(C3=CC=CC=C3)C3=C(C=CC(Cl)=C3)N12
1159133105497804800	0	hâte de voir le xanax ça fait quoi	xanax	DB00404	CC1=NN=C2CN=C(C3=CC=CC=C3)C3=C(C=CC(Cl)=C3)N12
1174771990349176832	0	Sah, cette petite partie de Twitter c'est celle qui me fume le plus.  Le xanax Twitter, le FC dépressif je fume pour oublier, la team je tape poing dans le mur quand bae me provoque ou que j'ai plus de weed. 😭	xanax	DB00404	CC1=NN=C2CN=C(C3=CC=CC=C3)C3=C(C=CC(Cl)=C3)N12
1194937805388107776	0	@username @username @username @username @username @username Oui, mais dans la plupart des cas, l'indication n'apparait pas sur l'ordo. Tout le monde ne sait pas à quoi sert le xeroquel ou le sildenafil (bon, on peut toujours aller voir sur internet mais ça demande une démarche active)...	sildenafil	DB00203	CCCC1=NN(C)C2=C1N=C(NC2=O)C1=CC(=CC=C1OCC)S(=O)(=O)N1CCN(C)CC1
1166637977860214787	0	Tozeur : Saisie de comprimés de viagra d’une valeur de 455 000 dinars  link	viagra	DB00203	CCCC1=NN(C)C2=C1N=C(NC2=O)C1=CC(=CC=C1OCC)S(=O)(=O)N1CCN(C)CC1
1158016419902251009	0	Si je vends du faux viagra, est-ce que je contrebande ?? link	viagra	DB00203	CCCC1=NN(C)C2=C1N=C(NC2=O)C1=CC(=CC=C1OCC)S(=O)(=O)N1CCN(C)CC1
1152590568276602880	0	J’invite les personnes m’insultant sur mon poids a prendre de la cortisone pendant 14 mois sur une hypothyroidie qui dure va et viens depuis 2011,des traitements medicaux variés, des carences et du cymbalta et a reussir a ne ps prendre de poids avant de m’insulter sur mon corps. link	cortisone~cymbalta~ps	DB14681~DB00476~DB00825	[H][C@@]12CC[C@](O)(C(=O)CO)[C@@]1(C)CC(=O)[C@@]1([H])[C@@]2([H])CCC2=CC(=O)CC[C@]12C~~~CNCC[C@H](OC1=CC=CC2=CC=CC=C12)C1=CC=CS1~~~CC(C)[C@@H]1CC[C@@H](C)C[C@H]1O
1197480209353707530	0	@username @username @username @username @username @username @username @username @username @username - OCEAN: Rivaroxaban vs. Aspirin 1yr+ post-ablation FA sans récidive (Holter) link  - ARTESiA: Apixaban vs Aspirin - FA détectée par PM/DAI (min 6 minutes - max 24h) link	rivaroxaban~aspirin~fa~apixaban	DB06228~DB00945~DB08604~DB06605	ClC1=CC=C(S1)C(=O)NC[C@H]1CN(C(=O)O1)C1=CC=C(C=C1)N1CCOCC1=O~~~CC(=O)OC1=CC=CC=C1C(O)=O~~~OC1=CC(Cl)=CC=C1OC1=C(Cl)C=C(Cl)C=C1~~~COC1=CC=C(C=C1)N1N=C(C(N)=O)C2=C1C(=O)N(CC2)C1=CC=C(C=C1)N1CCCCC1=O
1139991276005314562	0	"Levothyrox : """"Que la trahison à ce point-là vienne de nos autorités de santé, je ne m'en remets pas"""", déclare Anny Duperey link"			
1125329435375427584	0	avec l'écologie de quartier semeuse de coquelicots qui vont beaucoup rire les bouseux cultivateurs (ou pas^^) fini le xanax fini le cancer tu banderas dur retour de l'être aimé gain au loto et tout	xanax~aim	DB00404~DB09484	CC1=NN=C2CN=C(C3=CC=CC=C3)C3=C(C=CC(Cl)=C3)N12~~~[Na+].[Na+].[O-]P([O-])(F)=O
1198537470431891458	0	@username @username @username @username @username @username @username @username @username @username @username @username @username @username @username @username @username @username @username @username @username @username @username @username @username @username @username @username @username Non, ils participent à l'apport de matière première pour le jardinet vegan de la caserne. Une pelle pour creuser les latrines, un stock de Forlax et hop !			
1198698060781625344	0	C’est moi ou l’OM ils jouent au foot depuis quelques matchs. Avant je regardais leur match avec une lame de rasoir et du prozac	prozac	DB00472	CNCCC(OC1=CC=C(C=C1)C(F)(F)F)C1=CC=CC=C1
1199251393082736640	0	@username bah en fait déjà que jsuis asthmatique sévère et que jsuis tombée malade une engine jpense bah c comme si mes poumons étaient bouchés genre j’arrivais plus dutout à respirer mm avec 837382 doses de ventoline			
1143839775553667073	0	@username Lance un viagra avec un logo de biker. Ça s'appellera MotoRaide.  ... pardon.	viagra	DB00203	CCCC1=NN(C)C2=C1N=C(NC2=O)C1=CC(=CC=C1OCC)S(=O)(=O)N1CCN(C)CC1
1196516205605085185	0	@username Gros arrête le xanax wallah t trop défoncé	xanax	DB00404	CC1=NN=C2CN=C(C3=CC=CC=C3)C3=C(C=CC(Cl)=C3)N12
1150883102484520960	0	donnez moi ma ventoline, il y a tous mes stéréotypes dans la vidéo, un gars que je connais, un gars que je que j'ai déjà vu sur ytb			
1198333010745147393	0	J'ai jamais connue une angoisse aussi profonde et douloureuse. Tout le Xanax du monde n'y changerait strictement rien.	xanax	DB00404	CC1=NN=C2CN=C(C3=CC=CC=C3)C3=C(C=CC(Cl)=C3)N12
1146421730359033856	0	@username c'est quoi cette pensée là t'es sous xanax ou quoi	xanax	DB00404	CC1=NN=C2CN=C(C3=CC=CC=C3)C3=C(C=CC(Cl)=C3)N12
1198049542312120321	0	@username Adderall on double dose.	adderall	DB01576	C[C@H](N)CC1=CC=CC=C1
1195149523187843077	0	Allez va te coucher prend un xanax sa suffit maintenant. Va dormir t'en a besoin. link	xanax	DB00404	CC1=NN=C2CN=C(C3=CC=CC=C3)C3=C(C=CC(Cl)=C3)N12
1197583638017302528	0	Dita quand elle parle on dirait qu’elle est sous xanax #lmvslrdm4	xanax	DB00404	CC1=NN=C2CN=C(C3=CC=CC=C3)C3=C(C=CC(Cl)=C3)N12
1141743244319121409	0	link Madame Macron nourrit bien souvent le président avec des recettes au Cannabis ! Les Laxismes vis-à-vis du Cannabis, Morphine et le Goût du Pouvoir Croyez-vous que l’opinion publique est aujourd’hui bien informée sur le sujet? Que chacun fasse ce qu’il sait link	pr~morphine	DB00825~DB00295	CC(C)[C@@H]1CC[C@@H](C)C[C@H]1O~~~[H][C@@]12OC3=C(O)C=CC4=C3[C@@]11CCN(C)[C@]([H])(C4)[C@]1([H])C=C[C@@H]2O
1199033585711407106	0	@username @username Je prends la Fluoxetine pour la dépression à la base... peut-être pour ça qu'on est pas passé à autre chose	fluoxetine	DB00472	CNCCC(OC1=CC=C(C=C1)C(F)(F)F)C1=CC=CC=C1
1153744855132233728	0	@username Haristone-Promethazine   Népal-Rien d’special Lost-Passe la mallette	promethazine	DB01069	CC(CN1C2=CC=CC=C2SC2=CC=CC=C12)N(C)C
1199652036473696256	0	@username oh jure jsuis aussi sous xanax maintenant	xanax	DB00404	CC1=NN=C2CN=C(C3=CC=CC=C3)C3=C(C=CC(Cl)=C3)N12
1124982335773057025	0	OK. J'espère la sécurité ils vont pas me virer ma ventoline parce que je vais en avoir grave besoin.			
1138176217365065728	0	L’album de Future c’est vraiment trop écoutez le!!! j’ai pas mangé une gifle par un album comme ça depuis un moment Xanax Damage / Love Thy Ennemis wow je sais même pas quoi dire wsh c’est incroyable	xanax	DB00404	CC1=NN=C2CN=C(C3=CC=CC=C3)C3=C(C=CC(Cl)=C3)N12
1155117315425480704	0	Il m'est arrivé un truc qui aurait pu être très grave. A droite ma prep, a gauche la pharmacienne s'est gourée en beauté et m'a filé du tenofovir disoproxil sans Emtricitabine. En gros elle a filé un traitement inefficace me laissant sans protection tout en croyant être protégé. link	tenofovir~emtricitabine~protection	DB14126~DB00879~DB02325	C[C@H](CN1C=NC2=C1N=CN=C2N)OCP(O)(O)=O~~~NC1=NC(=O)N(C=C1F)[C@@H]1CS[C@H](CO)O1~~~CC(C)O
1135577084733087746	0	Bon bas voila fini le tramadol j ai une petite tension donc 5 Jours sous Perf repos dodo pas de sorti, pas de sex ...merci pour vos messages 😘	tramadol	DB00193	COC1=CC=CC(=C1)[C@@]1(O)CCCC[C@@H]1CN(C)C
1144953933686816768	0	@username @username alors petite devinette, pourquoi les preneurs de viagra sont presque tous chauves ?	viagra	DB00203	CCCC1=NN(C)C2=C1N=C(NC2=O)C1=CC(=CC=C1OCC)S(=O)(=O)N1CCN(C)CC1
1196404636971913216	0	#Evreuxnormandie donne la parole à la #Santé : Quand je vois certains médecins prescrire #Ventoline-#Flixotide-#Amoxicilline-#Helicidine-#Pivalone-Solupred, je me demande si le trou de la sécu, ça les excite pas plutôt qu’autre chose. link			
1173697540518240256	0	26- Le bonava 🇲🇷   C’est un ragoût traditionnel d'agneau et pommes de terre de la Mauritanie, link			
1166619883616034817	0	@username Cetirizine hydrochloride	cetirizine	DB00341	OC(=O)COCCN1CCN(CC1)C(C1=CC=CC=C1)C1=CC=C(Cl)C=C1
1196079309372510210	0	"l'affaire Levothyrox au coeur des autorités de santé, de son déclenchement en août 2017 à son départ de l'agence fin novembre 2018. Durant ces seize mois, il a été un témoin privilégié des multiples dysfonctionnements.""""  link"			
1199482530883350529	0	pristiq week 6: link	pristiq	DB06700	CN(C)CC(C1=CC=C(O)C=C1)C1(O)CCCCC1
1198948883117871109	0	@username Alprazolam il ft parti des benzoflex ou pas ? J'avais ça avant	alprazolam	DB00404	CC1=NN=C2CN=C(C3=CC=CC=C3)C3=C(C=CC(Cl)=C3)N12
1131931693491904512	0	@username @username @username @username @username @username @username parmi mes irritants quotidiens: devoir compléter plusieurs demandes de médicaments d'exception par jour pour prescrire la duloxétine, efficace pour traiter la douleur et éviter les opioïdes, alors que des statines (inutiles à &gt;85 ans) sont prescrites par millions et sans problème			
1196112130296176640	0	@username @username @username Merci pour les nouveaux abdo, mais la va falloir me faire livrer de la ventoline et des mouchoir parce que je pleure de rire et je m'étouffe en même temps HAHAHAHAHAH			
1152555497310081024	0	En suite on a xanax un max pr rester dans la foncdé tt la soirée pareil ca sert juste a te faire planer et t'as des grosses montée d'amour	xanax~pr	DB00404~DB00825	CC1=NN=C2CN=C(C3=CC=CC=C3)C3=C(C=CC(Cl)=C3)N12~~~CC(C)[C@@H]1CC[C@@H](C)C[C@H]1O
1194247981614194688	0	j’ai dis à ma mère jv en boîte elle me dis « t’as intérêts à ramener ta ventoline surtout hein »  ptdrrr			
1194225955507712000	0	@username Honnêtement pour mon retour de Chine j'ai pris du Gin et un genre de Xanax j'ai dormi tout le trajet c'était génial mdrr	xanax	DB00404	CC1=NN=C2CN=C(C3=CC=CC=C3)C3=C(C=CC(Cl)=C3)N12
1199401462289313792	0	@username @username @username Préférer, dans ce cas-là, l’imodium anatolium, une prescription radicale et personnalisée !	pr~imodium	DB00825~DB11074	CC(C)[C@@H]1CC[C@@H](C)C[C@H]1O
1199433418590830595	0	@username Des chèvres. Le troupeau de chèvres le plus cher de la planète. Tous les ans le mm cirque... sérieux t’as pris ton prozac et ton rdv chez le psy? Parce que là ça va être compliqué 😘	prozac	DB00472	CNCCC(OC1=CC=C(C=C1)C(F)(F)F)C1=CC=CC=C1
1196541757061836800	0	Heureusement qu'il y a la paroxétine pour compenser les effets secondaires hein.  -___________- #DesSiouxPourLaRechercheSVP			
1103002309867520000	0	@#Levothyrox: Ouvrons une enquête parlementaire! link via @username			
1198863727518461952	0	Un jour il faut que je fasse un thread sur le xanax mais pas mtn	xanax	DB00404	CC1=NN=C2CN=C(C3=CC=CC=C3)C3=C(C=CC(Cl)=C3)N12
1151949290379644929	0	@username @username quel intérêt de prescrire du millepertuis vs paroxétine? (vraie question j'ai pris les 2)			
1194651186625990662	0	@username Basically j’étais censée avoir une angine blanche jusque là trql j’ai du mal à avaler mais le docteur me donne des antibiotiques. Ce matin je me réveille : impossible de respirer sans ma ventoline, impossible de parler ou manger. Ne serait-ce que boire de l’eau je pelure mdr	mal	DB00825	CC(C)[C@@H]1CC[C@@H](C)C[C@H]1O
1197981625461673991	0	@username Je suis sorti, j'ai cherché une pharmacie de garde et quand j'ai trouvé au niveau de mokolo il n'y avait plus de ventoline. J'avais peur de rentrer à la maison gar, je me suis assis dans un snack, j'ai pris une Booster puis quand je suis rentré je l'ai trouvé  sur le lit propre🙏			
1196560153694396416	0	LEVOTHYROX : le Tribunal administratif refuse la réquisition du Lévothyrox avec lactose fabriqué à Bourgoin-Jallieu link	lactose	DB04465	OC[C@H]1O[C@@H](O[C@H]2[C@H](O)[C@@H](O)C(O)O[C@@H]2CO)[C@H](O)[C@@H](O)[C@H]1O
1194597586969276416	0	STS Sold Out, prépare ta ventoline 😂	pr	DB00825	CC(C)[C@@H]1CC[C@@H](C)C[C@H]1O
1198174527160770560	0	C'est des ouf, ils ont failli me tuer et j'avais pas de ventoline			
1196557794046021632	0	@username @username @username @username La Paroxétine? Effet anxiolytique? Vous êtes pas sérieuse quand même ? 🤦‍♀️			
1197982032435003397	0	@username Bienvenue dans le FC Levothyrox			
1199305856749375493	0	Levothyrox: les pharmaciens dénoncent une répartition inéquitable link #Medias24			
1199054600155873280	0	Ah oui, l'humain n'a pas la place dans ces affaires ! Ils s'en contrefichent ces gens là...sinon ils seraient venus au secours de toutes les personnes en souffrance dans l'affaire #levothyrox , entre autre...			
1140122628868464640	0	La codeine est un dérivé morphinique qui se transforme en morphine dans le corps via des enzymes = métabolisation  Certaines populations metabolisent +/- rapidement la cod= accumulation de morphine ou cod dans le sang = toxicité = mort   Ne jouez pas avec les médicaments link	codeine~morphine~cod	DB00318~DB00295~DB10861	[H][C@]12C=C[C@H](O)[C@@H]3OC4=C5C(C[C@H]1N(C)CC[C@@]235)=CC=C4OC~~~[H][C@@]12OC3=C(O)C=CC4=C3[C@@]11CCN(C)[C@]([H])(C4)[C@]1([H])C=C[C@@H]2O
1133359017336745985	0	Je viens de contacter Stade de France à propos des sacs, ceux qui ont des traitement exemple la ventoline si le jour J vous avez un sac il faut le signaler que vous avez un traitement dans votre sac et que vous devez le garder avec vous :)			
1196088706156912647	0	@username Malheureusement, l’anticipation a dû être faite et c’est logique. Pour ceux qui ont simulé aux débuts de #ensap comme moi, je confirme car  je suis passé de plus de 2100€ à 1318€ (départ à 64 ans). J’avais pas pris du Xanax. Et ça fait mal !	xanax~mal	DB00404~DB00825	CC1=NN=C2CN=C(C3=CC=CC=C3)C3=C(C=CC(Cl)=C3)N12~~~CC(C)[C@@H]1CC[C@@H](C)C[C@H]1O
1197922166207070208	0	A la recherche des gens qui ont déjà pris de la fluoxetine ou qui commence	fluoxetine	DB00472	CNCCC(OC1=CC=C(C=C1)C(F)(F)F)C1=CC=CC=C1
1196871640937902086	0	frr qui transpire en automne qd il fait 4 degré wsh bah moi, et pk?? psk jsuis anxieuse voilà donnez du Xanax je rigole plus là	xanax	DB00404	CC1=NN=C2CN=C(C3=CC=CC=C3)C3=C(C=CC(Cl)=C3)N12
1171302220048011264	0	"@username Protégeons nous donc alors contre les préceptes du WWF ! 😂 Sérieusement, le mot lobby à toutes les sauces, c'est un peu la facilité de """"penser"""". Je ne sais pas moi, respirez, prenez un peu de prozac, vous m'avez l'air sérieusement asphyxié d'idées reçues. link"	pr~prozac~air	DB00825~DB00472~DB09337	CC(C)[C@@H]1CC[C@@H](C)C[C@H]1O~~~CNCCC(OC1=CC=C(C=C1)C(F)(F)F)C1=CC=CC=C1
1198887502783959040	0	Apportez moi une  ventoline svp			
1198513911366062080	0	Maman : Y'en a 7 quand même...😳 Papa : Ouaip !! 😶 Maman : On ne va pas s'ennuyer 😬 Papa : Je vais chercher un boulot en plus... Maman : Ah ouais?? Durdur 😰 Papa : Pense à envoyer ta lettre  de démission... 🤓 Maman : ... Papa : et le psy,  Xanax n'est livré que sur ordo😉😘😘 link	xanax	DB00404	CC1=NN=C2CN=C(C3=CC=CC=C3)C3=C(C=CC(Cl)=C3)N12
1196399615039266816	0	Mec j’ai pris 3 Xanax et je m’explose comme un kamikaze. Tramadol je ne panique pas	xanax~tramadol	DB00404~DB00193	CC1=NN=C2CN=C(C3=CC=CC=C3)C3=C(C=CC(Cl)=C3)N12~~~COC1=CC=CC(=C1)[C@@]1(O)CCCC[C@@H]1CN(C)C
1196028534524907526	0	@username Lu je t’adore tu me fais trop rire qd tu boude j’ai besoin d’une ventoline ok ?			
1196882158801096706	0	les gars je suis tellement heureuse en ce moment littéralement ma 3ème et seconde étaient mes pires années j’avais énormément de problèmes dont la mutilation et des pensées suicidaires j’étais seule et vide je prenais des xanax à côté de la clope et parfois alcool -	xanax	DB00404	CC1=NN=C2CN=C(C3=CC=CC=C3)C3=C(C=CC(Cl)=C3)N12
1197172556140306432	0	@username Le chemin où je suis obligée de prendre la ventoline pour arriver vivante en haut 😅			
1198650959406256129	0	Bon, j’ai acheté du valium. Je n’ai plus rien à la maison, ni subutex, ni tramadol, ni weed.	valium~subutex~tramadol	DB00829~DB00921~DB00193	CN1C2=C(C=C(Cl)C=C2)C(=NCC1=O)C1=CC=CC=C1~~~CO[C@]12CC[C@@]3(C[C@@H]1[C@](C)(O)C(C)(C)C)[C@H]1CC4=C5C(O[C@@H]2[C@@]35CCN1CC1CC1)=C(O)C=C4~~~COC1=CC=CC(=C1)[C@@]1(O)CCCC[C@@H]1CN(C)C
1194661249298161665	0	"@username Là le débat il est au niveau de """"quelle info on présente au public ?"""" Tu te souviens y'a quelques temps de """"l'affaire du Levothyrox"""", on a laissé des assis de patients complètement jettter et des actrices ratées dire que c'était l'apocalypse"	bat~pr	DB13903~DB00825	CC(C)[C@@H]1CC[C@@H](C)C[C@H]1O
1194931765560954881	0	Je prend casi plus de Xanax je suis grv heureux	xanax	DB00404	CC1=NN=C2CN=C(C3=CC=CC=C3)C3=C(C=CC(Cl)=C3)N12
1195343701150707712	0	@username Un autre petit prozac peut être ......😇😇😇	prozac	DB00472	CNCCC(OC1=CC=C(C=C1)C(F)(F)F)C1=CC=CC=C1
1175700128172257280	0	PPPPPTTDDRR Même Les Charos Ils Ken Pas Les Prostitué(e)s Je Pleure Comme Elles Sont Contaminées Elles Sont Piquées A La Morphine et Les Charognards Peuvent Pas Les Devorer Satan S’En Occupe	morphine	DB00295	[H][C@@]12OC3=C(O)C=CC4=C3[C@@]11CCN(C)[C@]([H])(C4)[C@]1([H])C=C[C@@H]2O
1196534710387781633	0	@username @username Esra si on lui enlève snap 2 h il lui faut une ventoline			
1198067271911931904	0	@username Le Prozac.	prozac	DB00472	CNCCC(OC1=CC=C(C=C1)C(F)(F)F)C1=CC=CC=C1
1195405925210902528	0	Faut quand même se dire que BTS seront présents aux MMA le 30 Novembre mais aussi aux MAMA le 4 décembre. Ils nous ont forcément préparés des performances de folie et on aura à peine le temps de se remettre des MMA que 4j après on les verra aux MAMA  Préparez la ventoline	pr	DB00825	CC(C)[C@@H]1CC[C@@H](C)C[C@H]1O
1195109515630432257	0	Toi prend un xanax rend toi service va voir un psy. Ta pas l'air bien dans ta vie link	xanax~air	DB00404~DB09337	CC1=NN=C2CN=C(C3=CC=CC=C3)C3=C(C=CC(Cl)=C3)N12
1127197170543857664	0	Vous auriez pas une boîte de xanax plutôt ? link	xanax	DB00404	CC1=NN=C2CN=C(C3=CC=CC=C3)C3=C(C=CC(Cl)=C3)N12
1196514460346785794	0	Mon insta on dirait l’insta d’une meuf qui se défonce au xanax j’ai les nerfs	xanax	DB00404	CC1=NN=C2CN=C(C3=CC=CC=C3)C3=C(C=CC(Cl)=C3)N12
1129485243709370368	0	🔴 [RÉCHAUFFEMENT CLIMATIQUE] Alerte canicule dans le bassin lyonnais avec un gros pic de chaleur au niveau du CA du laboratoire Boiron qui a déclenché le mode panique de niveau 4. Hydratez-vous bien pour compenser la transpiration, voire prenez un bon vieux Xanax allopathique. link	xanax	DB00404	CC1=NN=C2CN=C(C3=CC=CC=C3)C3=C(C=CC(Cl)=C3)N12
1175422616234016769	0	Il ajoute un IRSNa. C'est là que je rencontre le patient, avec valproate, noctamide, effexor. Il tremble comme une feuille et il est pas vaillant. qu'est-ce que je fait?	effexor	DB00285	COC1=CC=C(C=C1)C(CN(C)C)C1(O)CCCCC1
1133833479936983044	0	@username @username Tout à fait d'accord. J'en souffre depuis 6 ans, et pourtant pendant un an j'ai continué à travailler (travail très physique) et à force, je suis devenu handicapé et sous morphine depuis 5 ans !!! Ils peuvent se les garder leurs recommandations. C'est juste bon empirer l'état !!	morphine	DB00295	[H][C@@]12OC3=C(O)C=CC4=C3[C@@]11CCN(C)[C@]([H])(C4)[C@]1([H])C=C[C@@H]2O
1198633009194426370	0	@username @username @username @username @username Le générique ne règle pas vraiment le problème puisqu’il y a d’autres voies de mesusages (sniff ou plus rarement fumer). La seule chose qui peut couper à tout c’est la suboxone mais bon...	suboxone	DB01183	OC1=CC=C2C[C@H]3N(CC=C)CC[C@@]45[C@@H](OC1=C24)C(=O)CC[C@@]35O
1198918484396257282	0	J'ai vu des patients aller au bloc en ayant pris de la metformine en matinée. Je pense que les anesth-rea ne partagent pas assez d'EPU avec leur collègues chirurgiens ou internistes. Y'a un réel problème.			
1194288625489457152	0	@username D'habitude il court avec une ventoline			
1197124925439586305	0	Gestion de crise pour des laboratoires pharmaceutiques. Aux USA où on dénombre + de 400K morts par overdose de produits opiacés, OxyContin, Purdue, JetJ sont mis sur la sellette. En Chine également... #opiacés #gestiondecrise #opioids  link	oxycontin	DB00497	COC1=C2O[C@H]3C(=O)CC[C@@]4(O)[C@H]5CC(C=C1)=C2[C@@]34CCN5C
1194767668894687237	0	@username Prenez un xanax vous relierez demain à tête reposée, vous comprendrez que ce n’était pas si grave.	xanax	DB00404	CC1=NN=C2CN=C(C3=CC=CC=C3)C3=C(C=CC(Cl)=C3)N12
1143815435261030400	0	Il n’est pas rare de voir les patients demander à la pharmacie des antibiotiques pour tel ou tel mal : Métronidazole pour les maux de ventre,  Amoxicilline pour la toux ou encore Bactrim pour le paludisme, pour ne citer que ces exemples là. link	mal~bactrim	DB00825~DB01015	CC(C)[C@@H]1CC[C@@H](C)C[C@H]1O~~~CC1=CC(NS(=O)(=O)C2=CC=C(N)C=C2)=NO1
1194007230376534017	0	payet on sait qu’il joue avec une ventoline			
1159517094876237824	0	J'en ai marreee moiiii, sinop nik toi sah jtm pas, t bg mais jtm pas pelo link			
1136726626048327680	0	@username mdr injecter moi de la morphine	morphine	DB00295	[H][C@@]12OC3=C(O)C=CC4=C3[C@@]11CCN(C)[C@]([H])(C4)[C@]1([H])C=C[C@@H]2O
1195781651143516160	0	Donc là je vais vivre une semaine d’angoisse qui me vend du xanax ?	xanax	DB00404	CC1=NN=C2CN=C(C3=CC=CC=C3)C3=C(C=CC(Cl)=C3)N12
1195465924587016193	0	@username Oh mon dieu mais ce jour là 😭😭😭😭 il nous fallait de la ventoline carrément			
1197045939871133697	0	@username Mdr 🤣🤣🤣🤣 Est-ce qu’on considère que je l’ai payée vu que j’ai dû dormir 4h, en position assise Parceque j’ai plus de ventoline à part un périmé et que je respire mal? Où vais-je mourir dans d’affreuses souffrances sous ses griffes?	mal	DB00825	CC(C)[C@@H]1CC[C@@H](C)C[C@H]1O
1135649503577595904	0	mon woudy arrive pays en septembre ! voici ce qui m'enjaille !!! foutez moi la paix avec vos affaires inutiles et bidons de miss chinoises je m'en gaba !  #cotedivoire  #civ			
1195409175376990209	0	Y’a quelqu’un ici qui prend de la gabapentine ? Est-ce que vous aussi vous avez de mou*ir en prenant ce médoc ?			
1152113321199448064	0	@username C’est un critère intermédiaire. Ce n’est parce que l’on réduit la microalb que l on réduit le risque d’évènements. Rappelles vous olmesartan dans l’essai roadmap prévient l apparition de la microalb mais augmente la mortalité!	olmesartan~pr	DB00275~DB00825	CCCC1=NC(=C(N1CC1=CC=C(C=C1)C1=C(C=CC=C1)C1=NN=NN1)C(O)=O)C(C)(C)O~~~CC(C)[C@@H]1CC[C@@H](C)C[C@H]1O
1196567966059552779	0	jviens de gober des xanax comme des ptits bonbons mdr insh jme réveille dm matin	xanax	DB00404	CC1=NN=C2CN=C(C3=CC=CC=C3)C3=C(C=CC(Cl)=C3)N12
1199092989915779072	0	@username Tu fais le malin ici suis déjà en train d’enregistrer ma carte sur la billetterie. Rdv avec ventoline le 9 avril à la maroquinerie			
1194715134175907842	0	#ZENPP c est d un triste ..ce Guenolé ose dire que @username c est 5000 militants maximum....ah bon? ben un conseil Guenolé du repos un xanax et surtout une visite chez ton opticien tes lentilles sont HS	xanax~hs	DB00404~DB00898	CC1=NN=C2CN=C(C3=CC=CC=C3)C3=C(C=CC(Cl)=C3)N12~~~CCO
1196130873869053955	0	@username prend  de l'imodium patate	imodium	DB11074	
1198267229432889350	0	#Levothyrox Voix des malades ignorée, crise sanitaire amplifiée @username @username @username @username @username @username @username @username @username  @username @username @username @username			
1162772658272067584	0	@username Merci pour vos conseils ! Elle ne prend plus de morphine, ça ne l'aidait pas niveau douleur et l'affaiblissait trop. Elle voit son généraliste lundi, on avisera à ce moment là. Encore merci, 🙏	morphine	DB00295	[H][C@@]12OC3=C(O)C=CC4=C3[C@@]11CCN(C)[C@]([H])(C4)[C@]1([H])C=C[C@@H]2O
1199721818493468672	0	@username @username metoprolol, bisoprolol, nebivolol et carvedilol on l'indic dans l'IC alors meme que les bB y sont interdit. Dans cette indics ils sont considerés à marge therap etroite d'ou l'initiation cardio.	metoprolol~bisoprolol~nebivolol~carvedilol	DB00264~DB00612~DB04861~DB01136	COCCC1=CC=C(OCC(O)CNC(C)C)C=C1~~~CC(C)NCC(O)COC1=CC=C(COCCOC(C)C)C=C1~~~OC(CNCC(O)C1CCC2=C(O1)C=CC(F)=C2)C1CCC2=C(O1)C=CC(F)=C2~~~COC1=CC=CC=C1OCCNCC(O)COC1=CC=CC2=C1C1=CC=CC=C1N2
1098203869157474304	0	Il a mit du Viagra dans le boisson de sa copine 😭😭😂😂😂(un gros batard) link	viagra	DB00203	CCCC1=NN(C)C2=C1N=C(NC2=O)C1=CC(=CC=C1OCC)S(=O)(=O)N1CCN(C)CC1
1196764192025567232	0	Pense à sa fille Xanax 🙏 link	xanax	DB00404	CC1=NN=C2CN=C(C3=CC=CC=C3)C3=C(C=CC(Cl)=C3)N12
1196121606160027648	0	@username Liquid albuterol po!	albuterol	DB01001	CC(C)(C)NCC(O)C1=CC(CO)=C(O)C=C1
1145284558092472320	0	@username Je ne diabolise pas tous les politiciens, je dis juste que Zida ne m'inspire aucune confiance. N'oublions pas que c'est un fuyard et selon moi, un usurpateur. Il se traine un tas de casseroles, même s'il a été théoriquement blanchi par ses partenaires du MPP !			
1196451738313728001	0	@username @username @username prend un xanax espèce d'hystérique.	xanax	DB00404	CC1=NN=C2CN=C(C3=CC=CC=C3)C3=C(C=CC(Cl)=C3)N12
1195350492815200256	0	@username Va prendre ton xanax et ferme la	xanax	DB00404	CC1=NN=C2CN=C(C3=CC=CC=C3)C3=C(C=CC(Cl)=C3)N12
1196213062744911875	0	@username Baise un Xanax putain phoque !!!!!!!	xanax	DB00404	CC1=NN=C2CN=C(C3=CC=CC=C3)C3=C(C=CC(Cl)=C3)N12
1138147176582963200	0	Si vous deviez choisir entre des goodies / figurines de Card Captor Sakura et Re:Zero, vous préféreriez quoi ? Vous avez une heure pour me répondre votre préférence. :D link	pr	DB00825	CC(C)[C@@H]1CC[C@@H](C)C[C@H]1O
1197914671132663810	0	@username Jvais chercher ma ventoline parce que la ça ne va plus			
1136635743101706240	0	@username Rivotril né			
1164605187434131457	0	@username Oh la la , c est l heure de se coucher, prebds ton viagra, une bonne tisane et au lit.	viagra	DB00203	CCCC1=NN(C)C2=C1N=C(NC2=O)C1=CC(=CC=C1OCC)S(=O)(=O)N1CCN(C)CC1
1194728274968100865	0	«  Artiste journaliste chanteuse «  ma ventoline svp jvais mourir la💀💀 link			
1198247953967828993	0	@username Glace gros et voltarene, arnican			
1195306789908209667	0	@username On a le stock j'ai mis du Voltaren et sinon on a du flector aussi 👌	voltaren~flector	DB00586	OC(=O)CC1=CC=CC=C1NC1=C(Cl)C=CC=C1Cl
1195636627789565952	0	[Lifestylement incorrect] La blogueuse en carton et la magie de Noël  #blogging #lifestyle #Noël #marketing #moinsmaismieux #prozac  link	prozac	DB00472	CNCCC(OC1=CC=C(C=C1)C(F)(F)F)C1=CC=CC=C1
1164932734139150337	0	Je repose ça là. Ça en dit long sur le sérieux de l’#AFIS. #Levothyrox #glyphosate #Lyme. Poke @username link	glyphosate	DB04539	OC(=O)C[NH2+]CP(O)(O)=O
1199329650318749697	0	@username C'était déjà prévu 👀 j'habitais avec lyrica en fait mais je préfère dessiner Iku je pense alors TANT mieux	pr~lyrica	DB00825~DB00230	CC(C)[C@@H]1CC[C@@H](C)C[C@H]1O~~~CC(C)C[C@H](CN)CC(O)=O
1199304809498775552	0	@username Le Prozac et le Cognac ça rend cinglé.	prozac	DB00472	CNCCC(OC1=CC=C(C=C1)C(F)(F)F)C1=CC=CC=C1
1198871335444852736	0	"@username @username T'as un problème sérieusement. Faudrait apprendre ce que signifie """"harcèlement"""", ça t'eviterait de passer pour un.e abruti.e. Tout ce qu'elle fait c'est plaisanter avec ses élèves, qui la follow parce qu'ils l'apprécient, elle les a pas menacés. Va prendre un Xanax."	xanax	DB00404	CC1=NN=C2CN=C(C3=CC=CC=C3)C3=C(C=CC(Cl)=C3)N12
1197420794441277440	0	@username et t'as boulié la ventoline? tsss c'est pas pro tout ça			
1194774237841629185	0	@username Moi j'ai stabilisé à 200mg matin et 200mg le soir. Après si tu peux ré augmenter hésite pas (a moins que t ai de gros effets secondaires). Après tu peux peut être switcher un moment sur le neurontin mais la transition est relou car super progressif donc ça pique un peu	neurontin	DB00996	NCC1(CC(O)=O)CCCCC1
1196928862720057345	0	@username Oublie pas la ventoline hein			
1194200845899964416	0	@username Beh après, le Xanax c'est pour une prise ponctuelle en cas de crise d'angoisse, absolument pas liée à la pratique du sport, donc je sais pas :/	xanax~sport	DB00404~DB11064	CC1=NN=C2CN=C(C3=CC=CC=C3)C3=C(C=CC(Cl)=C3)N12~~~CC1CC(CC(C)(C)C1)OC(=O)C1=C(O)C=CC=C1
1195456077959172096	0	To Do liste de Michel Houellebecq -Prendre un Xanax -Ecrire un livre qui dit du mal des femmes -Prendre deux xanax -Ecrire un livre qui dit du mal des musulmans -Boire un litre de vin blanc -Ecrire un livre qui dit du mal des musulmanes -prendre trois xanax  #todolistlitterature	xanax~mal	DB00404~DB00825	CC1=NN=C2CN=C(C3=CC=CC=C3)C3=C(C=CC(Cl)=C3)N12~~~CC(C)[C@@H]1CC[C@@H](C)C[C@H]1O
1131570315233042432	0	Quel pédopsychiatre ou autre spé pr suivre/juste réévaluer un garçon 13 a dit autiste asperger avec troubles autistiques et psychotiques (vu que 2fois) sous RISPERDAL depuis 2015, renouvelé par différents MG? Sur Lyon/Vienne/Grenoble/Saint Etienne ? Merci ! @username	pr~risperdal	DB00825~DB00734	CC(C)[C@@H]1CC[C@@H](C)C[C@H]1O~~~CC1=C(CCN2CCC(CC2)C2=NOC3=C2C=CC(F)=C3)C(=O)N2CCCCC2=N1
1138578521402597377	0	MAIS PUTAIN WSH ?!!!? On dirait un gros crackhead qui va bientot faire une overdose de xanax link	xanax	DB00404	CC1=NN=C2CN=C(C3=CC=CC=C3)C3=C(C=CC(Cl)=C3)N12
1196368802478526465	0	@username De rien 💕 oui effectivement c'est triste à dire mais on apprend à vivre avec. Ah oui le xanax je connais, j'ai du en prendre pendant un moment mais j'ai du arrêter... je devenais accro et ça me shootait trop...	xanax	DB00404	CC1=NN=C2CN=C(C3=CC=CC=C3)C3=C(C=CC(Cl)=C3)N12
1198277630132396034	0	Élevé au baclofen faut faire attention tu sais a ça tu décontracte les muscle avant l'effort	baclofen~muscle	DB00181~DB14156	NCC(CC(O)=O)C1=CC=C(Cl)C=C1~~~CC1(C)C2CCC1(C)C(=O)C2
1199651919318396930	0	@username @username @username gros tu crois elle a besoin de suceur ? t'es jaloux pcq personne te sauce comme ça ? c'est bon il a raison ben prends un Xanax fais une sieste	xanax	DB00404	CC1=NN=C2CN=C(C3=CC=CC=C3)C3=C(C=CC(Cl)=C3)N12
1176172817844514817	0	@username zéro viagra 🎶🎵🎶🎶	viagra	DB00203	CCCC1=NN(C)C2=C1N=C(NC2=O)C1=CC(=CC=C1OCC)S(=O)(=O)N1CCN(C)CC1
1176183731419340802	0	« Ce Serguei Skripal a été empoisonné comme mon mari ! J’en suis certaine ! » Boris Johnson opina du chef d’un air circonspect (...) » Tuez Skripal ! (496 pages) / thriller disponible sur link #édition #publishing #thriller #premierroman #sergueiskripal link	air	DB09337	
1174701128832966656	0	@username Azy j'suis l'homme de la situation ! Pas vraiment médecin, pas vraiment alcoolique mais je mets un certain zèle pour apprendre vite, passionné par la composition chimique du Xanax. 😂😂😂	xanax	DB00404	CC1=NN=C2CN=C(C3=CC=CC=C3)C3=C(C=CC(Cl)=C3)N12
1148708804651077635	0	@username @username Tant mieux dans ce cas je te souhaite de te soigner à coup de spliff 😎😎 des études ont aussi démontré que le tramadol ou le xanax aidait des gens .. et pourtant bcp en sont accrocs se détruisent à coup de cachetons et veulent s’en sortir ..	tramadol~xanax	DB00193~DB00404	COC1=CC=CC(=C1)[C@@]1(O)CCCC[C@@H]1CN(C)C~~~CC1=NN=C2CN=C(C3=CC=CC=C3)C3=C(C=CC(Cl)=C3)N12
1125822553602310149	0	Nouvel épisode d'Intox au Levothyrox et l'omerta se poursuit dans ce scandale sanitaire majeur: les autorités de santé refusent de faire la lumière sur la composition du médicament alors que de possibles impuretés se dévoilent, raconte @username.   link			
1150187619776679936	0	@username Mdrrrr va y j'attend de voir ça (10 ans shoote a la morphine ça va être le feu )	morphine	DB00295	[H][C@@]12OC3=C(O)C=CC4=C3[C@@]11CCN(C)[C@]([H])(C4)[C@]1([H])C=C[C@@H]2O
1199489268885966848	0	@username @username @username generalement quand ta besoin de prozac c pas les medecins qui te pousse au suicide C le patient qui les pousses au suicide lol	prozac	DB00472	CNCCC(OC1=CC=C(C=C1)C(F)(F)F)C1=CC=CC=C1
1199038001659174916	0	@username Cette ligne elle est maudite on dirait les gens qui la gèrent ils sont sous xanax h24	xanax	DB00404	CC1=NN=C2CN=C(C3=CC=CC=C3)C3=C(C=CC(Cl)=C3)N12
1194271126618329090	0	Moi : et voilà la lettre de ma psychiatre, pour du Xanax Lui : on va te mettre de l’ignacia Moi : c’est quoi ? Lui : de l’homéopathie Moi : ah bah non merci  Lui : faut en prendre 10 granules Moi : non merci  Lui : mais si, matin et moi Moi : N O N.  Lui : pff ok.	xanax	DB00404	CC1=NN=C2CN=C(C3=CC=CC=C3)C3=C(C=CC(Cl)=C3)N12
1126225967876321281	0	De la budésonide dans mon symbicort?!!!	symbicort	DB01222	[H][C@@]12C[C@H]3OC(CCC)O[C@@]3(C(=O)CO)[C@@]1(C)C[C@H](O)[C@@]1([H])[C@@]2([H])CCC2=CC(=O)C=C[C@]12C
1194198023959695361	0	La défense des victimes du #Levothyrox ? C’est lui. L’annulation de la vente de l' aéroport de #Toulouse aux Chinois ? Encore lui. Les premières victoires des anti #Linky ? Toujours lui. Portrait de l'avocat toulousain @username. link			
1195307019949006848	0	@username Essayez plutôt le Xanax, ça régle pas les problèmes d'ego mais on peut pas tout avoir.	xanax	DB00404	CC1=NN=C2CN=C(C3=CC=CC=C3)C3=C(C=CC(Cl)=C3)N12
1197103144259457024	0	Est-ce que l’art, cinématographique ou autre, ne devrait pas servir à élever, plutôt qu’à présenter les zones les plus dysfonctionnelles de notre société ? Je vais au cinéma pour rêver, pas pour avoir une raison de recourir au Prozac!	pr~prozac	DB00825~DB00472	CC(C)[C@@H]1CC[C@@H](C)C[C@H]1O~~~CNCCC(OC1=CC=C(C=C1)C(F)(F)F)C1=CC=CC=C1
1196528113796206592	0	@username Under cover de ACE prend une ventoline quant t'iras voir leur mv conseil d'amie mdrrrr			
1199353083731566598	0	@username Pr le Xanax j'ai du stock	pr~xanax	DB00825~DB00404	CC(C)[C@@H]1CC[C@@H](C)C[C@H]1O~~~CC1=NN=C2CN=C(C3=CC=CC=C3)C3=C(C=CC(Cl)=C3)N12
1198257379021852673	0	elle arrive avec une Ventoline en main et explique le papa est au taff ( conducteur de train ) elle a pas de sous et le bébé fait une crise d'asthme, il lui faut d'urgence 26€60   Mon chien voulait l'enculer donc je lui ai pas fait confiance son histoire est trop chelou			
1166771142822105088	0	Toute première bouffée de ventoline cet après-midi, et en ressenti c’est comme si la température était tombée instantanément de cinq degrés 😲 Dire que j’aurais pu en avoir tout cet été si je n’avais pas annulé mon rendez-vous début juillet par flemme.			
1199335192688807936	0	@username @username Si Tylenol te soulage peu, Naproxen (comprimés anti-inflammatoires) t’aiderait sans doute davantage.  Il y aussi Voltaren Emulgel en friction qui pourrait t’aider. (Soulage la douleur et l’inflammation.)  Bonne chance !!	tylenol~naproxen~voltaren	DB00316~DB00788~DB00586	CC(=O)NC1=CC=C(O)C=C1~~~COC1=CC2=C(C=C1)C=C(C=C2)[C@H](C)C(O)=O~~~OC(=O)CC1=CC=CC=C1NC1=C(Cl)C=CC=C1Cl
1197882661949362176	0	@username Bon après le fait que j'ai supporté le lamictal très bien ça te fait probablement une belle jambe vu comment ça varie d'une personne à l'autre mais bon je te souhaite que ça aille quand même	lamictal	DB00555	NC1=NC(N)=C(N=N1)C1=C(Cl)C(Cl)=CC=C1
1199386856590323712	0	Alors j’ai mes clés, mes écouteurs, mon porte-feuille, mes clopes, une barre de céréale, du xanax, mon ego surdimensionné c’est bon j’peux sortir 😃	xanax	DB00404	CC1=NN=C2CN=C(C3=CC=CC=C3)C3=C(C=CC(Cl)=C3)N12
1196729824368353281	0	La question du jour : Crohn, Humira et vaccination enfant link	humira	DB02325	CC(C)O
1195693658277842944	0	@username Y'a certaines pharmacies plus cool, c'est comme pour la ventoline parfois ils comprennent..  d'autres s'en fiche total..			
1197216556687806465	0	@username @username J’ai notion de moins d’événements hémorragiques sous apixaban que sous rivaroxaban. Sinon +1 pour indication dans TVP.	apixaban~rivaroxaban	DB06605~DB06228	COC1=CC=C(C=C1)N1N=C(C(N)=O)C2=C1C(=O)N(CC2)C1=CC=C(C=C1)N1CCCCC1=O~~~ClC1=CC=C(S1)C(=O)NC[C@H]1CN(C(=O)O1)C1=CC=C(C=C1)N1CCOCC1=O
1198572867102920705	0	Y'a que moi que ça choque à quel point les commentateurs sont sous Xanax? #VCA2019	xanax	DB00404	CC1=NN=C2CN=C(C3=CC=CC=C3)C3=C(C=CC(Cl)=C3)N12
1195760261749231618	0	@username @username @username @username Hier on n avait plus d Olanzapine alors pour les ATB euh... 😂👀	olanzapine	DB00334	CN1CCN(CC1)C1=NC2=CC=CC=C2NC2=C1C=C(C)S2
1198783670678626304	0	Continuez de mettre vos enfants dans les bougie school here. Dès que ton enfant a des tendances diffèrentes “dépressives” on le met sous “low doses” de xanax. American Dream	xanax	DB00404	CC1=NN=C2CN=C(C3=CC=CC=C3)C3=C(C=CC(Cl)=C3)N12
1198717054901276672	0	#ehpad,  menus,   Heureusement que les AVK ont quasi disparu (ici N1 Apixaban)  Du coup , fini l'adage :   Choux farcis le mercredi INR à faire le samedi   😎 link	apixaban	DB06605	COC1=CC=C(C=C1)N1N=C(C(N)=O)C2=C1C(=O)N(CC2)C1=CC=C(C=C1)N1CCCCC1=O
1194911219028762625	0	@username N'oublie pas ton Xanax quotidien mon ptit loup #CaverneThérapeutique	xanax	DB00404	CC1=NN=C2CN=C(C3=CC=CC=C3)C3=C(C=CC(Cl)=C3)N12
1198619242393980929	0	@username Il faut assoire la victime, lui donner le 2 doses de Ventoline (inhalateur bleu). Si elle a des corticoïdes (prednisolone par exemple), lui en donner. Si ce n’est pas efficace il faut appeler les secours. Si elle perd connaissance il faut appeler mes secours.	prednisolone	DB00860	[H][C@@]12CC[C@](O)(C(=O)CO)[C@@]1(C)C[C@H](O)[C@@]1([H])[C@@]2([H])CCC2=CC(=O)C=C[C@]12C
1199281883709870081	0	Plus de 120 inscrits...encore quelques places pour échanger ensemble et sécuriser s’il est encore temps des #medicaments utiles, #methadone, #oxycodone, #methylphenidate et diminuer complications graves voir #deces, #securite, #pharmacologie, #addictovigilance link	methadone~oxycodone~methylphenidate	DB00333~DB00497~DB00422	CCC(=O)C(CC(C)N(C)C)(C1=CC=CC=C1)C1=CC=CC=C1~~~COC1=C2O[C@H]3C(=O)CC[C@@]4(O)[C@H]5CC(C=C1)=C2[C@@]34CCN5C~~~COC(=O)C(C1CCCCN1)C1=CC=CC=C1
1198592903200878592	0	Dragi Webdo n°247 : exacerbation BPCO (recos ERS), non substituable, LDL/AVC, ISCHEMIA, dapagliflozine, liraglutide en prév. primaire, INOCA, lombalgie, HPV : link #santé #médecine	avc~liraglutide~pr	DB00259~DB06655~DB00825	NC1=CC=C(C=C1)S(N)(=O)=O~~~CC(C)[C@@H]1CC[C@@H](C)C[C@H]1O
1197746742529347585	0	mais le xanax fait effet donc jme detend lol	xanax	DB00404	CC1=NN=C2CN=C(C3=CC=CC=C3)C3=C(C=CC(Cl)=C3)N12
1197657664165072896	0	@username etizoSLAM + suboxone + dabs = BOOM	suboxone	DB01183	OC1=CC=C2C[C@H]3N(CC=C)CC[C@@]45[C@@H](OC1=C24)C(=O)CC[C@@]35O
1195765601836371969	0	mdr par contre : je ne sors pas sans ma ventoline, askip la salle est déjà enfumée et je ne veux pas mourir 😭😭😭			
1197252576682618880	0	Mais faut te baiser ta mère la pure toi young thug a influence une centaine d’artiste à créer un nouveau genre musical mais j’en demande trop à un faux puriste qui pense que lil peep a crée un mouvement alors que c’est un fils de p8te de dépressif additif au Xanax pour ses fans	xanax	DB00404	CC1=NN=C2CN=C(C3=CC=CC=C3)C3=C(C=CC(Cl)=C3)N12
1199654451746951168	0	Xanax + Oxynorm. Les gars .. jai dormi COMME UNE LOUTRE 😂😂😂	xanax	DB00404	CC1=NN=C2CN=C(C3=CC=CC=C3)C3=C(C=CC(Cl)=C3)N12
1129682547867312128	0	Love et Hip Hop Hollywood saison 6  Comment ça va être pété   ECLATAX 😩 Il ne reste que  Ray J Princess Love, A1, Lyrica et K.Michelle et c’est la derniere saison de Moniece  Tout le monde est partit même  Nikki baby wsh elle joue a quoi Mona au moins ramenes nous Hazel E et Masyka link	lyrica~nikki~baby	DB00230~DB01395~DB11064	CC(C)C[C@H](CN)CC(O)=O~~~[H][C@@]12C[C@]1([H])[C@@]1([H])[C@]3([H])[C@]4([H])C[C@]4([H])[C@@]4(CCC(=O)O4)[C@@]3(C)CC[C@]1([H])[C@@]1(C)CCC(=O)C=C21~~~CC1CC(CC(C)(C)C1)OC(=O)C1=C(O)C=CC=C1
1197136926911946752	0	Je suis Paroxétine, Dieu de la pharmaco link			
1165263321169309698	0	#Oeildupharmacoepidemiologiste #pharmacovigilance #statistique #bioequivalence #levothyrox un titre du @username  pourrait laisser entendre que #BigPharma a fait du zele....que nenni juste question d'interpretation #cinetique #variabilite #moyenne #ecart link			
1199092660302204934	0	Un xanax et au lit	xanax	DB00404	CC1=NN=C2CN=C(C3=CC=CC=C3)C3=C(C=CC(Cl)=C3)N12
1194508862667337729	0	Levothyrox : le combat des associations pour obtenir la vérité - link link via @username			
1114478892230881280	0	#Levothyrox: Ouvrons une enquête parlementaire! link di @username			
1198674134793932800	0	@username @username @username Met toi de la ventoline dans le fion			
1198531686478340098	0	@username @username 5% de 667 réponses qui ont cliqué sur #ciprofloxacine en 1ère intention dans les IU... ça fait 34 réponses. On espère que c’est des non pros de santé qui veulent juste voir les réponses 🙏. Du coup dommage qu’on ne puisse pas sur Twitter avoir un 5ème choix « voir les réponses »			
1195097359035883528	0	@username @username Petit coup de ventoline et c'est bon ma grande			
1198179229768278016	0	@username Offrons lui une boîte de microlax pour Noël !			
1194744635819737090	0	j’encule la voyante, les cartes et le xanax	xanax	DB00404	CC1=NN=C2CN=C(C3=CC=CC=C3)C3=C(C=CC(Cl)=C3)N12
1199809774960943107	0	en plus j'ai plus de ventoline 😭😭			
1197472934752923648	0	Présentation très intéressante du Dr Dussere sur le #baclofène @username link	pr	DB00825	CC(C)[C@@H]1CC[C@@H](C)C[C@H]1O
1198761950714482689	0	Comment savoir si les versions française des films sont bonnes ? Tu les compares à la version québécoise. Exemple: Once upon time in Hollywood, les voix de Brad Pitt et de Leonardo sont sous Prozac. Par contre ils savent bien faire du yaourt pour les prononciations riquaines. link	prozac	DB00472	CNCCC(OC1=CC=C(C=C1)C(F)(F)F)C1=CC=CC=C1
1199602913385078784	0	Avantages de Reductil pour la solution de brûleur de graisse link #Reductil #SibutramineBay	reductil~solution	DB01105~DB00350	CC(C)CC(N(C)C)C1(CCC1)C1=CC=C(Cl)C=C1~~~NC1=CC(=NC(N)=[N+]1[O-])N1CCCCC1
1199607898000830465	0	Niveau de fatigue : ce soir mettre une alarme à 21h15 pour être sûre d'être couchée dans le lit avec 2 xanax à 21h30. link	xanax	DB00404	CC1=NN=C2CN=C(C3=CC=CC=C3)C3=C(C=CC(Cl)=C3)N12
1198866285502836736	0	Quand les alpagas remplacent docteurs et pharmacies... une solutions de demain pour le déficit de l inami quand on sait qu ils pourront bientôt soigner  des cancers, Alzheimer avec quelques gouttes de leur sang et aussi remplacer le Prozac... link	prozac	DB00472	CNCCC(OC1=CC=C(C=C1)C(F)(F)F)C1=CC=CC=C1
1196401487372587008	0	@username Bah j'ai été sous Lamictal pour ce même diag, ça a pas marché donc je suis passé à l'abilify (et j'aurai pu passer au Lithium et à d'autres que je connais pas) donc à moins d'avoir un pb physique dont j'ai pas connaissance je vois pas ce qui t'empêcherait de tester ces 2 là ? oO	lamictal~abilify~lithium	DB00555~DB01238~DB14509	NC1=NC(N)=C(N=N1)C1=C(Cl)C(Cl)=CC=C1~~~ClC1=CC=CC(N2CCN(CCCCOC3=CC4=C(CCC(=O)N4)C=C3)CC2)=C1Cl~~~[Li+].[Li+].[O-]C([O-])=O
1194531137395339264	0	@username Je suis en période d'essai renouvelable ! Sinon j'attaque le xanax !	xanax	DB00404	CC1=NN=C2CN=C(C3=CC=CC=C3)C3=C(C=CC(Cl)=C3)N12
1198222047001948166	0	@username @username Mettre smecta et imodium sur le même plan...	imodium	DB11074	
1194905098754936832	0	Quetiapine ou Effexor ya un des 2 qui fuck with me	quetiapine~effexor	DB01224~DB00285	OCCOCCN1CCN(CC1)C1=NC2=CC=CC=C2SC2=CC=CC=C12~~~COC1=CC=C(C=C1)C(CN(C)C)C1(O)CCCCC1
1125684376057020417	0	LEVOTHYROX : Qui peut désormais nier la Crise Sanitaire????? A Part la Dite Ministre #Buzin et #Ansm!!!!!! link			
1194357640115245056	0	@username Met du diclofenac ou du flector	diclofenac~flector	DB00586	OC(=O)CC1=CC=CC=C1NC1=C(Cl)C=CC=C1Cl
1199104733421682691	0	Oh nooooon.... G pris ma quetiapine un peu trop tard mtnt g envie de câlins... Rendez moi ma mysanthropie	quetiapine	DB01224	OCCOCCN1CCN(CC1)C1=NC2=CC=CC=C2SC2=CC=CC=C12
1194578032830402566	0	Levothyrox - Une scandaleuse négligence - Claude Pigement - Editions L’Archipel - DOCUMENT - SANTE - Le Blog de Moon link			
1196035501632999425	0	@username @username @username +1 pour Xanax. Avoir une porte de sortie prévue à l'avance, même si tu l'utilises pas, ça permet d'éviter d'avoir à gérer ça en plusse au moment où tu peux plus rien gérer.	xanax~pr	DB00404~DB00825	CC1=NN=C2CN=C(C3=CC=CC=C3)C3=C(C=CC(Cl)=C3)N12~~~CC(C)[C@@H]1CC[C@@H](C)C[C@H]1O
1162574108296712193	0	-viagra commercials -sonny Liston  -the Tour de France	viagra	DB00203	CCCC1=NN(C)C2=C1N=C(NC2=O)C1=CC(=CC=C1OCC)S(=O)(=O)N1CCN(C)CC1
1129028090087313409	0	@username Pour en faire souvent naproxen+ tylenol ( ajoute gravol si tu as des nausées) met du froid +++	naproxen~tylenol	DB00788~DB00316	COC1=CC2=C(C=C1)C=C(C=C2)[C@H](C)C(O)=O~~~CC(=O)NC1=CC=C(O)C=C1
1199052380928655367	0	@username Ha 800€, tu aura plus assez pour ta ventoline			
1197997802015600641	0	@username C’est ce que je me disais aussi mais je sais que je vais me réveiller à 7h29 en sueur, ma ventoline dans les mains prête à décéder même sans avoir d’images	pr	DB00825	CC(C)[C@@H]1CC[C@@H](C)C[C@H]1O
1196558743946878977	0	@username @username @username @username Aucun antidépresseur n'a de propriété anxiolytique. Certains ont un réel effet sédatif comme la miansérine ou la mirtazapine.  La Paroxétine c'est l'AD qu'on donne en première intention parce que c'est clairement le plus nul de tous d'un point de vue effet/effets indésirables.	mirtazapine	DB00370	CN1CCN2C(C1)C1=CC=CC=C1CC1=C2N=CC=C1
1116248558125166592	0	#Levothyrox : Ouvrons une enquête parlementaire ! link via @username			
1195799600633974785	0	J’avais envie de leur donner de la ventoline les pauvres et brf le mec hnin il recalme les choses, en disant qu’ils voulaient rester discret etc etc, il demande Pq j’ai arraché, j’ai répondu et il me montre son phone, une appli des keufs qui scan le cod les cartes d’identité etc	cod	DB10861	
1195657324385447936	0	@username @username Je ne t'ai jamais insulté perso, je t'invite à prendre ta ventoline, respirer un coup et relire la convo. Maintenant, épargne moi ta bêtise, merci			
1196836417961385984	0	"@username @username @username @username @username Tout d'abord il n'es nul par dit que cet liste es complète, il es d'ailleurs écrit """"notamment"""", et quand bien même si la ventoline n'y figure il reste que certain médicament ont leur place dans les trousse/sacs de secours"			
1199616646652006402	0	#DocTocToc #PharmaTocToc  Paroxétine et grossesse, vous en pensez quoi ? Quelles alternatives ?			
1169889969734709249	0	🇫🇷 C'est parti pour le #PharmacoQuiz Quel est le point commun de ces 3 médicaments : Rifampicine, Trametinib et Levofloxacine ? [Difficulté ⭐⭐⭐]	trametinib	DB08911	CN1C(=O)C(C)=C2N(C(=O)N(C3CC3)C(=O)C2=C1NC1=CC=C(I)C=C1F)C1=CC(NC(C)=O)=CC=C1
1136995392820826114	0	@username Euh.. XanaX Damage ou St Lucia choisis (wsh il dure 20 minutes l’EP toi aussi orh)	xanax	DB00404	CC1=NN=C2CN=C(C3=CC=CC=C3)C3=C(C=CC(Cl)=C3)N12
1158370241304498176	0	"Des morceaux largement imprégnés par les inspirations initiales des Stones mais où ces derniers cherchent à ajouter un truc en plus qui fait mouche. Cela peut être le saxophone de Bobby Keys ou la guitare slide de Mick Taylor et Ry Cooder (sur """"Sister Morphine"""")."	morphine	DB00295	[H][C@@]12OC3=C(O)C=CC4=C3[C@@]11CCN(C)[C@]([H])(C4)[C@]1([H])C=C[C@@H]2O
1197722385438453760	0	jarrive plus a dormir tot jvais retaper dans l'alprazolam jcrois	alprazolam	DB00404	CC1=NN=C2CN=C(C3=CC=CC=C3)C3=C(C=CC(Cl)=C3)N12
1197244804876394496	0	@username essaie daller voir un médecin, de lui demander des calmants, perso jai de l'alprazolam (sa stone un peu mais cest efficace, fin pas sur moi mais sur bcp de gens sue je connais ça l'est.) parle lui aussi de ta paranoïa et de plusieurs de tes peurs, et si possible,	alprazolam	DB00404	CC1=NN=C2CN=C(C3=CC=CC=C3)C3=C(C=CC(Cl)=C3)N12
1138854664718495745	0	prends d la ventoline boit de l’eau jsais ap fait un truc cousine link			
1199258524695638016	0	TD #Santé #Société : jeu de rôle-débat avec les étudiant.e.s de L2 autour du Levothyrox link	bat	DB13903	
1197832684732592129	0	@username @username @username Ultra levure par exemple : c’est pas remboursé. Il n’y a pas d’antibiotiques donc je vois pas l’interêt. Son efficacité est de toute façon remise en cause. De l’imodium pour la diarrhée c’est suffisant, 2€ remboursé.	ultra~fa~imodium	DB11121~DB08604~DB11074	CC1=CC(O)=CC(C)=C1Cl~~~OC1=CC(Cl)=CC=C1OC1=C(Cl)C=C(Cl)C=C1
1132942409250279425	0	Xanax, Lexomil… : quelle proportion de Français concernée par une utilisation chronique  link	xanax	DB00404	CC1=NN=C2CN=C(C3=CC=CC=C3)C3=C(C=CC(Cl)=C3)N12
1198590994834432000	0	#DragiWebdo n°247 : exacerbation BPCO (recos ERS), non substituable, LDL/AVC, ISCHEMIA, dapagliflozine, liraglutide en prév. primaire, INOCA, lombalgie, HPV link  Bon dimanche!	avc~liraglutide~pr	DB00259~DB06655~DB00825	NC1=CC=C(C=C1)S(N)(=O)=O~~~CC(C)[C@@H]1CC[C@@H](C)C[C@H]1O
1129808280946188289	0	@username @username @username Sous safari ? Moi sous Prozac depuis le passage de la loi #ÉcoleDeLaConfiance au sénat.	prozac	DB00472	CNCCC(OC1=CC=C(C=C1)C(F)(F)F)C1=CC=CC=C1
1199377333175668736	0	@username Mieux ce matin. Je crois que c'était plus musculaire que d'autre chose . Voltaren, Tylénol et pas pire ce matin ! Merci.	voltaren	DB00586	OC(=O)CC1=CC=CC=C1NC1=C(Cl)C=CC=C1Cl
1196158957879988227	0	bonjour a TOUS jai decouvert que je perdais la vue grace o PROZAC du coup je chouine et la reaction de mes proches cest FALLAIT PAS PRENDRE DANTIDEPRESSEURS PETASSE et je COMPRENDS VOTRE POINT DE VUE MAIS ALLEZ VOUS FAIRE FOUTRE SI VOUS LISEZ CA VOUS PREFEREZ QUE JE ME TUE OU QUO	prozac	DB00472	CNCCC(OC1=CC=C(C=C1)C(F)(F)F)C1=CC=CC=C1
1178633146234998785	0	Jsuis la meuf la plus flemmarde au monde mais j'ai attendu 8h30 pour aller à la pharmacie et ramener de la ventoline à mon homme, si ça c'est pas de l'amour			
1196454542793203720	0	@username Ta vraiment une case qui manque à l'appel va prendre un Xanax	xanax	DB00404	CC1=NN=C2CN=C(C3=CC=CC=C3)C3=C(C=CC(Cl)=C3)N12
1195404622934003712	0	Il y a 2 ans jour pour jour, Lil Peep nous a quitté. 🙏🏼  Le 15 novembre 2017, les médias annoncent sa mort d'une overdose. Il avait été retrouvé la veille dans le bus de sa tournée à Tucson. Des éléments indiquent qu'il serait mort à la suite d'une prise de Xanax. link	xanax	DB00404	CC1=NN=C2CN=C(C3=CC=CC=C3)C3=C(C=CC(Cl)=C3)N12
1196374698914963457	0	@username @username @username Nan mais tu dit ça et après ça prévoit des nouvel an à Amsterdam ??? Vous êtes cinglés vous allez le tuer pauvre Colin, il va faire 14 crises d'angoisse j'espère que vous avez prévu la ventoline.	pr	DB00825	CC(C)[C@@H]1CC[C@@H](C)C[C@H]1O
1160586775762472961	0	Dans l’fond j’suis juste aller work dans Les Laurentides pour get high sa vyvanse pis boire chaque jours, et perdre 15lbs de stress pis d’mcdo	vyvanse	DB01255	C[C@@H](CC1=CC=CC=C1)NC(=O)[C@@H](N)CCCCN
1196923101524713473	0	@username @username Je suis  déjà restée plus d’une semaine  dans mon lit sans manger en faisant que de pleurer et là seule fois où je buvais c’était pour du xanax, mais bon là depression c cool on écoute du lana del rey et on fume des vogue/ mais nptk vous sérieusement	xanax	DB00404	CC1=NN=C2CN=C(C3=CC=CC=C3)C3=C(C=CC(Cl)=C3)N12
1198131924730077185	0	@username @username Dans la team #ObligationJayPasEnvie je prends café, tartines, xanax, câlins en tout genre et lance-grenades link	xanax	DB00404	CC1=NN=C2CN=C(C3=CC=CC=C3)C3=C(C=CC(Cl)=C3)N12
1199672136056688643	0	Rupture de stock du #Levothyrox: des Marocains craignent pour leur santé link link			
1195667019762479107	0	@username (le mec s'était étalé du Flector entre les orteils pour son intertrigo... Ben ça marchait pas !)	flector	DB00586	OC(=O)CC1=CC=CC=C1NC1=C(Cl)C=CC=C1Cl
1198295481396482053	0	CAMEROUN : L’ESPRIT DE DIEU INTERCEPTE ET ANNULE LES ACCIDENTS ROUTIERS PROGRAMMÉS VIA BUTRANS VOYAGES link	butrans	DB00921	CO[C@]12CC[C@@]3(C[C@@H]1[C@](C)(O)C(C)(C)C)[C@H]1CC4=C5C(O[C@@H]2[C@@]35CCN1CC1CC1)=C(O)C=C4
1151057177869725702	0	Quand tu te presses pour prendre du viagra et au final la go ne vient pas   link	viagra	DB00203	CCCC1=NN(C)C2=C1N=C(NC2=O)C1=CC(=CC=C1OCC)S(=O)(=O)N1CCN(C)CC1
1127290717020274688	0	⁦@username⁩ conclut un accord avec la Maison Blanche pour le don de #truvada #PrEP ou comment un labo se la joue héros et grand donateur après des années de refus de lever le brevet de protection de la molécule pour génériquer! #BigPharma  link	truvada~protection	DB00879~DB02325	NC1=NC(=O)N(C=C1F)[C@@H]1CS[C@H](CO)O1~~~CC(C)O
1198811166476292096	0	Lopéramide est mon amie...			
1127854620284522496	0	@username @username @username @username @username @username @username @username @username @username Si tant est qu'il n'y aie pas tolérance à la Morphine. Chez des malades en fin de vie, la morphine ne fait plus effet ou peu, car le corps du malade s'y habitue. A la rigueur sédation profonde, là au moins oui, pas de souffrance.	morphine	DB00295	[H][C@@]12OC3=C(O)C=CC4=C3[C@@]11CCN(C)[C@]([H])(C4)[C@]1([H])C=C[C@@H]2O
1199375405809065990	0	moi : a fait un malaise à cause de l'asthme also moi : ne prend jamais sa ventoline			
1196928358870855681	0	Alprazolam c’est comme du xanax?	alprazolam~xanax	DB00404	CC1=NN=C2CN=C(C3=CC=CC=C3)C3=C(C=CC(Cl)=C3)N12
1195386904159674369	0	25 ball pr mdire que jdois prendre d xanax alr que j'en prend deja yes merci à tous	pr~xanax	DB00825~DB00404	CC(C)[C@@H]1CC[C@@H](C)C[C@H]1O~~~CC1=NN=C2CN=C(C3=CC=CC=C3)C3=C(C=CC(Cl)=C3)N12
1199328840729817089	0	Deroxat suspension buvable : distribution contingentée link			
1195851698201387009	0	J’ai pris la moitié d’un xanax 13 heures avant l’atterrissage	xanax	DB00404	CC1=NN=C2CN=C(C3=CC=CC=C3)C3=C(C=CC(Cl)=C3)N12
1129801268589760512	0	1/n Thread Comment a pu se produire la crise des opioïdes aux Etats-Unis? Une pareille crise est-elle possible en France? Le tramadol et l'oxycodone en ligne de mire.	tramadol~oxycodone	DB00193~DB00497	COC1=CC=CC(=C1)[C@@]1(O)CCCC[C@@H]1CN(C)C~~~COC1=C2O[C@H]3C(=O)CC[C@@]4(O)[C@H]5CC(C=C1)=C2[C@@]34CCN5C
1196569724647346177	0	mon xanax est sensé m’assommer mais rien n’y fait	xanax	DB00404	CC1=NN=C2CN=C(C3=CC=CC=C3)C3=C(C=CC(Cl)=C3)N12
1194231274195619840	0	@username @username @username on sait que Payet joue avec une ventoline ptdrr imagine des analyses footballistique comme ça sur TF1 le dimanche matin			
1197950083716780033	0	J’ai prit du Xanax entre amis et je ne pense plus à rien	xanax	DB00404	CC1=NN=C2CN=C(C3=CC=CC=C3)C3=C(C=CC(Cl)=C3)N12
1194777744376238081	0	@username Tveux une prescription de xanax ?	xanax	DB00404	CC1=NN=C2CN=C(C3=CC=CC=C3)C3=C(C=CC(Cl)=C3)N12
1195854621169852417	0	Elle tripe sous Xanax	xanax	DB00404	CC1=NN=C2CN=C(C3=CC=CC=C3)C3=C(C=CC(Cl)=C3)N12
1194583910744838147	0	"Selon l'analyse rétrospective 2019 de la revue Clinical Pharmacokinetics, l'article #Levothyrox® New and Old Formulations: Are they Switchable for Millions of Patients?"""" est l'article le + téléchargé (+ de 14 000 fois) et le + partagé sur les réseaux link link"			
1195996433532542976	0	@username @username Qui est cet abruti ? Il faut qu’il se détende, un petit xanax lui ferait du bien	xanax	DB00404	CC1=NN=C2CN=C(C3=CC=CC=C3)C3=C(C=CC(Cl)=C3)N12
1196744584048660486	0	@username bah du xanax	xanax	DB00404	CC1=NN=C2CN=C(C3=CC=CC=C3)C3=C(C=CC(Cl)=C3)N12
1196180001433047041	0	@username Véro elle m’a frictionnée au Voltarene gros... j’ai encore plus mal qu’avant avec la bagnole mdr	mal	DB00825	CC(C)[C@@H]1CC[C@@H](C)C[C@H]1O
1197251593470717952	0	@username @username @username Il a juste créé une addiction au xanax qu’il aille se faire foutre	xanax	DB00404	CC1=NN=C2CN=C(C3=CC=CC=C3)C3=C(C=CC(Cl)=C3)N12
1196536014761865216	0	@username @username @username Il y a des antidépresseurs qui luttent contre l’anxiété, comme la Paroxétine (Deroxat)			
1194332203335004160	0	pas attendu de finir le lycee pour finir sous xanax et prozac perso💋 link	xanax~prozac	DB00404~DB00472	CC1=NN=C2CN=C(C3=CC=CC=C3)C3=C(C=CC(Cl)=C3)N12~~~CNCCC(OC1=CC=C(C=C1)C(F)(F)F)C1=CC=CC=C1
1197574104192303105	0	Bon du coup j'ai attrapé un virus et mon corps doit se défendre tout seul contre lui ✌🏻je suis en arrêt demain et samedi et j'ai une espèce de ventoline comme pour l'asthme ✌🏻			
1199435498634256384	0	@username J'étais pas au courant de cet effet, du coup j'ai douillé longtemps en compensant avec du xanax. Su-per !	xanax	DB00404	CC1=NN=C2CN=C(C3=CC=CC=C3)C3=C(C=CC(Cl)=C3)N12
1195983956925177856	0	Ils essaient le rivaroxaban dans toutes les indications possibles rien n arrêtent Bayer et rien n’es arrêtera link	rivaroxaban~bayer	DB06228~DB00945	ClC1=CC=C(S1)C(=O)NC[C@H]1CN(C(=O)O1)C1=CC=C(C=C1)N1CCOCC1=O~~~CC(=O)OC1=CC=CC=C1C(O)=O
1195803062570487809	0	Les 15 ans de SERETIDE en Algérie . En plein crise d'adolescence depuis les dernières recommandations GINA et GOLD 2019 ! #gsk #OMS #GINA #GOLD link	gold	DB14154	[Au]
1130774529255587840	0	Ceci n'est pas un blague! Le maire de Montereau (Loiret) a publié un arrêté pour offrir du Viagra aux couples entre 18 et 40 ans.  link	viagra	DB00203	CCCC1=NN(C)C2=C1N=C(NC2=O)C1=CC(=CC=C1OCC)S(=O)(=O)N1CCN(C)CC1
1198245888688300032	0	J'ai bu deux verres de vin rouge, si je prend un Xanax 0.25 maintenant pour faire une petite sieste, ça passe, ou pas ?	xanax	DB00404	CC1=NN=C2CN=C(C3=CC=CC=C3)C3=C(C=CC(Cl)=C3)N12
1195605640477073409	0	@username Dans mon cas la metformine me permet de stabiliser le diabète si je ne l'avais pas je ne serais sans doute pas là pour en parler 🤔 J'avais 1 hémoglobine gliquée à 13 après 1 chimio Après tous les médicaments sont du poison tout le monde le sait mais certains sont indispensables.			
1132852899682373633	0	Dites les médecins sur Twitter. Est ce que c’est normal d’avoir encore mal alors qu’on m’a prescrit un oxycodone LP et un oxycodone à faire fondre sous la langue et un lyrica par jour et kétoprofene. Je regarde la tronçonneuse avec de plus en plus envie. #JAiMal 😭	mal~oxycodone~lyrica	DB00825~DB00497~DB00230	CC(C)[C@@H]1CC[C@@H](C)C[C@H]1O~~~COC1=C2O[C@H]3C(=O)CC[C@@]4(O)[C@H]5CC(C=C1)=C2[C@@]34CCN5C~~~CC(C)C[C@H](CN)CC(O)=O
1159825035655184385	0	@username @username @username @username @username @username Pas eu besoin de faire appel au valium pour les miens.	valium	DB00829	CN1C2=C(C=C(Cl)C=C2)C(=NCC1=O)C1=CC=CC=C1
1126151882441928704	0	Dépendance et overdose aux antidouleurs opioïdes: il est urgent de prévenir une crise sanitaire en France et développer des alternatives à ces médicaments . Itw dans @username du 08/05 avec @username @username @username @username #tramadol #codeine #oxycodone #morphine link	pr~tramadol~codeine~oxycodone~morphine	DB00825~DB00193~DB00318~DB00497~DB00295	CC(C)[C@@H]1CC[C@@H](C)C[C@H]1O~~~COC1=CC=CC(=C1)[C@@]1(O)CCCC[C@@H]1CN(C)C~~~[H][C@]12C=C[C@H](O)[C@@H]3OC4=C5C(C[C@H]1N(C)CC[C@@]235)=CC=C4OC~~~COC1=C2O[C@H]3C(=O)CC[C@@]4(O)[C@H]5CC(C=C1)=C2[C@@]34CCN5C~~~[H][C@@]12OC3=C(O)C=CC4=C3[C@@]11CCN(C)[C@]([H])(C4)[C@]1([H])C=C[C@@H]2O
1198185507039141888	0	Taux de fragilité trop élevé là, donnez leur du xanax	xanax	DB00404	CC1=NN=C2CN=C(C3=CC=CC=C3)C3=C(C=CC(Cl)=C3)N12
1196757596696387585	0	@username Ça fait trois semaines (heureusement y a eu les vacances entre deux), je commence à peine à m'en sortir 😂 (Merci la ventoline)			
1199118595722268672	0	prix moins chère. Acheter Paroxetine En Angleterre link link	paroxetine	DB00715	FC1=CC=C(C=C1)[C@@H]1CCNC[C@H]1COC1=CC2=C(OCO2)C=C1
1198345654017368065	0	Je l'ai toujours fait avec ma pilule et je continue avec le levothyrox, mais tous les autres trucs plus gros que ça c'est direct avec de l'eau, dans les films quand je les vois avaler 3 pilules d'un coup sans eau ça me 😱😱			
1152431085864837121	0	@username Le ketoprofene est le générique du bi profenid. Mais comme le dit @username ne surtout pas le prendre a jeun et si tu as de l'omeprazol tu peux en prendre avec, c'est un pansement gastrique pour protéger ton estomac	omeprazol	DB00338	COC1=CC2=C(C=C1)N=C(N2)S(=O)CC1=NC=C(C)C(OC)=C1C
1197484590459445248	0	@username Ventoline en préparation 😂	pr	DB00825	CC(C)[C@@H]1CC[C@@H](C)C[C@H]1O
1199079913346781184	0	au maroc ils disent que pleins  qui on eu des effets secondaires avec la nouvelle formule en plus il est en repture de stock y a 4 mois #levothyrox link			
1198353735019323393	0	Aller, un xanax et au dodo hein Hicheum. link	xanax	DB00404	CC1=NN=C2CN=C(C3=CC=CC=C3)C3=C(C=CC(Cl)=C3)N12
1126182804298117121	0	@username oui il y a le sac sur la ,la tete dans l eau , l Imodium ou privation de shiots  ,toutes ces methodes d un autre age outrageantes et humiliantes que l on laisse faire outrageusement . La qustion est : qui exactement et pourquoi ?	imodium	DB11074	
1195467171113185280	0	@username non c a cause de la ventoline bouge de là			
1199450279223144449	0	@username bon allez baise ta mere la retourne avec ta ventoline			
1196407267706454016	0	Xanax sous ritaline, un système nerveux périphérique au top de la régulation. 👍	xanax	DB00404	CC1=NN=C2CN=C(C3=CC=CC=C3)C3=C(C=CC(Cl)=C3)N12
1197975568865726464	0	"@username """"Tu sais pourquoi ? Elle prend du xanax avec du rosé le soir"""" ma femme voit juste."	xanax	DB00404	CC1=NN=C2CN=C(C3=CC=CC=C3)C3=C(C=CC(Cl)=C3)N12
1138089770649829377	0	@username ah c'est une sacrée aventure la codeine	codeine	DB00318	[H][C@]12C=C[C@H](O)[C@@H]3OC4=C5C(C[C@H]1N(C)CC[C@@]235)=CC=C4OC
1139543011421913088	0	"Levothyrox : """"Que la trahison à ce point-là vienne de nos autorités de santé, je ne m'en remets pas"""", déclare Anny Duperey  link link"			
1194600802716917761	0	Mon médecin m'a prescrit du #Xanax et des vitamines. Mais je connais pas les effets du médicament. Et jsuis pas trop trop pour ces trucs là. Si qlqn a des retours...? #xanax #medicaments	xanax	DB00404	CC1=NN=C2CN=C(C3=CC=CC=C3)C3=C(C=CC(Cl)=C3)N12
1196100488518885377	0	Mdr ça me fais rire de voir des boloss qui se defoncent au xanax et anxiolytiques en se croyant « cool ». Y’a pleins d’autres manières de se defoncer hein	xanax	DB00404	CC1=NN=C2CN=C(C3=CC=CC=C3)C3=C(C=CC(Cl)=C3)N12
1198270221129277440	0	@username @username tu sais qu une psychose ca se soigne mon gars?.....Xanax tu connais?..quand on est omnibulé par un sujet cela est etre atteint de psychose ..ca te faire soigner pauvre raciste	xanax	DB00404	CC1=NN=C2CN=C(C3=CC=CC=C3)C3=C(C=CC(Cl)=C3)N12
1197790360904355842	0	Hâte de ouf aussi pour prendre tu xanax et parler de mon ex h36 😍😍	xanax	DB00404	CC1=NN=C2CN=C(C3=CC=CC=C3)C3=C(C=CC(Cl)=C3)N12
1194204584383852544	0	@username @username Un xanax, deux prozac et au lit.	xanax~prozac	DB00404~DB00472	CC1=NN=C2CN=C(C3=CC=CC=C3)C3=C(C=CC(Cl)=C3)N12~~~CNCCC(OC1=CC=C(C=C1)C(F)(F)F)C1=CC=CC=C1
1195386242562756609	0	@username je vois fréquemment sur des bronchiolite de nourrisson encore... ça ou seretide :(			
1196761084969078784	0	Je suis en PLS là.. waay #ventoline link			
1198674495965483008	0	@username Eau de Voltaren	voltaren	DB00586	OC(=O)CC1=CC=CC=C1NC1=C(Cl)C=CC=C1Cl
1139648663423205379	0	Rapport sur le Levothyrox : _L'ANSM est à la fois juge et partie dans cette affaire_, selon une association de malades  link via @username			
1199103956531765251	0	benoit il sait toujours pas dire/écrire ventoline putain			
1194381354475118597	0	@username quand on sait pas écrire ventoline correctement on se tait  espion furtif là			
1197465150145601538	0	Merci à Monsieur Salbutamol pour son invention.	salbutamol	DB01001	CC(C)(C)NCC(O)C1=CC(CO)=C(O)C=C1
1198221139606228994	0	@username Merci !!! J’espère que mon compte sera sertifier juste marre de me réveiller les matins avec la boule au ventre en espérant que @username se décide... le Lexo et le Xanax je recommande c’est bon...	xanax	DB00404	CC1=NN=C2CN=C(C3=CC=CC=C3)C3=C(C=CC(Cl)=C3)N12
1133376505386545152	0	Je marche lentement en boitant. Mes douleurs sont à 7-8 constamment. Je suis sous morphine et ai besoin de m’asseoir systématiquement dès que j’en ai l’opportunité.	morphine	DB00295	[H][C@@]12OC3=C(O)C=CC4=C3[C@@]11CCN(C)[C@]([H])(C4)[C@]1([H])C=C[C@@H]2O
1144825664647979009	0	"Abidjan. Tu enlèves ta ventoline de ta poche parce que tu suffoques, on te dis """" ah le choco, tu joue aux français la"""" link"			
1198544918110769153	0	@username @username La paroxetine est un peu anticholinergique , donc effectivement un peu sédative   , en #ehpad j'aime pas trop la voir si début de patho cognitive	paroxetine	DB00715	FC1=CC=C(C=C1)[C@@H]1CCNC[C@H]1COC1=CC2=C(OCO2)C=C1
1198001075258904577	0	Après avoir angoissé toute la journée j’ai fait une crise de panique y a 1h, j’ai littéralement COURU chercher un Xanax car j’ai cru que j’étais en train de caner, je me dit que le chemin est encore long quand ça arrive... :/	xanax	DB00404	CC1=NN=C2CN=C(C3=CC=CC=C3)C3=C(C=CC(Cl)=C3)N12
1198268620759011329	0	#Levothyrox Voix des malades ignorée, crise sanitaire amplifiée @username @username @username @username @username @username @username @username @username @username @username @username @username @username @username			
1171890987796488192	0	"Moi : pose une perf de NaCl avec marqué """"morphine"""" dessus et le patient n'a plus mal. Mon étudiant : link"	morphine~mal	DB00295~DB00825	[H][C@@]12OC3=C(O)C=CC4=C3[C@@]11CCN(C)[C@]([H])(C4)[C@]1([H])C=C[C@@H]2O~~~CC(C)[C@@H]1CC[C@@H](C)C[C@H]1O
1197947849553653766	0	Le Tramadol et le Subutex ne suffisent plus.	tramadol~subutex	DB00193~DB00921	COC1=CC=CC(=C1)[C@@]1(O)CCCC[C@@H]1CN(C)C~~~CO[C@]12CC[C@@]3(C[C@@H]1[C@](C)(O)C(C)(C)C)[C@H]1CC4=C5C(O[C@@H]2[C@@]35CCN1CC1CC1)=C(O)C=C4
1194586258900692992	0	Metoprolol Livraison 24h link link	metoprolol	DB00264	COCCC1=CC=C(OCC(O)CNC(C)C)C=C1
1197253306613190656	0	Toi t’es un bavon à part y’a première affirmation est fausse lil peep est juste un toxicomane dépressif addict au Xanax mais sûrement pas un génie	xanax	DB00404	CC1=NN=C2CN=C(C3=CC=CC=C3)C3=C(C=CC(Cl)=C3)N12
1194699162845110274	0	@username Ils vont te shooter au Xanax non ? 😊	xanax	DB00404	CC1=NN=C2CN=C(C3=CC=CC=C3)C3=C(C=CC(Cl)=C3)N12
1194440182432489478	0	je viens de penser que y’a des gens qui prennent du xanax recreativement j’ai aucune vanne c’est juste des autistes	xanax	DB00404	CC1=NN=C2CN=C(C3=CC=CC=C3)C3=C(C=CC(Cl)=C3)N12
1197961392659271685	0	adrian veut que j’l’accompagne au Quick j’lui rep en gros que j’compte pas bouger de mon lit avant 23h il essaye de me convaincre puis termine avec un “you want xanax?”	xanax	DB00404	CC1=NN=C2CN=C(C3=CC=CC=C3)C3=C(C=CC(Cl)=C3)N12
1195071713618333696	0	@username C le xanax qui t’encule plutôt	xanax	DB00404	CC1=NN=C2CN=C(C3=CC=CC=C3)C3=C(C=CC(Cl)=C3)N12
1195305657790074880	0	@username @username @username @username @username @username @username   Lexomil -&gt; check Xanax -&gt; check Vodka -&gt; check Cartouche de cigarettes -&gt; check  Je suis prêt pour vos match de ce soir les gars 😅😂 Plus sérieusement un pti 3-0 comme hier on achète le scénar 😉	xanax~pr	DB00404~DB00825	CC1=NN=C2CN=C(C3=CC=CC=C3)C3=C(C=CC(Cl)=C3)N12~~~CC(C)[C@@H]1CC[C@@H](C)C[C@H]1O
1198657067839565824	0	Je disais que cette réforme avait été sponsorisée par Xanax, pour les profs les élèves et les parents. Je ne blague plus. Et c'est grave.	xanax	DB00404	CC1=NN=C2CN=C(C3=CC=CC=C3)C3=C(C=CC(Cl)=C3)N12
1196809277324832768	0	et je ressort de chez ma psy avec 2 Xanax par soir	xanax	DB00404	CC1=NN=C2CN=C(C3=CC=CC=C3)C3=C(C=CC(Cl)=C3)N12
1197849250849267713	0	@username Anny Duperey lanceuse d’alerte ? Je suis déçue... on lui a donné davantage un micro parce qu’elle était connue. Par contre la créatrice de la pétition du #levothyrox ou les deux présidentes des associations auraient été mieux placées	micro~pr	DB11304~DB00825	CC(C)[C@@H]1CC[C@@H](C)C[C@H]1O
1197514057793839105	0	vous savez la d’ici cette semaine j’aurai re du xanax je vais surdoser juste pour dormir 17h par jour vraiment quel bonheur j’aurai plus besoin de reflechir a ma vie de merde	xanax	DB00404	CC1=NN=C2CN=C(C3=CC=CC=C3)C3=C(C=CC(Cl)=C3)N12
1157212154061348864	0	En octobre 2018, un proche du dirigeant italien a rencontré des représentants russes à l'hôtel Metropol de Moscou pour évoquer un possible coup de pouce financier avant les élections européennes de mai.			
1199721132192124928	0	@username @username purée... voltarene? bon courage :/			
1197117012570497026	0	@username Et oui mais en soit c'est un mal pour un bien (essaie au pire mais la ventoline c'était pas ouf surtout dans le fumoir de la be)	mal	DB00825	CC(C)[C@@H]1CC[C@@H](C)C[C@H]1O
1198397826482548736	0	jmen remet pas wsh VENTOLINE SVP			
1198677732458221569	0	@username @username Je vais chercher un xanax jreviens 😂😂😂😂	xanax	DB00404	CC1=NN=C2CN=C(C3=CC=CC=C3)C3=C(C=CC(Cl)=C3)N12
1173664007494017024	0	Une ventoline svp elle a dead sa 🥵			
1159440527026282501	0	@username @username Moi j'en suis à la morphine ! Trop de douleurs 😔	morphine	DB00295	[H][C@@]12OC3=C(O)C=CC4=C3[C@@]11CCN(C)[C@]([H])(C4)[C@]1([H])C=C[C@@H]2O
1197618521594839042	0	@username Effets secondaires indésirables du XANAX : • somnolence • étourdissements, vertiges • maladresse, instabilité • pertes de mémoire (amnésie) • troubles de l'élocution • ralentissement de la pensée • maux de tête • tremblements • vision floue	xanax	DB00404	CC1=NN=C2CN=C(C3=CC=CC=C3)C3=C(C=CC(Cl)=C3)N12
1197071169633050624	0	@username @username @username @username Il devrait prendre un xanax le garçon 🤣🤣	xanax	DB00404	CC1=NN=C2CN=C(C3=CC=CC=C3)C3=C(C=CC(Cl)=C3)N12
1196703740025282560	0	Chez Tampax, ça va, c'est chez MicroLax qu'ils en chient... link			
1149781820843708416	0	et dans la ville j'revends le tramadol nassim ne le sait pas	tramadol	DB00193	COC1=CC=CC(=C1)[C@@]1(O)CCCC[C@@H]1CN(C)C
1196786765480284161	0	Vu que j’ai commencé le Xanax et qu’il faut un tps d’adaptation je retourne pas en cours pour au moins une semaine lol ça va être marrant le retour	xanax	DB00404	CC1=NN=C2CN=C(C3=CC=CC=C3)C3=C(C=CC(Cl)=C3)N12
1194651155114201089	0	@username Basically j’étais censée avoir une angine blanche jusque là trql j’ai du mal à avaler mais le docteur me donne des antibiotiques. Ce matin je me réveille : impossible de respirer sans ma ventoline, impossible de parler ou manger. Ne serait-ce que boire de l’eau je pelure mdr	mal	DB00825	CC(C)[C@@H]1CC[C@@H](C)C[C@H]1O
1195054035587522560	0	A.Aslan : Donner des benzodiazépines c’est remplacer une addiction par une autre. Buprénorphine (?) ne traite pas non plus le problème de fond. Il faut absolument garder le désir qui permet de conserver la tête hors de l’eau. Or les antidépresseurs écrasent le désir			
1198183316832305152	0	@username @username @username Je vois pas en quoi c’est un susucre de dire au patient qu’un Stagid boîte de 100 quand il en prends 2/ on lui mettra 2 boites en 3 mois et non 3.. c’est déjà le quotidien en fait.			
1197817949735796737	0	@username C’est quoi ce Flo sous Xanax là	xanax	DB00404	CC1=NN=C2CN=C(C3=CC=CC=C3)C3=C(C=CC(Cl)=C3)N12
1195011632197492742	0	Supplément xanax/somnifère pour réussir à dormir et gérer tout le stress accumulé et une cure de vitamines pour réussir à tenir toute la journée/semaine sans s'écrouler. On le fait quand vous voulez vu que c'EsT fAcIlE🤪🤪🤪🤪🤪🤪🤪	xanax	DB00404	CC1=NN=C2CN=C(C3=CC=CC=C3)C3=C(C=CC(Cl)=C3)N12
1104447728380190722	0	"Suite à cet article du journal Les Jours du 08/11/18, le ministère de la Santé à répondu : """"Si le CNRS nous transmet des résultats, nous les rendrons publics, nous sommes très intéressés de les avoir"""". Les malades du #Levothyrox aussi. link"			
1197564944251834368	0	@username @username Bonne idée je vais créer un mélange de somnifères et xanax	xanax	DB00404	CC1=NN=C2CN=C(C3=CC=CC=C3)C3=C(C=CC(Cl)=C3)N12
1198717025369182214	0	Y'a un truc qui m'embête dans la pub Imodium, c'est que Paul tourne le bouton dans le sens anti-horaire pour monter le son de la chanson sur laquelle il va danser, et il me semble que tous les boutons de ce genre que j'ai connu dans ma vie fonctionnaient dans l'autre sens.	imodium	DB11074	
1199305306829926402	0	@username Perso j'ai déjà réussi a en avoir en allant a une pharmacie loin de chez moi et en disant que je logeais chez un ami dont les animaux me provoquait de l'asthme allergique et que j'avais oublié ma ventoline. La personne a râlé mais finalement c'est passé			
1195643978261159937	0	@username @username Mais de quoi tu parles ? C'est l'état qui raque. Et dans le cas où des fraudes sont avérées (vioxx) les clauses ne jouent pas.	vioxx	DB00533	CS(=O)(=O)C1=CC=C(C=C1)C1=C(C(=O)OC1)C1=CC=CC=C1
1196850076968214529	0	A quand un partenariat Prozac ou Lexomile pour Adrien #mavachou ? À ce niveau de déprime les pierres ne suffisent plus, il faut sortir l'artillerie lourde	prozac	DB00472	CNCCC(OC1=CC=C(C=C1)C(F)(F)F)C1=CC=CC=C1
1195627370805448707	0	@username @username @username @username @username @username Heureusement on a le Sildenafil !	sildenafil	DB00203	CCCC1=NN(C)C2=C1N=C(NC2=O)C1=CC(=CC=C1OCC)S(=O)(=O)N1CCN(C)CC1
1194263836351762432	0	- docteur il n'y a plus d'euthyrox. Mais pas de pb j'en ai 734 comprimés d'avance! -.....soit. link	euthyrox	DB00451	N[C@@H](CC1=CC(I)=C(OC2=CC(I)=C(O)C(I)=C2)C(I)=C1)C(O)=O
1197238503484133376	0	@username @username Prenez vite un Xanax®️. Voire deux.	xanax	DB00404	CC1=NN=C2CN=C(C3=CC=CC=C3)C3=C(C=CC(Cl)=C3)N12
1199003909701935105	0	@username @username Donnez lui ça ventoline aussi la !			
1196833319587078145	0	@username Franchement j'ai testé, stressé ca dépend vraiment de toi et ton niveau de stress, moi ça fonctionne pas du tout (en même temps même xanax en basse dose ca me fait rien) après test en vrai tu risque rien du tout	xanax	DB00404	CC1=NN=C2CN=C(C3=CC=CC=C3)C3=C(C=CC(Cl)=C3)N12
1148957000761520129	0	34% aux européennes...  La Ligue de Salvini, allié #1 de @username, a demandé à Poutine des #millions de $ pour financer sa campagne, au Metropol de Moscou le 18/10/2018.  Et c’est illégal.  Enregistrement audio ici ⤵, documenté par @username   link	alli	DB01083	CCCCCCCCCCC[C@@H](C[C@@H]1OC(=O)[C@H]1CCCCCC)OC(=O)[C@H](CC(C)C)NC=O
1194861748848877569	0	Mmdrrr quand elle lui arrache le nez !!! #ventoline link			
1197446021846097920	0	En plus j'ai pas pris ma ventoline 😔			
1198711992938369032	0	@username Pristiq hoe	pristiq	DB06700	CN(C)CC(C1=CC=C(O)C=C1)C1(O)CCCCC1
1138117381744660480	0	Livraison offerte #BaumeduTigre #Counterpain #Voltaren #AloeVera #PoCare link link	voltaren	DB00586	OC(=O)CC1=CC=CC=C1NC1=C(Cl)C=CC=C1Cl
1196314006732115973	0	jsuis vrmt la meuf la plus conne au monde j’ai oublier de prendre une ventoline pr le lycée alors que g fais des crises d’asthme tt la nuit	pr	DB00825	CC(C)[C@@H]1CC[C@@H](C)C[C@H]1O
1199444515058278401	0	Le cardiologue m'a un peu fait culpabiliser et dit qu'il trouvait l'inexium trop radical du coup je l'ai arrêté Au bout de 2j c'était reparti de plus belle 😔 après 4j de traitement c'est pas encore ça Aujourd'hui a vraiment été difficile pour Lucien 😖...			
1198556046593277952	0	PTDRRRR elle a justifié son fou rire par la ventoline jui cuit 😭😭😭			
1199206671362469890	0	@username Est-ce que tu lui as demandé suite à cette crise d'hystérie, si elle prenait ses xanax par voie rectal ? 🤔	xanax	DB00404	CC1=NN=C2CN=C(C3=CC=CC=C3)C3=C(C=CC(Cl)=C3)N12
1194820801477906433	0	@username @username 😂 😂 Tu veux un xanax frère ?	xanax	DB00404	CC1=NN=C2CN=C(C3=CC=CC=C3)C3=C(C=CC(Cl)=C3)N12
1194344317101330432	0	@username Mdrrrr, mets de la glace dessus et après tu mets de la crème style Voltaren et repose ton bras, déjà ça devrait allé mieux demain si tu fais ça ce soir 😊	voltaren	DB00586	OC(=O)CC1=CC=CC=C1NC1=C(Cl)C=CC=C1Cl
1198575867053723648	0	déjà je respire juste et tu dois sortir ta ventoline			
1195854455180333056	0	Meilleur prix Cipro 250 mg – Livraison express – Pharmacie Sèvres link link	cipro	DB06770	OCC1=CC=CC=C1
1196094114724503553	0	@username Salbutamol, Loratadina, Otrivina😪	salbutamol	DB01001	CC(C)(C)NCC(O)C1=CC(CO)=C(O)C=C1
1194948533314629632	0	En plus de la contrefaçon on retrouve de la Prégabaline expirée sur le marché. Cepalapenn	pr	DB00825	CC(C)[C@@H]1CC[C@@H](C)C[C@H]1O
1197609849481240581	0	@username bilan lancé par mon collègue (je reprends le dossier ce jour) mais les urgences l’ont mis sous Eliquis avant donc je ne sais pas si le bilan de thrombophilie sera perturbé et en cas de SAPL on risque de taper à côté, non ?	eliquis	DB06605	COC1=CC=C(C=C1)N1N=C(C(N)=O)C2=C1C(=O)N(CC2)C1=CC=C(C=C1)N1CCCCC1=O
1195813199767101440	0	@username @username Personne ne t’a agressé. Bonne soirée.  Pense à prendre ton prosac.  Un xanax à ma santé.	xanax	DB00404	CC1=NN=C2CN=C(C3=CC=CC=C3)C3=C(C=CC(Cl)=C3)N12
1197513531677118464	0	Une femme qui allaite doit consulter son médecin avant de prendre ces médicaments, afin de déterminer si elle peut continuer à allaiter ( Médicaments pendant l’allaitement). Pour nombre de ces médicaments (comme la sertraline et la paroxétine), l’allaitement reste autorisé.	sertraline	DB01104	CN[C@H]1CC[C@@H](C2=CC(Cl)=C(Cl)C=C2)C2=CC=CC=C12
1135939670574018562	0	SEIGNEUUUUUR.. Emmenez-moi d’la ventoline, j’crois être asthmatique link			
1194281102761967616	0	Salut la #teampharma ! Xanax, 1 comprimé le matin, 1 demi le soir. Patient un peu connu de la pharmacie.  Le premier mois, délivrance de 2 boîtes. Le deuxième mois :	xanax	DB00404	CC1=NN=C2CN=C(C3=CC=CC=C3)C3=C(C=CC(Cl)=C3)N12
1198407784833916928	0	Rachelle elle veut prendre du xanax wsh ça va pas dans sa tete ????	xanax	DB00404	CC1=NN=C2CN=C(C3=CC=CC=C3)C3=C(C=CC(Cl)=C3)N12
1146492795579969537	0	J'ai été accro à la morphine à 14 ans, j'ai subis plus de 20 anesthésies générales qui m'ont provoqué des troubles irreversibles de la mémoire POUR PASSER PREMS À DISNEY PARCE QUE : WHAT A TREAT #MonPrivilègeHandiPréféré link	morphine	DB00295	[H][C@@]12OC3=C(O)C=CC4=C3[C@@]11CCN(C)[C@]([H])(C4)[C@]1([H])C=C[C@@H]2O
1194292420231532545	0	Quel plaisir (non) d'avoir de nouveau les doigts de l'asthme qui se resserrent sur mon cou. Je ne supporte pas mon écharpe et j'en ai besoin pour le froid... Et, BIEN SÛR, j'ai oublié ma ventoline. Je dois attendre d'être chez moi pour arrêter de m'étouffer...			
1197412830116401153	0	✔️ Lamotrigine (Lamictal° ou autre) : prévenir les effets indésirables cutanés graves Lire la suite ➡️ link #IDEL #médicaments #infirmiers #infirmière link	lamotrigine~lamictal~pr	DB00555~DB00825	NC1=NC(N)=C(N=N1)C1=C(Cl)C(Cl)=CC=C1~~~CC(C)[C@@H]1CC[C@@H](C)C[C@H]1O
1195613624208953349	0	@username @username @username Mdrrr je comprend pas pk tu es aussi méchant tu as un problème ac l’islam tt simplement détend toi y’a une forme de haine et de jalousie en toi prend un xanax et détend toi je t’invite à lire correctement	xanax	DB00404	CC1=NN=C2CN=C(C3=CC=CC=C3)C3=C(C=CC(Cl)=C3)N12
1199447311933419526	0	Bon on s’est bien amuser ce soir mais demain c notre tour je prépare déjà ma ventoline	pr	DB00825	CC(C)[C@@H]1CC[C@@H](C)C[C@H]1O
1197818002793750528	0	"Ceci dit quand je vois, quand j'entends @username j'ai juste envie de me mettre sous prozac France """"trop négative"""": pour Sibeth Ndiaye, """"notre ambiance est plutôt à la sinistrose"""" link"	prozac	DB00472	CNCCC(OC1=CC=C(C=C1)C(F)(F)F)C1=CC=CC=C1
1155620589828280324	0	J’ai fais quoi pour mériter de souffrir au point d’être sous morphine ptn ??????	morphine	DB00295	[H][C@@]12OC3=C(O)C=CC4=C3[C@@]11CCN(C)[C@]([H])(C4)[C@]1([H])C=C[C@@H]2O
1197670144153182208	0	A ce niveau autant dormir avec la ventoline ds la bouche par contre wsh jpeux mm pas respirer sans tousser 😢😢😢😢			
1199667881925074944	0	"@username Par contre, si vous pouviez me rappeler de plus jamais faire ça au boulot... Mes propres vannes, bien que moisies, me font éclater de rire. Et j'y suis entourée de gens qui comprendraient pas en quoi c'est drôle, """"les chevaliers du Prozac"""". 🤣"	prozac	DB00472	CNCCC(OC1=CC=C(C=C1)C(F)(F)F)C1=CC=CC=C1
1198305746175365121	0	@username Des médicament à visée cardiaque surtout, amiodarone (anti-arythmique) et apixaban (anti-coagulant).  Rien qui nécessite d’etre pris a la minute pres, mais cest bon, c’est réglé!	amiodarone~apixaban	DB01118~DB06605	CCCCC1=C(C(=O)C2=CC(I)=C(OCCN(CC)CC)C(I)=C2)C2=C(O1)C=CC=C2~~~COC1=CC=C(C=C1)N1N=C(C(N)=O)C2=C1C(=O)N(CC2)C1=CC=C(C=C1)N1CCCCC1=O
1198958721080184833	0	Fluoxétine, Xanax et tequila	xanax	DB00404	CC1=NN=C2CN=C(C3=CC=CC=C3)C3=C(C=CC(Cl)=C3)N12
1199302852612689921	0	Comment on fait pour avoir une ventoline sans prescription ?			
1194711088467730432	0	@username @username Il a s’est étouffé la ventoline lui a pas suffit			
1194552116448239616	0	@username @username Elle a raison mais un petit xanax ne ferai pas de mal pour les calmer un peu car c est le bordel ce matin un peu dérangeant quand même	xanax~mal	DB00404~DB00825	CC1=NN=C2CN=C(C3=CC=CC=C3)C3=C(C=CC(Cl)=C3)N12~~~CC(C)[C@@H]1CC[C@@H](C)C[C@H]1O
1162130933966921728	0	@username j’ai trop la flemme d’aller chercher ma ventoline donc jvous tiens juste au jus, si jamais je tweet plus après ce tweet vs savez ce que je deviens quoi			
1199252529185480705	0	@username Les ruminations anxio-dépressives, c'est quand ton transit est bloqué entre ton feuillet et ta caillette parce que tu es en manque de Xanax.	xanax	DB00404	CC1=NN=C2CN=C(C3=CC=CC=C3)C3=C(C=CC(Cl)=C3)N12
1197450266032906241	0	@username C’est trop agréable !! Et si je peux te conseiller une crème qui fait aussi du bien c’est flector en gel, en tant que grosse malade du dos je te conseille aha 😉	flector	DB00586	OC(=O)CC1=CC=CC=C1NC1=C(Cl)C=CC=C1Cl
1198895544464236544	0	@username Agneeeeees bordel ... T'a encore oublié de prendre ton Prozac !	prozac	DB00472	CNCCC(OC1=CC=C(C=C1)C(F)(F)F)C1=CC=CC=C1
1199706587377684485	0	link  Un article paru le 26 novembre 2019 sur le site link, émanant du groupe MJH Life Sciences ™ (parmi les plus importants médias médicaux aux États-Unis) aborde le rôle de la lamotrigine dans les troubles bipolaires . link	lamotrigine	DB00555	NC1=NC(N)=C(N=N1)C1=C(Cl)C(Cl)=CC=C1
1196177434166661128	0	@username trql gros respire, prend ta ventoline je te sens tendu la			
1194169679222325249	0	Baclofène : il provoquerait une confusion mentale chez les patients atteints dinsuffisance rénale link			
1129857026740367360	0	"@username Les victimes du Levothyrox auxquelles il n'a JAMAIS répondu (nbx courriers cf 2 çi-dessous) et qu'il a absolument ignore.é.s, se préparent aussi pr son """"débouché politique"""" : elles votent et st nombreuses. C'est ballot link link"	pr	DB00825	CC(C)[C@@H]1CC[C@@H](C)C[C@H]1O
1139554485813035009	0	en mode c’est lil xanax c’est quoi ce mouvement contre drake ? ptdr c’est l’artiste préféré de ton artiste préféré même link	xanax~pr	DB00404~DB00825	CC1=NN=C2CN=C(C3=CC=CC=C3)C3=C(C=CC(Cl)=C3)N12~~~CC(C)[C@@H]1CC[C@@H](C)C[C@H]1O
1198603107640520705	0	@username Adderall a balle dans les compet	adderall	DB01576	C[C@H](N)CC1=CC=CC=C1
1194993691175407618	0	La ventoline fait très sérieusement des miracles... J'ai cru que je n'arriverais jamais à arrêter ma petite crise d'asthme 😳🥺			
1197915218355146753	0	Nouveau médicament ! Le Viazac. C'est le mélange du viagra et du prozac. Comme ça si tu bandes pas, tu t'en fous #BlaguesFriday	viagra~prozac	DB00203~DB00472	CCCC1=NN(C)C2=C1N=C(NC2=O)C1=CC(=CC=C1OCC)S(=O)(=O)N1CCN(C)CC1~~~CNCCC(OC1=CC=C(C=C1)C(F)(F)F)C1=CC=CC=C1
1199579797892030464	0	Le dernier épisode de notre podcast est sorti hier !  On y parle de #LaBelleEpoque, du dernier album de @username et de #LaMachinedeTuring.  Gardez la pêche 🍑  #IPFMimes  Episode 7 – Une Epoque, un Xanax et une Enigme épisode de Intégralement Pas Filmé link	xanax	DB00404	CC1=NN=C2CN=C(C3=CC=CC=C3)C3=C(C=CC(Cl)=C3)N12
1197973663305351174	0	Les parieurs sous ventoline #TeamParieur			
1195398776116142092	0	@username @username Il semblerait que oui Une cure de xanax pour une meilleure part variable 💊	xanax	DB00404	CC1=NN=C2CN=C(C3=CC=CC=C3)C3=C(C=CC(Cl)=C3)N12
1199050306912473089	0	@username @username et bien en attendant prend du Prozac et va dormir😂😂	prozac	DB00472	CNCCC(OC1=CC=C(C=C1)C(F)(F)F)C1=CC=CC=C1
1153738018416746496	0	Eh biloute c'est ko lo viagra des fommes ? Boh la carte blo !!	viagra	DB00203	CCCC1=NN(C)C2=C1N=C(NC2=O)C1=CC(=CC=C1OCC)S(=O)(=O)N1CCN(C)CC1
1194342988794580992	0	Les patients à haut risque cardiovasculaire pourraient bénéficier de l’association rivaroxaban-aspirine link	rivaroxaban	DB06228	ClC1=CC=C(S1)C(=O)NC[C@H]1CN(C(=O)O1)C1=CC=C(C=C1)N1CCOCC1=O
1195840558524182528	0	@username xanax y LQSA	xanax	DB00404	CC1=NN=C2CN=C(C3=CC=CC=C3)C3=C(C=CC(Cl)=C3)N12
1171136456913539072	0	link encore une fois ARTE fait le taff. Il y’a une drogue qui tue à petit feu les jeunes Togolais dans l’indifférence la plus totale des autorités. Le tramadol, la cocaine du pauvre..	tramadol~cocaine	DB00193~DB00907	COC1=CC=CC(=C1)[C@@]1(O)CCCC[C@@H]1CN(C)C~~~[H][C@]12CC[C@]([H])([C@H]([C@H](C1)OC(=O)C1=CC=CC=C1)C(=O)OC)N2C
1196159742353321984	0	@username @username @username @username De mon expérience de patiente, le Laroxyl est horrible. J'avais horriblement mal aux yeux tellement ça les a desséché. Le Cymbalta a des effets anticholinergiques bien moins pire.  Enfin je suppose que les patients à sécheresse oculaire sévère sont rares donc c'est pas grave😅.	mal~cymbalta	DB00825~DB00476	CC(C)[C@@H]1CC[C@@H](C)C[C@H]1O~~~CNCC[C@H](OC1=CC=CC2=CC=CC=C12)C1=CC=CS1
1194208388948938752	0	« 14 décès de patients sous Levothyrox ont été enregistrés dans la banque nationale de données recensant les effets secondaires en France » ad minima, minimum...  C'est mathématique !?!  link			
1194322998444068865	0	@username Mdrrr le Prozac, une tel arnaque pour moi	prozac	DB00472	CNCCC(OC1=CC=C(C=C1)C(F)(F)F)C1=CC=CC=C1
1195725368910663681	0	@username Prends un xanax déjà, ensuite soufflé :)	xanax~ensuite	DB00404~DB11121	CC1=NN=C2CN=C(C3=CC=CC=C3)C3=C(C=CC(Cl)=C3)N12~~~CC1=CC(O)=CC(C)=C1Cl
1199023073590202370	0	Deroxat suspension buvable : distribution contingentée link			
1198938526508818438	0	@username Smooches. J'ai doctor cet aprèm pour quémander des médocs sur ordonnance. J'ai fini mon avamys et les trucs au comptoir ça aide que le temps de le prendre. Le lendemain, boom!	avamys	DB08906	[H][C@@]12C[C@@H](C)[C@](OC(=O)C3=CC=CO3)(C(=O)SCF)[C@@]1(C)C[C@H](O)[C@@]1(F)[C@@]2([H])C[C@H](F)C2=CC(=O)C=C[C@]12C
1154018478753554432	0	🔥SÉLECTION PROMOS DU JOUR🔥  45€ LA NIKE AIR TERRA HUMARA  ↙️  link  PAS DE CODE 😇 @username link	air	DB09337	
1194302224714883072	0	@username @username @username Laisse tomber il est sous prozac toute la journée !!!	prozac	DB00472	CNCCC(OC1=CC=C(C=C1)C(F)(F)F)C1=CC=CC=C1
1197577398016978945	0	@username Offrez lui de la ventoline pour Noël			
1199419811471773698	0	Bon bah maintenant j'apprends que je suis asthmatique et qu'à partir de maintenant j'aurais toujours de la ventoline sur moi. Et il reste encore plus d'un mois avant 2020 :)			
1196882343715393537	0	@username Jm'en branle du courage, donnes moi de la vodka et du Xanax ça fera l'affaire  ༎ຶ‿༎ຶ	xanax	DB00404	CC1=NN=C2CN=C(C3=CC=CC=C3)C3=C(C=CC(Cl)=C3)N12
1195469392987000834	0	Je suis à J+13 de ma TS. Arrêt total de tous les médicaments en réanimation et post réa. Reprise uniquement du Lamictal et Keppra pour l'épilepsie et un seul tranxène + 15 gouttes de Théralène à 22h. That's all. No more antidépresseur, somnifère, neuroleptique. Je suis heureuse !	lamictal~keppra	DB00555~DB01202	NC1=NC(N)=C(N=N1)C1=C(Cl)C(Cl)=CC=C1~~~CC[C@H](N1CCCC1=O)C(N)=O
1139375354181607425	0	On est sous la barre des 1:30. Envoyez la ventoline			
1195054937736171521	0	@username @username @username @username Vu comme tu démarres à 50 piges tu es Tati daniele, si jeune et si acariâtre, tu devrais faire des analyses il y a peut être un problème hormonal 😂 un point positif il n’y aura plus de changement de levothyrox			
1194596748469133312	0	Résumé de mes journées: noter mes prises d’oxycodone pour doser la douleur et pas oublier, parce que je perds la boule. link	oxycodone	DB00497	COC1=C2O[C@H]3C(=O)CC[C@@]4(O)[C@H]5CC(C=C1)=C2[C@@]34CCN5C
1130547829041238016	0	@username Aller acheter du Viagra d abord..	viagra	DB00203	CCCC1=NN(C)C2=C1N=C(NC2=O)C1=CC(=CC=C1OCC)S(=O)(=O)N1CCN(C)CC1
1199233735033597953	0	Patiente 40ne, depuis 3 mois prescription Venlaflaxine 75 mg, Alprazolam 0,5 mg, Lormetazepam 2mg. Refus de prendre la venlaflaxine car « ne se sent pas prête à assumer le fait qu’elle est dépressive »  Après interrogatoire: aucune amélioration  Rappel de l’importance du TTT	alprazolam~lormetazepam~pr	DB00404~DB13872~DB00825	CC1=NN=C2CN=C(C3=CC=CC=C3)C3=C(C=CC(Cl)=C3)N12~~~CN1C2=C(C=C(Cl)C=C2)C(=NC(O)C1=O)C1=CC=CC=C1Cl~~~CC(C)[C@@H]1CC[C@@H](C)C[C@H]1O
1195590912476356608	0	@username Hélas, ça sera mon cas dans une semaine !! Je veux bien du Xanax...	xanax	DB00404	CC1=NN=C2CN=C(C3=CC=CC=C3)C3=C(C=CC(Cl)=C3)N12
1195025191623184384	0	c'est super fort. elle pose le game la meuf, programme tenu, gamins drivés, résultats présents, zéro devoir, ptin jsais pas comment ni où elle a appris mais celle là elle va jamais recourir au prozac :)	pr~prozac	DB00825~DB00472	CC(C)[C@@H]1CC[C@@H](C)C[C@H]1O~~~CNCCC(OC1=CC=C(C=C1)C(F)(F)F)C1=CC=CC=C1
1198883923587141632	0	@username Jsp, j’ai pris des médocs, genre du xanax, c’est ce que Doctissimo m’a conseillé	xanax	DB00404	CC1=NN=C2CN=C(C3=CC=CC=C3)C3=C(C=CC(Cl)=C3)N12
1194335328879796230	0	@username @username @username @username On appelle ça : faire une fixette Jean Mich’  Prends ton xanax et dodo !	xanax	DB00404	CC1=NN=C2CN=C(C3=CC=CC=C3)C3=C(C=CC(Cl)=C3)N12
1195825331124539400	0	@username Pégate Imodium	imodium	DB11074	
1194258899416834048	0	@username L'imodium c'est à cause d'hier (mais c'était peut-être juste une petite intoxication alimentaire suite au wok de dimanche soir) Mais aujourd'hui disons que l'imodium j'en ai pas trop besoin	imodium	DB11074	
1194165681505415173	0	@username Kway cheminée tisane xanax	xanax	DB00404	CC1=NN=C2CN=C(C3=CC=CC=C3)C3=C(C=CC(Cl)=C3)N12
1197951088332283904	0	@username Jte sens tendue là tu veux un xanax un lexomil?	xanax	DB00404	CC1=NN=C2CN=C(C3=CC=CC=C3)C3=C(C=CC(Cl)=C3)N12
1141733446060072967	0	vous avez un mental de ouf les coureurs ptdr moi je tente 5min de run il me faut une ventoline alors que jsuis même pas asthmatique link			
1123618545240346631	0	@username Pas faute d'avoir prévenu. Allez un peu de Voltarene et demain ça ira mieux. link	pr	DB00825	CC(C)[C@@H]1CC[C@@H](C)C[C@H]1O
1195374732918624257	0	@username Mon médecin m'a juste dit de prendre le rendez vous et d'essayer la ventoline mais bon Je sais ma puce merci 💜			
1144755761219866629	0	@username @username @username @username @username Le mieux surtout c'est le zyprexa ou tout autre anti-psychotique	zyprexa	DB00334	CN1CCN(CC1)C1=NC2=CC=CC=C2NC2=C1C=C(C)S2
1196803503932542981	0	@username oui, tu pouvais même donner du XARELTO d'emblée (aux posologies qui vont bien cf RCP) qui a l'indication à la phase aigue d'une TVP ou d'une EP.	xarelto	DB06228	ClC1=CC=C(S1)C(=O)NC[C@H]1CN(C(=O)O1)C1=CC=C(C=C1)N1CCOCC1=O
1198691505055158273	0	jessy c'est vraiment le seul qui peut coincer ses écouteurs dans sa ventoline il me désespère			
1199445256154025984	0	Bon mes ami.e.s sous Venlafaxine, si vous arrêtez le medoc d'un coup ne vous tracasser pas après deux jours vous allez être de grosses loques très triste un petit moment!! C'est normal, mais prévenez votre entourage 😭	venlafaxine~pr	DB00285~DB00825	COC1=CC=C(C=C1)C(CN(C)C)C1(O)CCCCC1~~~CC(C)[C@@H]1CC[C@@H](C)C[C@H]1O
1197892802824351749	0	Eh la c la merd j’ai oublié ma sacoche. Si on m’attrape non seulement je suis sans papiers mais sans argent et ventoline orh			
1199047892733964288	0	Je la rejoins quand même sur le fait qu’il doit la soutenir mais par contre il va s’agir de prendre du prozac #LMvsMonde4	prozac	DB00472	CNCCC(OC1=CC=C(C=C1)C(F)(F)F)C1=CC=CC=C1
1119396011850588160	0	Vous vous souvenez de link ? Le viagra, testé, dans certains cas, soulageait les règles douloureuses, mais l’exécutif de Pfizer, en découvrant l'effet sur les hommes a laissé tomber cet aspect pour se focaliser sur l’érection?	viagra	DB00203	CCCC1=NN(C)C2=C1N=C(NC2=O)C1=CC(=CC=C1OCC)S(=O)(=O)N1CCN(C)CC1
1196018341598650368	0	"Je déclare la saison des """"Maman il reste combien de dodos avant Noël ?"""" entre 2 bouffées de ventoline ouverte #ChristmasIsComing #WinterIsHere"			
1156812955092209665	0	Greta Thunberg est financée par le lobby du Prozac c'est sur. link	prozac	DB00472	CNCCC(OC1=CC=C(C=C1)C(F)(F)F)C1=CC=CC=C1
1198592744165388289	0	@username besoin d’une ventoline			
1197909122747899906	0	des fois c tt l’inverse l’es effet secondaire et sinon je te conseille de prendre tcaps et pas levotyrox même si tu dois le payer			
1197602477014687752	0	@username @username Les mecs sous xanax	xanax	DB00404	CC1=NN=C2CN=C(C3=CC=CC=C3)C3=C(C=CC(Cl)=C3)N12
1198018554433548288	0	Mdr dans le métro je sais pas ce que j’ai eu je pouvais pas m’arrêter de tousser j’étais au bout de ma life et y’a une meuf trop chou qui m’a proposé sa ventoline et même de l’eau 🥺 mais comme j’ai une fierté de merde j’ai refusé 🤯			
1199430425736876033	0	C'est autre chose que les porte-manteaux de 200 grammes qui défilent avec un tube de Prozac dans chaque oeil...	prozac	DB00472	CNCCC(OC1=CC=C(C=C1)C(F)(F)F)C1=CC=CC=C1
1199648179056250880	0	Avec ma soeur ont a couru 10m  Moi arrive dans la voiture j’ai du prendre ma ventoline et ma soeur elle à un point de côté Mais ça va tranquille on va manger McDo là			
1194169344114208768	0	@username @username @username @username Pour peu qu'il embarque KK9 avec lui , tu peux faire une distribution de Prozac	prozac	DB00472	CNCCC(OC1=CC=C(C=C1)C(F)(F)F)C1=CC=CC=C1
1146913239369994240	0	La LU UpGrade officielle est composé de:  @username Support / Proxy @username Capitaine LIG et Hard breacher/ BP  @username Support / BP @username Entry fragger / roamer @username Flex / proxy Et notre PU LoSeC. link	bp	DB11244	C[Si]1(C)O[Si](C)(C)O[Si](C)(C)O[Si](C)(C)O[Si](C)(C)O1
1195227328395259904	0	J’ai pris dix alprazolam pour menreveiller a 7h ? Vrmt ? Le monde se fout de moi ??	alprazolam	DB00404	CC1=NN=C2CN=C(C3=CC=CC=C3)C3=C(C=CC(Cl)=C3)N12
1196571243891351553	0	@username Il faut tu te procure de la creme anti inflammatoire (flector , voltaren) t'appliques tt les soirs sur les adducteurs et tu vois comment ca evolue	procure~flector~voltaren	DB14539~DB00586	[H][C@@]12CC[C@](O)(C(=O)COC(C)=O)[C@@]1(C)C[C@H](O)[C@@]1([H])[C@@]2([H])CCC2=CC(=O)CC[C@]12C~~~OC(=O)CC1=CC=CC=C1NC1=C(Cl)C=CC=C1Cl
1197308809976397825	0	Advair de Light	advair	DB00938	OCC1=C(O)C=CC(=C1)C(O)CNCCCCCCOCCCCC1=CC=CC=C1
1194337733378035712	0	@username J'ai vraiment éteint et j'ai failli allumer Hanouna alors... Un xanax merci	xanax	DB00404	CC1=NN=C2CN=C(C3=CC=CC=C3)C3=C(C=CC(Cl)=C3)N12
1197770881180852224	0	Bon aujourd’hui je vais à l’activité de l’hôpital de jour à laquelle j’ai chialé toutes les larmes de ma vie la dernière fois, je suis dans le mal  Je viens de me xanaxer, du verbe « xanaxer » qui veut dire « bourrer de Xanax pour gérer sa vie et ses angoisses » mdr	mal~xanax	DB00825~DB00404	CC(C)[C@@H]1CC[C@@H](C)C[C@H]1O~~~CC1=NN=C2CN=C(C3=CC=CC=C3)C3=C(C=CC(Cl)=C3)N12
1196827594567692288	0	Génial la crise d’asthme sans ventoline			
1195356403357097984	0	Le Prozac qui est un anti dépresseur me déprime plus qu’autre chose heureusement que j’en prends plus 😥	prozac	DB00472	CNCCC(OC1=CC=C(C=C1)C(F)(F)F)C1=CC=CC=C1
1194303274511405056	0	Médicaments et environnement : vautours et étourneaux sous Prozac link	prozac	DB00472	CNCCC(OC1=CC=C(C=C1)C(F)(F)F)C1=CC=CC=C1
1195485549265653760	0	@username To do list Eisenhower: - racadrer Patton. - Check list pour excursion normande (essence, food, munitions, cercueils) - vérifier météo pour juin. - Acheter Xanax et Lexomil.  - Parler à Monty au sujet de sa randonnée foireuse en Hollande.  - re-recadrer Patton.	xanax	DB00404	CC1=NN=C2CN=C(C3=CC=CC=C3)C3=C(C=CC(Cl)=C3)N12
1196390513487818753	0	Bon, je confirme que plein de collègues ESR ne sont pas du tout au courant de l'impact de la réforme des retraites, en général et sur la leur.  Xanax propagandiste en action.  Plus sérieusement, quand le simulateur ESR sera plus user-friendly, n'hésitez pas à me tweeter le lien.	xanax	DB00404	CC1=NN=C2CN=C(C3=CC=CC=C3)C3=C(C=CC(Cl)=C3)N12
1196372099155320832	0	@username Ah ouais... pcq je pense qu'il y a autre chose à donner à une étudiante que du xanax... parfois les psy ne réfléchissent pas plus que ça =/  Le xanax, je le prends entre 2 saisons car c'est là que ça devient très difficile pour moi.	xanax	DB00404	CC1=NN=C2CN=C(C3=CC=CC=C3)C3=C(C=CC(Cl)=C3)N12
1138495963809624064	0	@username @username Un pokémon open world wsh ! Nintendo nous envoies du viagra en wifi là	viagra	DB00203	CCCC1=NN(C)C2=C1N=C(NC2=O)C1=CC(=CC=C1OCC)S(=O)(=O)N1CCN(C)CC1
1129084314740772870	0	Le viagra, c'est pas bon pour tout le monde, visiblement ... link	viagra	DB00203	CCCC1=NN(C)C2=C1N=C(NC2=O)C1=CC(=CC=C1OCC)S(=O)(=O)N1CCN(C)CC1
1168796268656619520	0	Dans Card Captor Sakura, l'anniversaire de Tomoyo Daidôji tombe le 3 septembre #birthday link			
1196559015033102337	0	@username @username @username @username Et que du coup, si ça fonctionne c'est tant mieux. Mais la paroxétine est très mal tolérée et son effet sédatif c'est du chiqué sincèrement.  Je me demande même comment on peut laisser un AD pareil encore sur le marché d'ailleurs.	mal	DB00825	CC(C)[C@@H]1CC[C@@H](C)C[C@H]1O
1195764010769166336	0	@username @username Ça va lui faire du bien. Un peu de ventoline. Lui qui critique bcp qui se fait passer pour un mec du 9.3 avec 10000 balles de salaire 😡😡😡😡😡😡😡😡			
1199721765355872256	0	@username @username Ah ouais tiens voltarene Et puis vais disparaitre dans un bain chaud link			
1154433632829870080	0	Rappel pour la canicule :  Buvez de l'eau  évitez de sortir  mangez 5 fruits et légumes par jour  regardez des deux côtés avant de traverser  repoussez vos injections de morphine  frappez vos enfants  abonnez-vous pour ne rater aucune vidéo  mettez un pull	morphine	DB00295	[H][C@@]12OC3=C(O)C=CC4=C3[C@@]11CCN(C)[C@]([H])(C4)[C@]1([H])C=C[C@@H]2O
1178581090732269568	0	@username Je plaisante 😂😂😘 Je t’envoie une pensée d’imodium 😉😅	imodium	DB11074	
1175394770245623808	0	@username @username @username Photo de ta ventoline tout de suite			
1198564191432564736	0	@username @username @username Bonne idée ! Je vais prendre un Xanax et vous l’insérer dans le fondement. Ce sera toujours plus cocasse que votre humoriste en carton-pâte.	xanax	DB00404	CC1=NN=C2CN=C(C3=CC=CC=C3)C3=C(C=CC(Cl)=C3)N12
1197574729969864706	0	@username Arg. Pas mon copain lui. Je le déteste. Duloxetine moins pire mais pas ca... Pregabaline moins pire encore.	duloxetine	DB00476	CNCC[C@H](OC1=CC=CC2=CC=CC=C12)C1=CC=CS1
1194863890028318720	0	@username Xanax mas 😬	xanax	DB00404	CC1=NN=C2CN=C(C3=CC=CC=C3)C3=C(C=CC(Cl)=C3)N12
1197978537090846723	0	Un jour le gars de ma copine m'a appelé en panik il avait même honte d me parler de ça  En fait pendant leur ham-ham elle s'est évanoui   Il ne savait pas quoi faire Heureusement je lui ai dit de fouiller la poche arrière de son sac à main,elle marchait toujours avec sa ventoline			
1199423349354618887	0	Africains elle prend un traitement quotidiennement pour vivre  Matin : cortizone une et demi le matin . Un physiotense deux et demi fludro cortisone un serc un amlor et un euthiroxe  Soir :une hydrocortisone un serc un amlor un physiotence un crestor  Depuis 2014 je m occupe dell	cortisone~serc~hydrocortisone~crestor	DB14681~DB06698~DB14539~DB01098	[H][C@@]12CC[C@](O)(C(=O)CO)[C@@]1(C)CC(=O)[C@@]1([H])[C@@]2([H])CCC2=CC(=O)CC[C@]12C~~~CNCCC1=CC=CC=N1~~~[H][C@@]12CC[C@](O)(C(=O)COC(C)=O)[C@@]1(C)C[C@H](O)[C@@]1([H])[C@@]2([H])CCC2=CC(=O)CC[C@]12C~~~CC(C)C1=NC(=NC(C2=CC=C(F)C=C2)=C1\C=C\[C@@H](O)C[C@@H](O)CC(=O)O)N(C)S(C)(=O)=O
1136637062604607488	0	@username @username @username Prenez un xanax. Ça vous détendra et vous aidera peut être à comprendre que ce drapeau représente un mouvement de personnes qui ont du vivre cachees pendant des décennies pour ne pas être persécutées. Un peu d’histoire ne vous fera pas de mal.	xanax~mal	DB00404~DB00825	CC1=NN=C2CN=C(C3=CC=CC=C3)C3=C(C=CC(Cl)=C3)N12~~~CC(C)[C@@H]1CC[C@@H](C)C[C@H]1O
1146131710549078018	0	#Santé | Plus de deux ans après le début de la crise, le dossier #Levothyrox n’est pas clos. Ce mardi, toutes les associations étaient réunies au ministère. ⁦@username⁩  link			
1196177507088830469	0	"@username La demi-vie du xanax est longue (jusqu'à 28h je crois) et est + ou - aléatoire selon le métabolisme de la personne.... on peut pas raisonnablement te dire que c'est 100% safe de boire """"quelques heures après la prise"""". Donc dans un monde idéal, bois sans prendre de xanax"	xanax	DB00404	CC1=NN=C2CN=C(C3=CC=CC=C3)C3=C(C=CC(Cl)=C3)N12
1196181824902434816	0	comment on fais pour se procurer du xanax	xanax	DB00404	CC1=NN=C2CN=C(C3=CC=CC=C3)C3=C(C=CC(Cl)=C3)N12
1197195486270230529	0	Cas clinique : le médecin s’interroge sur l’intérêt d’associer Effexor et Xanax, que pouvez-vous dire ?  Moi : cerveau j’ai besoin d’aide  Mon cerveau : link	effexor~xanax	DB00285~DB00404	COC1=CC=C(C=C1)C(CN(C)C)C1(O)CCCCC1~~~CC1=NN=C2CN=C(C3=CC=CC=C3)C3=C(C=CC(Cl)=C3)N12
1164465441617694720	0	Levothyrox : pourquoi Merck a fait du zèle dans l’évaluation de la nouvelle formule — via @username link			
1197251726950178816	0	@username @username @username @username C'est l'heure de prendre ton Xanax et d'aller au lit	xanax	DB00404	CC1=NN=C2CN=C(C3=CC=CC=C3)C3=C(C=CC(Cl)=C3)N12
1198389235092512770	0	@username masque à gaz, ils vont pensaient t'es un teffeur accro au prozac qui fait de la hardcore	prozac	DB00472	CNCCC(OC1=CC=C(C=C1)C(F)(F)F)C1=CC=CC=C1
1196975996282560513	0	Résumé 2  @username Y’a rien comme te crisser un doigt dans l’œil pour te faire réaliser que tu t’es mal lavé les mains après t’être badigeonnée de Voltaren.	mal~voltaren	DB00825~DB00586	CC(C)[C@@H]1CC[C@@H](C)C[C@H]1O~~~OC(=O)CC1=CC=CC=C1NC1=C(Cl)C=CC=C1Cl
1198617105953959937	0	@username Effectivement,  quand je la vois je prends un prozac !	prozac	DB00472	CNCCC(OC1=CC=C(C=C1)C(F)(F)F)C1=CC=CC=C1
1194701697534300160	0	la ventoline ma meilleure pote			
1197252463390318597	0	"Crise #Levothyrox : ce que nous aurions pu apprendre"""" link"			
1196901009760620545	0	J'ai du mal à ressentir de la compassion pour des quite fortunate middle-aged white male qui se plaignent que leur vie n'a pas de sens. Prenez un Xanax ça ira mieux après  #TheCrown	mal~xanax	DB00825~DB00404	CC(C)[C@@H]1CC[C@@H](C)C[C@H]1O~~~CC1=NN=C2CN=C(C3=CC=CC=C3)C3=C(C=CC(Cl)=C3)N12
1198291388015751171	0	@username @username Olala pas pour moi ptdrr ou alors je prends 700 ventoline j'ai fini à l'hôpital la dernière fois à cause du pollen			
1194970961730248704	0	Je connais #Epernay c'est plutôt vivant quand j'y vais le week end ! ça pétille le champ '  #Macron va encore #déprimer : personne dans la rue pour le #clamer #spontanément ! Vite donnez-lui un cachet de #Prozac ou de la poudre de perlimpinpin, #durdurdur d'être #président 😂 link	primer~prozac~poudre~pr	DB11576~DB00472~DB09321~DB00825	O=[Fe]O[Fe]=O~~~CNCCC(OC1=CC=C(C=C1)C(F)(F)F)C1=CC=CC=C1~~~O=[Zn]~~~CC(C)[C@@H]1CC[C@@H](C)C[C@H]1O
1195780962686242816	0	@username @username @username Ou alors elle restera telle qu'elle est jusqu'au moment où deux choix s'offriront a elle : les chats ou le Xanax	xanax	DB00404	CC1=NN=C2CN=C(C3=CC=CC=C3)C3=C(C=CC(Cl)=C3)N12
1198262884972806144	0	@username une enquête scientifique sur le #Levothyrox au lieu de masquer ? Le combat continue en premier au salon @username #Montreuil en sensibilisant la population avec la présence de nombreux #Medias. link	pr	DB00825	CC(C)[C@@H]1CC[C@@H](C)C[C@H]1O
1146504609822924800	0	@username Xanax roulette russe café crème de jour	xanax	DB00404	CC1=NN=C2CN=C(C3=CC=CC=C3)C3=C(C=CC(Cl)=C3)N12
1134848865482362880	0	@username Onfi Demaci	onfi	DB00349	CN1C2=C(C=C(Cl)C=C2)N(C2=CC=CC=C2)C(=O)CC1=O
1194433096701100032	0	@username ça va ou ta besoin d'une ventoline? Au passage on attend toujours ta couverture de magazine link			
1199800265769181184	0	La vie j’arrive plus à respirer ma ventoline svp 😭🤣🤣 « bling bling »			
1194296750154104833	0	Sondage Ifop : Marine Le Pen bat son record de popularité link j’en connais qui vont se rabattre sur la boite de lexomile ou Xanax @username @username @username @username	bat~xanax	DB13903~DB00404	CC1=NN=C2CN=C(C3=CC=CC=C3)C3=C(C=CC(Cl)=C3)N12
1198714434803392517	0	Ptdrrr y a eu une soirée de 50 prsn dans une salle et y a eu plein de trucs de volés genre écouteurs à 100 balles, gants, briquets, tabac, 40/50 balles, ET MÊME DE LA VENTOLINE et ça part en enquête criminelle dans le grp tout le monde s'accuse cest génial je prends mes popcorn			
1194791674645532672	0	@username @username JPP c'est J'en peux plus voilà :) Oh tu sais, G pris des somnifères pendant des années .A la longue ça ne fait plus rien.J'ai pris aussi du Xanax etc ss jamais abuser mais au quotidien .On en reparlera.Tjrs arrêter en diminuant,pas d'1 coup. Mais bon C au cas par cas :)	xanax	DB00404	CC1=NN=C2CN=C(C3=CC=CC=C3)C3=C(C=CC(Cl)=C3)N12
1140125132939321345	0	Addiction à l’alcool: la fin du mirage Baclofène  #Sante link			
1197813289289469953	0	@username Prenez un xanax, ça ira mieux ensuite 😉	xanax~ensuite	DB00404~DB11121	CC1=NN=C2CN=C(C3=CC=CC=C3)C3=C(C=CC(Cl)=C3)N12~~~CC1=CC(O)=CC(C)=C1Cl
1123893923158601728	0	Des traces de cocaïne, kétamine ou Xanax dans les crevettes en Angleterre link	xanax	DB00404	CC1=NN=C2CN=C(C3=CC=CC=C3)C3=C(C=CC(Cl)=C3)N12
1195014633326809088	0	"Ils ont tous des belles histoires à raconter du style """"Ma mère est décédée récemment"""" 🥳🥳🥳 #Prozac  #AffaireConclue"	prozac	DB00472	CNCCC(OC1=CC=C(C=C1)C(F)(F)F)C1=CC=CC=C1
1135272322414403585	0	Le week-end est terminé. (tweet sponsorisé par Xanax)	xanax	DB00404	CC1=NN=C2CN=C(C3=CC=CC=C3)C3=C(C=CC(Cl)=C3)N12
1196217804158099456	0	@username @username lil peep dps de 2 xanax	xanax	DB00404	CC1=NN=C2CN=C(C3=CC=CC=C3)C3=C(C=CC(Cl)=C3)N12
1133135962085744640	0	@username @username Pas de télé non plus c’est sur les internets, pour les jours de cagne 😏 Et croyez le ou pas ca m’a VRAIMENT guéri du flip de l’avion. Bon ça et les valium (j’ai un bon dealer : coucou cherie 😬). Pis ya des épisodes cpltmt hallucinants	valium	DB00829	CN1C2=C(C=C(Cl)C=C2)C(=NCC1=O)C1=CC=CC=C1
1194281042988982272	0	@username @username ca me saoul ca fais au moins 2 mois je galère j'attend un rendez vous allergologues 2 mois …. la pharmacie sans ordonnance veulent rien donner a part de la Ventoline magnifique! mes antihistaminique je passe avec l ordonnance à quelqu'un d autre waouhhhh super normal			
1198419112814370816	0	petit xanax avant de roupiller ca me fait roupiller	xanax	DB00404	CC1=NN=C2CN=C(C3=CC=CC=C3)C3=C(C=CC(Cl)=C3)N12
1199573528091209729	0	blinding lights amenez moi ma ventoline			
1196293046595395584	0	Wshh la statue elle prend une ventoline mais tout le monde parle de c cheveux link			
1132413723887493121	0	@username @username @username @username @username @username @username @username @username @username @username Morphine ou Morphée c est pas la même chose je crois que c est fini pour toi ce soir 🤪🤪🤣🤣🤨 link	morphine	DB00295	[H][C@@]12OC3=C(O)C=CC4=C3[C@@]11CCN(C)[C@]([H])(C4)[C@]1([H])C=C[C@@H]2O
1196781371362103296	0	J’ai pris mon Xanax on verra bien comment je réagis let’s hope I’ll be ok	xanax	DB00404	CC1=NN=C2CN=C(C3=CC=CC=C3)C3=C(C=CC(Cl)=C3)N12
1196317960719273984	0	(RT please)  Dites  Les personnes sous Lamictal Ça vous arrive d'avoir des hallucinations ?   Non parce que ça fait deux fois que je me réveille en sursaut en hurlant pour la même hallucination à base d'une de mes pures phobies ^^^^^	lamictal	DB00555	NC1=NC(N)=C(N=N1)C1=C(Cl)C(Cl)=CC=C1
1198753373370998786	0	@username D'accord merci, je connais (c'est du Xanax 👌🏻😅)	xanax	DB00404	CC1=NN=C2CN=C(C3=CC=CC=C3)C3=C(C=CC(Cl)=C3)N12
1157689530935328769	0	Xplssssssssssssdr qui se defonce au tramadol Wallaye arrêter d’faire vos schlagues tain	tramadol	DB00193	COC1=CC=CC(=C1)[C@@]1(O)CCCC[C@@H]1CN(C)C
1194735314239135750	0	@username Ahh je vois le genre, l'air et tout portent à la nostalgie. Genre ya des artistes comme Lil Peep que j'ecoutes plus, j'ai eut trop le seum je le découvres, c'est son sont parfait... O.D. Au xanax	air~xanax	DB09337~DB00404	CC1=NN=C2CN=C(C3=CC=CC=C3)C3=C(C=CC(Cl)=C3)N12
1195759646813896705	0	@username Prends bien soin de toi, moi je touche du bois, pas encore eue besoin de retourner voir le médecin pour renouveller ma ventoline			
1194356816735592448	0	"MANGIO 6 XANAX, BABY MI SVEGLIO PIU RICCO DI PRIMA"""" qd tony effe lache ça au debut du couplet avec l'instru qui claque derrière, j'ai une montée d'adrenaline"	xanax~baby	DB00404~DB11064	CC1=NN=C2CN=C(C3=CC=CC=C3)C3=C(C=CC(Cl)=C3)N12~~~CC1CC(CC(C)(C)C1)OC(=O)C1=C(O)C=CC=C1
1154104277608161280	0	@username Et les manufactures ont beau se recycler , il y aura jamais assez de morphine pour tout le surtout à se qu'on vous aimez faire durer moi je dis bravo et vive la mort	morphine	DB00295	[H][C@@]12OC3=C(O)C=CC4=C3[C@@]11CCN(C)[C@]([H])(C4)[C@]1([H])C=C[C@@H]2O
1141489280478588929	0	Bah encore heureux qu’on soit remboursé. 400 ans de traite + plusieurs millions de morts ça vaut bien un petit tramadol gratuit. link	tramadol	DB00193	COC1=CC=CC(=C1)[C@@]1(O)CCCC[C@@H]1CN(C)C
1194164909778579456	0	Reductil 15mg Perdre du poids rapidement et en toute sécurité: link #reductil #reductil15mg #steroidsdrugs	reductil	DB01105	CC(C)CC(N(C)C)C1(CCC1)C1=CC=C(Cl)C=C1
1198568204408365056	0	@username @username Tweet professeur  Legrand - stagiaire  doc.Homerin actu. Waterloo Une benzo =valium xanax tranxene Temesta etc la liste est longue Les fous sont pas  -là - où on l'croit Donc vous ne m y trouverez pas !?!?!?!?	valium~xanax	DB00829~DB00404	CN1C2=C(C=C(Cl)C=C2)C(=NCC1=O)C1=CC=CC=C1~~~CC1=NN=C2CN=C(C3=CC=CC=C3)C3=C(C=CC(Cl)=C3)N12
1199510785246007297	0	jv reprendre de la ventoline quand meme			
1199726150337077248	0	BO3 dans le top3, l'Adderall lui ronge le cerveau à cet ahuri	adderall	DB01576	C[C@H](N)CC1=CC=CC=C1
1195645675846930433	0	Si jamais j'ai plus d'argent je me fais prescrire du xan et je le revend, ainsi que de l'oxycodone	oxycodone	DB00497	COC1=C2O[C@H]3C(=O)CC[C@@]4(O)[C@H]5CC(C=C1)=C2[C@@]34CCN5C
1198306404207091717	0	Et une intraveineuse de PROZAC pour @username et sa famille!  #RCLFCSM link	prozac	DB00472	CNCCC(OC1=CC=C(C=C1)C(F)(F)F)C1=CC=CC=C1
1199403474305343489	0	C’est pas ça fait 1h je me plains d’avoir troppppp mal au bas du dos à gauche et là je regarde une vidéo YouTube y a une pub pour voltaren CH combat les douleurs du dos, l’espionnage so quoi	mal~voltaren	DB00825~DB00586	CC(C)[C@@H]1CC[C@@H](C)C[C@H]1O~~~OC(=O)CC1=CC=CC=C1NC1=C(Cl)C=CC=C1Cl
1198595706367426565	0	@username @username @username @username en tant que patient, les génériques ne me gênent pas, j'essaie et je vois. Je sais qu'il y a un générique de Prégabaline que je ne veux pas, ils me font 0 effet. Je sais pas pourquoi. Mais je suis ok pour tous les autres.	pr	DB00825	CC(C)[C@@H]1CC[C@@H](C)C[C@H]1O
1194987154545561602	0	"@username """" c'est moi qui fabrique la metformine dans ma cuisine à l'appartement entre 2 ronéos sur le chikungunia"			
1197515949068435457	0	@username @username @username c'est souvent les benzo comme l'alprazolam qui sont utilisé	alprazolam	DB00404	CC1=NN=C2CN=C(C3=CC=CC=C3)C3=C(C=CC(Cl)=C3)N12
1196969783998255104	0	@username @username m’a déjà dit d’arrêter à tout prix de me mettre du voltaren parce que c’était dangereux pour ma santé pis je l’ai déjà vu se rubber avec un onguent identifié en mandarin qu’il prenait dans le chinatown de vancouver link	voltaren	DB00586	OC(=O)CC1=CC=CC=C1NC1=C(Cl)C=CC=C1Cl
1140341461776588801	0	@username @username Non mais prozak			
1195415203996979206	0	@username Xanax ou comment ruiner sa vie	xanax	DB00404	CC1=NN=C2CN=C(C3=CC=CC=C3)C3=C(C=CC(Cl)=C3)N12
1141355494621270017	0	Itw N Authier dans @username sur #cannabis à visée thérapeutique: “Aucun autre médicament en France ne sera prescrit avec autant de précautions. Il sera plus compliqué de prescrire du cannabis thérapeutique que de la morphine” link	pr~morphine	DB00825~DB00295	CC(C)[C@@H]1CC[C@@H](C)C[C@H]1O~~~[H][C@@]12OC3=C(O)C=CC4=C3[C@@]11CCN(C)[C@]([H])(C4)[C@]1([H])C=C[C@@H]2O
1197665788053925891	0	@username J'arrive pas à écouter ce qu'il dit. Il m'endors on dirais je prend du xanax quand je l'écoute et il parle trooooop. 2 h pour dire un truc quon aurait pu résumer en 5 minutes	xanax	DB00404	CC1=NN=C2CN=C(C3=CC=CC=C3)C3=C(C=CC(Cl)=C3)N12
1194952787118952448	0	@username @username Soucis: En disant que le kiné n'est pas utile dans la bronchiolite, Ces pseudos experts n'ont pas pris en compte notre rôle de prévention en apprenant aux parents: Le mouchage, Comment donner de la ventoline au cas où.  La, c'est débrouillez vous et allez aux urgences pour la HAS	pr	DB00825	CC(C)[C@@H]1CC[C@@H](C)C[C@H]1O
1171794895578775554	0	@username Si cest celle de son dernier tube on la connait... c'était un tube de ventoline			
1195404153465528322	0	@username Ma pauvre... :-(  tu prends quoi maintenant à la place d’olanzapine ?	olanzapine	DB00334	CN1CCN(CC1)C1=NC2=CC=CC=C2NC2=C1C=C(C)S2
1199281020257869824	0	@username Début de bronchite... Mais je gère avec le ventolin.... 💜	ventolin	DB01001	CC(C)(C)NCC(O)C1=CC(CO)=C(O)C=C1
1197669020675252224	0	bon les gars eske jprends xanax pr dodo ou pas pcq la ca fait plus d’une heure et j’arrive pas ça m’énerve	xanax~pr	DB00404~DB00825	CC1=NN=C2CN=C(C3=CC=CC=C3)C3=C(C=CC(Cl)=C3)N12~~~CC(C)[C@@H]1CC[C@@H](C)C[C@H]1O
1195646426358923266	0	@username pourquoi en associant avec la metformine si l’imeglimine arrive sur le marché la metformine va disparaitre , c’est fini pour la metformine donc merck sereno fait la gueule !			
1197209774812737536	0	@username Les détracteurs de pokemon épée et bouclier en position ventoline			
1177724307671277569	0	@username Wallah t la tu tpose tvoi une colonie de pexas b arabi darven... dle mrovi xrab bit			
1196368277175459840	0	@username bahahahah sérieux le type il l’a grave mal prît apparemment il a gobé 6 xanax avec du coca en même temps	mal~pr~xanax	DB00825~DB00404	CC(C)[C@@H]1CC[C@@H](C)C[C@H]1O~~~CC1=NN=C2CN=C(C3=CC=CC=C3)C3=C(C=CC(Cl)=C3)N12
1196847158026223618	0	@username Oui j'ai vu 😭😭😭 tristesse #prozac #toutvabien et je m'en fiche moi je mets le #NOPLP	prozac	DB00472	CNCCC(OC1=CC=C(C=C1)C(F)(F)F)C1=CC=CC=C1
1152952478377398273	0	Sieste prévoyante pour cette nuit ✅ Café ✅ Morphine ✅ Jus d’orange ✅ Vitamine A B C D E F G H ✅  J’suis prêt @username   #TeamOM	pr~morphine~orange	DB00825~DB00295~DB10549	CC(C)[C@@H]1CC[C@@H](C)C[C@H]1O~~~[H][C@@]12OC3=C(O)C=CC4=C3[C@@]11CCN(C)[C@]([H])(C4)[C@]1([H])C=C[C@@H]2O
1196047244174282752	0	« Bonsoir a tous il est 3h du matin mais la soirée est fini y’a une meuf qui a besoin de ventoline et du samu wallah!! Veuillez vous diriger vers la sortie pour l’empêcher de passer, on arrête la musique pour que tout le monde la regarde au sol »			
1149407147853303808	0	@username @username @username Ptdrrr gros va boire de l’eau, prend ta ventoline et fait gaffe à ton petit cœur, tu t’énerves un peu trop la je trouves			
1194677142895943682	0	"X travaille honnêtement, il n'a pas hésité à citer """"Xanax Thésarde Inconnue, Université de Bouseux-selon-les-parisiens, communication orale"""". Mais Y n'a visiblement pas considéré que j'étais (à l'époque, 2013, sans poste) assez classe pour mériter citation."	xanax	DB00404	CC1=NN=C2CN=C(C3=CC=CC=C3)C3=C(C=CC(Cl)=C3)N12
1197898368166576133	0	j'ai mal à la gorge et prendre la ventoline ça rend les choses pire	mal	DB00825	CC(C)[C@@H]1CC[C@@H](C)C[C@H]1O
1174201543962386432	0	Viagra pour la vigueur , Gaviscon pour reflux gastrique . link	viagra~gaviscon	DB00203~DB09481	CCCC1=NN(C)C2=C1N=C(NC2=O)C1=CC(=CC=C1OCC)S(=O)(=O)N1CCN(C)CC1~~~[Mg++].[O-]C([O-])=O
1196085024329736195	0	@username @username @username @username @username Je n'ai même pas pris une aspirine tellement j'avais la trouille Thalidomide/Distilbène. Une perfusion 😳	thalidomide	DB01041	O=C1N(C2CCC(=O)NC2=O)C(=O)C2=CC=CC=C12
1147887573907492864	0	Le jours de mon entretien d’embauche jvais mtapper 35 pillule de viagra histoire de taper dans l’œil de la secrétaire link	viagra	DB00203	CCCC1=NN(C)C2=C1N=C(NC2=O)C1=CC(=CC=C1OCC)S(=O)(=O)N1CCN(C)CC1
1196788186829217806	0	@username @username @username Mdr de fou je vais préparer mes ventoline	pr	DB00825	CC(C)[C@@H]1CC[C@@H](C)C[C@H]1O
1197112531384504320	0	"Yo tout le monde, désolé pour le peu de contenu ces derniers temps. J'ai été très fatigué et malade et je ne voulais pas vous proposer du contenu de merde. Ce soir c'est une """"nouvelle"""" série que je vous propose en mode chill (limite on dirait que j'étais sous xanax parfois xD)"	xanax	DB00404	CC1=NN=C2CN=C(C3=CC=CC=C3)C3=C(C=CC(Cl)=C3)N12
1140597461762883584	0	Sa ce voit il ce donne à 4000% sur scène, sa change de vos rappeurs sous xanax 🤪 link	xanax	DB00404	CC1=NN=C2CN=C(C3=CC=CC=C3)C3=C(C=CC(Cl)=C3)N12
1197869690044985345	0	@username Vooui... j'ai pris 10 comprimés de xanax hie soirr et apparemment j'ai fait de la mrd ensuite sauf que 'en ai aucune souvenir mais on me le reproche ajd	xanax~ensuite	DB00404~DB11121	CC1=NN=C2CN=C(C3=CC=CC=C3)C3=C(C=CC(Cl)=C3)N12~~~CC1=CC(O)=CC(C)=C1Cl
1154010836907810816	0	Une musique plaintive vient glacer  notre sang,je mords dans ton sein lugubre,tes cheveux de feu lèchent ton pâle visage,souffrance angélique de nos corps troublés, une cynique morphine tranche nos veines de fantômes, un dragon rouge souffle dans ta chatte bestiale. link	morphine~dragon	DB00295~DB09543	[H][C@@]12OC3=C(O)C=CC4=C3[C@@]11CCN(C)[C@]([H])(C4)[C@]1([H])C=C[C@@H]2O~~~COC(=O)C1=CC=CC=C1O
1197291695387369478	0	@username &lt;&lt;&lt;&lt;&lt;&lt; prend toujours un Xanax et un Ricard le matin pour ne plus pleurer	lt~xanax	DB06812~DB00404	CC1=NN=C2CN=C(C3=CC=CC=C3)C3=C(C=CC(Cl)=C3)N12
1141958009817587712	0	@username J ai arrêté de croire à l'impartialité de Lucet quand j ai regardé le  reportage me concernant sur le scandale du nouveau Levothyrox  (Thyroïde) j ai été dégoûté par son interview mielleux à Buzin. Là j ai ouvert les yeux. Ce que vivent les utilisateurs du Levo ils s'en fouttent.			
1198563470750433281	0	@username Va prendre ton Xanax et lâche ma veste	xanax	DB00404	CC1=NN=C2CN=C(C3=CC=CC=C3)C3=C(C=CC(Cl)=C3)N12
1198689134682034181	0	@username @username @username Bah la buprenorphine est ds la liste justemt	buprenorphine	DB00921	CO[C@]12CC[C@@]3(C[C@@H]1[C@](C)(O)C(C)(C)C)[C@H]1CC4=C5C(O[C@@H]2[C@@]35CCN1CC1CC1)=C(O)C=C4
1197589576249991168	0	#DocCotCot dans la série les AINS c'est le mal : patient ayant mis du diclofenac sur son genou douloureux =&gt; inefficace =&gt; remet du vinaigre blanc par dessus =&gt; brulure 2nd degré superficiel (heureusement localisée)	mal~diclofenac	DB00825~DB00586	CC(C)[C@@H]1CC[C@@H](C)C[C@H]1O~~~OC(=O)CC1=CC=CC=C1NC1=C(Cl)C=CC=C1Cl
1196924875602046981	0	J’crache mes poumons j’ai plus de ventoline j’vais mourir d’asthme			
1195139855942135808	0	J’arrive pas à respirer, ma ventoline est en voix de disparition je vais mourir 😭			
1194297557226328065	0	@username @username @username On parle dun maillot les frero prenez un coup de ventoline la			
1196496477671043072	0	@username Oui je les ai appelé! J'étais en hyperventilation ! Je suis sous prozac depuis!	prozac	DB00472	CNCCC(OC1=CC=C(C=C1)C(F)(F)F)C1=CC=CC=C1
1194829451927924738	0	Nouvelle notice : Levothyrox : une scandaleuse négligence par Claude Pigement link link			
1194337938542194688	0	@username Après: le rhinadvil est en vente libre, il contient de la pseudo-ephédrine et un anti-inflammatoire. Moi, à l'époque où je faisais beaucoup de crises, ça les diminuait vraiment.  Sinon ça fait des années que je suis passé au serevent puis symbicort et ça a bien diminué les crises	serevent~symbicort	DB00938~DB01222	OCC1=C(O)C=CC(=C1)C(O)CNCCCCCCOCCCCC1=CC=CC=C1~~~[H][C@@]12C[C@H]3OC(CCC)O[C@@]3(C(=O)CO)[C@@]1(C)C[C@H](O)[C@@]1([H])[C@@]2([H])CCC2=CC(=O)C=C[C@]12C
1199323964390162432	0	@username @username Ça délivre aussi exactement la même dose (100microgrammes de salbutamol) ^^	salbutamol	DB01001	CC(C)(C)NCC(O)C1=CC(CO)=C(O)C=C1
1198484995876237313	0	wesh vasy c'est bon jsuis trop con je dis à ma pote je suis stressé elle me passe un medoc je gobe ca sans réfléchir avant même qu'elle ait le temps de me dire que c'etait du xanax	xanax	DB00404	CC1=NN=C2CN=C(C3=CC=CC=C3)C3=C(C=CC(Cl)=C3)N12
1197805200267972609	0	@username @username @username On se souvient surtout du scandale #tamiflu link	tamiflu	DB00198	CCOC(=O)C1=C[C@@H](OC(CC)CC)[C@H](NC(C)=O)[C@@H](N)C1
1195985731208011777	0	#CriseLevothyrox #Levothyrox #Thyroide #UPGCS  Quand les malades veulent connaitre la vérité  link			
1198024198054141952	0	je suis le seul qui écoute rupaul à haute dose encore ? vraiment mon xanax musical	xanax	DB00404	CC1=NN=C2CN=C(C3=CC=CC=C3)C3=C(C=CC(Cl)=C3)N12
1198979494700363777	0	@username Ben d'autant que de ce que j'ai compris de ce qu'en dit le Doc Alexanian, les antidépresseurs c'est bien et les anxiolytiques c'est caca et il n'en prescrit qu'en fin de vie Or, Xanax c'est anxiolytique🤷🏻‍♂️	xanax	DB00404	CC1=NN=C2CN=C(C3=CC=CC=C3)C3=C(C=CC(Cl)=C3)N12
1198379992364834818	0	"@username D'ailleurs son dernier tube """" ventoline"""" c'était pas terrible 😂😂😂"			
1126907919738515456	0	Donnait moi ma ventoline je m’étouffe tellement le gars n’y connais rien au rp 😂😂😂  Mais au fond je l’aime ❤️			
1198192199458013184	0	Tamiflu pour une « grippe »sans fièvre ni toux ni rhinorrhée #EBM	tamiflu	DB00198	CCOC(=O)C1=C[C@@H](OC(CC)CC)[C@H](NC(C)=O)[C@@H](N)C1
1199105759361019904	0	Taille parfaite pour ranger son xanax	xanax	DB00404	CC1=NN=C2CN=C(C3=CC=CC=C3)C3=C(C=CC(Cl)=C3)N12
1143631914240290819	0	Yacouba Isaac Zida démarche des journalistes link			
1196898892069126144	0	Quand le gourou de la secte NXIVM (Nexium) faisait marquer au fer rouge les esclaves sexuelles de son harem | @username : link via @username	nexium	DB00736	COC1=CC2=C(NC(=N2)[S@@](=O)CC2=NC=C(C)C(OC)=C2C)C=C1
1197966554840866816	0	ON RIGOLE BIEN CAR ON A TOUS PRIS UN XANAX TA MEUF ME POMPE DANS MON PALACE link	xanax	DB00404	CC1=NN=C2CN=C(C3=CC=CC=C3)C3=C(C=CC(Cl)=C3)N12
1195807346771009536	0	@username Pour ma part j’ai renouvellé le Symbicort la ventoline et l’aerius. Et en prime je m’en tire pour 8j d’antibiotiques et cortisone. J’en peux plus. J’en suis à ma 2eme bronchite en 1 mois.	symbicort~aerius~cortisone	DB01222~DB00967~DB14681	[H][C@@]12C[C@H]3OC(CCC)O[C@@]3(C(=O)CO)[C@@]1(C)C[C@H](O)[C@@]1([H])[C@@]2([H])CCC2=CC(=O)C=C[C@]12C~~~ClC1=CC2=C(C=C1)C(=C1CCNCC1)C1=C(CC2)C=CC=N1~~~[H][C@@]12CC[C@](O)(C(=O)CO)[C@@]1(C)CC(=O)[C@@]1([H])[C@@]2([H])CCC2=CC(=O)CC[C@]12C
1194587459717341184	0	J'adore tellement les charlatans qui utilisent cette technique : Ça a marché ? - Bah, c'est la preuve que l'homéo fonctionne pour de vrai, pardi. Ça n'a pas marché ? - Ah, savez-vous, le Xanax, c'est imprévisible 😬 😒 link	xanax	DB00404	CC1=NN=C2CN=C(C3=CC=CC=C3)C3=C(C=CC(Cl)=C3)N12
1195312606820601857	0	Twitter je sais que parfois tu fais des miracles 🙏🙏🙏 Y aurait-il un.e médecin qui pourrait prescrire du Xanax à mon voisin ? Il va vraiment pas bien et n'est pas capable d'aller consulter... C'est au nom de Finkielkraut s'il-vous-plaît. RT au max ❤️	xanax	DB00404	CC1=NN=C2CN=C(C3=CC=CC=C3)C3=C(C=CC(Cl)=C3)N12
1199003950499926016	0	J'ai arrêté la playlist d'Inter. J'avais fini la boîte de Prozac. Soutien aux salariés de #RadioFrance en lutte.	prozac	DB00472	CNCCC(OC1=CC=C(C=C1)C(F)(F)F)C1=CC=CC=C1
1195841216463753217	0	Ba je confirme les gens sont des gamins. De toutes façons même si ça ne vous plais pas ça changera rien . Basta . Allez xanax les gens et allez faire dodo au passage 😘	fa~xanax	DB08604~DB00404	OC1=CC(Cl)=CC=C1OC1=C(Cl)C=C(Cl)C=C1~~~CC1=NN=C2CN=C(C3=CC=CC=C3)C3=C(C=CC(Cl)=C3)N12
1139223738468184065	0	@username Ha mais meuf on va finir au Xanax à cause de ce putain de club je te dis, SOUS XANAX. MDRRRR	xanax	DB00404	CC1=NN=C2CN=C(C3=CC=CC=C3)C3=C(C=CC(Cl)=C3)N12
1126267529213751296	0	@username le seul truc qui m’avait calmée une fois alors qu’en faisais une dans la rue c’était un xanax j’avais l’impression de mourir	xanax	DB00404	CC1=NN=C2CN=C(C3=CC=CC=C3)C3=C(C=CC(Cl)=C3)N12
1195998929793347586	0	@username La Sécu dépense bcp plus en médocs qu’en dépenses d’hôpitaux non? Médiator et Levothyrox.Vaccins HINI.Bluff des statines usage excessif de l’aluminium...	aluminium	DB01370	[Al]
1195107350228676610	0	ihi j'adore. ma mère a fait une tentative de suicide avec des xanax il y a quelques jours et on me dit ça, i feel the panic attack come. link	xanax	DB00404	CC1=NN=C2CN=C(C3=CC=CC=C3)C3=C(C=CC(Cl)=C3)N12
1199527565096112129	0	@username @username @username @username Va te coucher Manu.... Et oublie ps ton xanax... Et merci de ne pas me répondre j ai mieux à foutre...	ps~xanax	DB00825~DB00404	CC(C)[C@@H]1CC[C@@H](C)C[C@H]1O~~~CC1=NN=C2CN=C(C3=CC=CC=C3)C3=C(C=CC(Cl)=C3)N12
1197169672065605632	0	@username @username @username @username Je pense que ça fait 100 ans qu’il ne joue plus, et qu’il faut lui laisser le temps. Si tu vas voir le Melo Monday, tu verras qu’il a signé presque du jour au lendemain. Laissez le revenir ! Wesh il a même pas le droit à un coup de ventoline. Vous êtes des DETRAQUEURS !			
1163468413739687937	0	j'ai un ami qui a fait une tentative de suicide ! heureusement il s’est gouré de médocs: il a avalé deux plaquettes entières d’Imodium...  Bon il est pas mort, mais il a pas chié pendant 15 jours	imodium	DB11074	
1196401965665857536	0	@username Bah elle mena dit que ça prendrait du temps pour que le lamictal fasse effet mais bon pour l'instant j'ai surtout des effets secondaires assez désagréables...	lamictal	DB00555	NC1=NC(N)=C(N=N1)C1=C(Cl)C(Cl)=CC=C1
1198340273815863297	0	@username Prend un Xanax est va chié un coup 😘	xanax	DB00404	CC1=NN=C2CN=C(C3=CC=CC=C3)C3=C(C=CC(Cl)=C3)N12
1196814213940944898	0	@username Eh bien, un arrêt maladie, non? Effectivement cela peut impliquer d'accepter des médocs, mais on n'est pas obligé de les avaler. Cela dit, la venlafaxine et autres cochonneries m'ont sauvé la vie... Ensuite on peut se tourner vers des trucs + soft comme le millepertuis.	venlafaxine~ensuite	DB00285~DB11121	COC1=CC=C(C=C1)C(CN(C)C)C1(O)CCCCC1~~~CC1=CC(O)=CC(C)=C1Cl
1197488675468333057	0	Faut vraiment que j'aille chercher de la ventoline			
1197120806414880768	0	Le rivaroxaban associé à une hausse de 69% des décès après implantation de valve aortique percutanée  link	rivaroxaban	DB06228	ClC1=CC=C(S1)C(=O)NC[C@H]1CN(C(=O)O1)C1=CC=C(C=C1)N1CCOCC1=O
1197455880159203329	0	@username Et c’est xanax qui parle 😂🤙	xanax	DB00404	CC1=NN=C2CN=C(C3=CC=CC=C3)C3=C(C=CC(Cl)=C3)N12
1197092708025806848	0	Je vous annonce que je vais arrêter le Lamictal sans en parler à ma psychiatre	lamictal	DB00555	NC1=NC(N)=C(N=N1)C1=C(Cl)C(Cl)=CC=C1
1196725270822174720	0	@username @username @username @username SST ? (Je connais pas toutes les abbreviations 😅)  Peux-tu me suggérer les modifications ?  On m’a dit que en dehors de l’Arnica à dégager il fallait prendre aussi des sacs DASRI…  On a le droit de mettre des médocs type Paracetamol/Voltarene en gel ou c’est interdit ?			
1197310312782946305	0	deux xanax mdr	xanax	DB00404	CC1=NN=C2CN=C(C3=CC=CC=C3)C3=C(C=CC(Cl)=C3)N12
1172469108996288512	0	j'ai sport et j'ai oublier ma ventoline ahAh nice jsuis déjà a bout	sport	DB11064	CC1CC(CC(C)(C)C1)OC(=O)C1=C(O)C=CC=C1
1128963887980793857	0	Avant de tweeter ceci, j'ai vérifié que le metoclopramide n'est pas en rupture de stock en pharmacie  #EcoResponsable link	metoclopramide	DB01233	CCN(CC)CCNC(=O)C1=CC(Cl)=C(N)C=C1OC
1198364144841510913	0	@username @username @username @username Nan après y’a noam qui rentre dans le game dès qu’il a prit son XANAX	xanax	DB00404	CC1=NN=C2CN=C(C3=CC=CC=C3)C3=C(C=CC(Cl)=C3)N12
1198254552438452224	0	Pétition lancée à l'été 2017 : 343.430 signatures 1 Million de malade ont switché vers 1 autre traitement Nos voisins Européens passés récemment au nouveau #Levothyrox face aux mêmes souffrances Les responsables :  Macron qui a ignoré la voix des malades  Buzyn qui l'a minimisée link			
1197840764375568384	0	@username T'es énervée , tu veux un prozac , un xanax ? t'as pas eu ta dose d'attention dans la journée ?	prozac~xanax	DB00472~DB00404	CNCCC(OC1=CC=C(C=C1)C(F)(F)F)C1=CC=CC=C1~~~CC1=NN=C2CN=C(C3=CC=CC=C3)C3=C(C=CC(Cl)=C3)N12
1197181292670070785	0	Aaaah pic de stress *ventoline* Ma mère qui m'envoie: '' des choses à te dire '' link			
1167513811420667905	0	ils m’ont injecté une sorte de morphine je me sens si faible mdr je mets 4 minute à écrire ce tweet	morphine	DB00295	[H][C@@]12OC3=C(O)C=CC4=C3[C@@]11CCN(C)[C@]([H])(C4)[C@]1([H])C=C[C@@H]2O
1163371776862294016	0	@username Bin j'ai une côte cassée et j'suis sous morphine 😉😉	morphine	DB00295	[H][C@@]12OC3=C(O)C=CC4=C3[C@@]11CCN(C)[C@]([H])(C4)[C@]1([H])C=C[C@@H]2O
1194270267700326402	0	depuis que j'ai arrêté deroxat pour effexor j'ai perdu 3 kilos sans rien foutre et en mangeant peut être mm +	effexor	DB00285	COC1=CC=C(C=C1)C(CN(C)C)C1(O)CCCCC1
1197048771772850177	0	du xanax svp j’ai besoin d’une dose énorme de xanax	xanax	DB00404	CC1=NN=C2CN=C(C3=CC=CC=C3)C3=C(C=CC(Cl)=C3)N12
1194283068120539136	0	@username Il n'est pas noté à la demande si besoin? Le xanax c'est aussi pour ça?  Après, il faut éviter la dépendance. Choix difficile.	xanax	DB00404	CC1=NN=C2CN=C(C3=CC=CC=C3)C3=C(C=CC(Cl)=C3)N12
1143854214554247169	0	Je n'ai toujours pas trouvé de PRITOR+ 80, rupture de stock, donc en  France on peut mourir par rupture de stock............ Bravo Agnès  Buzyn. Combien de temps je vais tenir sans? link	pritor	DB00966	CCCC1=NC2=C(C=C(C=C2C)C2=NC3=CC=CC=C3N2C)N1CC1=CC=C(C=C1)C1=CC=CC=C1C(O)=O
1196771747363786759	0	@username Mark Selby c’est du Xanax avec une canne	xanax	DB00404	CC1=NN=C2CN=C(C3=CC=CC=C3)C3=C(C=CC(Cl)=C3)N12
1195389963350749185	0	@username En gros ça accentue les effets du Xanax et de l’alcool. Ce que j’ai vu le plus couramment avec ce mélange, ce sont des clients du bar qui s’endorment profondément d’un coup. Bon courage !	xanax	DB00404	CC1=NN=C2CN=C(C3=CC=CC=C3)C3=C(C=CC(Cl)=C3)N12
1138214081431818242	0	Retour sur la nouvelle conf.. folie vidéo de DEVOLVER pour cet #E32019 link Que ça fait plaisir encore une fois ce coup de pied dans le monde hypocrite du jeu video. #DevolverDigitalE3 #Devolver #analyse #critique #levoxel link			
1198933188183314432	0	Xanax, Lexomil, Lysanxia, Valium, lorazépam, Myolastan, ces médicaments qui rétrécissent le cerveau - link link	xanax~valium	DB00404~DB00829	CC1=NN=C2CN=C(C3=CC=CC=C3)C3=C(C=CC(Cl)=C3)N12~~~CN1C2=C(C=C(Cl)C=C2)C(=NCC1=O)C1=CC=CC=C1
1199632950935138304	0	Fier d'annoncer le partenariat de Zalasta avec le Twitter LGBT, nous attendons tous beaucoup de cet accord, d'autres annonces sont à venir	zalasta	DB00334	CN1CCN(CC1)C1=NC2=CC=CC=C2NC2=C1C=C(C)S2
1194408290580647938	0	@username Futur ado au Xanax à 14 ans...	xanax	DB00404	CC1=NN=C2CN=C(C3=CC=CC=C3)C3=C(C=CC(Cl)=C3)N12
1196360737226182656	0	@username @username @username @username Long !?!?! Pas forcément... il y a des cancers chez les enfants et les adolescents. Certains produits dans les cosmétiques (comme le Polyéthylène glycol, PEG) y sont pour quelque chose aussi.	peg	DB11077	
1169551345612992512	0	@username Récupere le tramadol et vend-le 😏 Ou donne le moi 🥺😏	tramadol	DB00193	COC1=CC=CC(=C1)[C@@]1(O)CCCC[C@@H]1CN(C)C
1197197241586466816	0	@username Mdr Xanax ce btrd	xanax	DB00404	CC1=NN=C2CN=C(C3=CC=CC=C3)C3=C(C=CC(Cl)=C3)N12
1194991664093388800	0	@username @username @username T'es grave agressive prend un xanax. Elle est grave gentille et fait même un compliment mais tu continues à mal parler	xanax~mal	DB00404~DB00825	CC1=NN=C2CN=C(C3=CC=CC=C3)C3=C(C=CC(Cl)=C3)N12~~~CC(C)[C@@H]1CC[C@@H](C)C[C@H]1O
1197575138084106241	0	Problème IRM reporté anxiété trop grande même avec un Xanax.	xanax	DB00404	CC1=NN=C2CN=C(C3=CC=CC=C3)C3=C(C=CC(Cl)=C3)N12
1196407209875275776	0	@username Respire toi aussi 💀 ou est ta ventoline			
1153685032973799427	0	"Ce qu'on ne nous avait jamais dit, c'est que Neil Amstrong en posant le pied sur la lune y avait découvert un boite de  Nicorette oubliée par des extraterrestres. Il se serait même écrié """"C'est un petit patch pour l'homme"""" !"	nicorette~patch	DB00184~DB00825	CN1CCC[C@H]1C1=CN=CC=C1~~~CC(C)[C@@H]1CC[C@@H](C)C[C@H]1O
1195042087856672768	0	Floriana Lima ofc, chyler leigh, Katie McGrath, Kat Barrell, Dominique p-c, Mélanie scrofano, Tatiana maslany, Mélissa Benoist, Virginia Gardner, Lyrica Okano, Ariela Barrer, Isabella Gomez link	lyrica	DB00230	CC(C)C[C@H](CN)CC(O)=O
1197039382101995521	0	@username @username @username @username @username Vous voulez des mouchoirs? Ou un peu de xanax?	xanax	DB00404	CC1=NN=C2CN=C(C3=CC=CC=C3)C3=C(C=CC(Cl)=C3)N12
1140242325177806848	0	@username @username @username Ptdrr tu veux une ventoline ? Respire 😭			
1197823720259125249	0	[mort, médicaments]  Dc là j’ai l’impression d’avoir des gens dans ma tête qui dansent joyeusement en faisant la ronde en répétant « même Chaton veut que tu crèves » en boucle. J’vais prendre un ou deux xanax je crois.   [mort, médicaments]	xanax	DB00404	CC1=NN=C2CN=C(C3=CC=CC=C3)C3=C(C=CC(Cl)=C3)N12
1196439728444362757	0	@username Je vais aller me reprendre un petit cachet de Sertraline je crois. Un Xanax aussi.	sertraline~xanax	DB01104~DB00404	CN[C@H]1CC[C@@H](C2=CC(Cl)=C(Cl)C=C2)C2=CC=CC=C12~~~CC1=NN=C2CN=C(C3=CC=CC=C3)C3=C(C=CC(Cl)=C3)N12
1197247352920330245	0	@username T’as pas du crestor a avaler toi?	crestor	DB01098	CC(C)C1=NC(=NC(C2=CC=C(F)C=C2)=C1\C=C\[C@@H](O)C[C@@H](O)CC(=O)O)N(C)S(C)(=O)=O
1195024702252703744	0	#JeSuisSexyMêmeQuand Je prends de l’imodium accompagné d’ un smecta dans un verre à champagne	imodium	DB11074	
1196159007263805440	0	@username go amener une ventoline punaise 😭😭			
1199617717248102400	0	Au lycee ma prof de sport était asthmatique, un jour elle a fait une crise d’asthme sauf qu’elle avait pas de ventoline on a dû appeler les pompiers et galèrer pour rentrer au lycée parce que oui évidemment ce jour là on faisaient sport dans une ville voisine 🙃😭	prof~sport	DB00825~DB11064	CC(C)[C@@H]1CC[C@@H](C)C[C@H]1O~~~CC1CC(CC(C)(C)C1)OC(=O)C1=C(O)C=CC=C1
1199294438037700608	0	Y a rien qui va dans cette video ou est ma ventoline ??			
1198366505941045250	0	@username @username @username @username @username @username @username @username Deux Xanax pour la dame, merci.	xanax	DB00404	CC1=NN=C2CN=C(C3=CC=CC=C3)C3=C(C=CC(Cl)=C3)N12
1194360246631714818	0	Rhodes/purdue Buprenorphine Hcl 8mg Rp B8 Vs Roxanne 54 411 link	buprenorphine	DB00921	CO[C@]12CC[C@@]3(C[C@@H]1[C@](C)(O)C(C)(C)C)[C@H]1CC4=C5C(O[C@@H]2[C@@]35CCN1CC1CC1)=C(O)C=C4
1198915160326443008	0	@username Rien à voir, crise d'angoisse, je suis sous Xanax 🙁❤️	xanax	DB00404	CC1=NN=C2CN=C(C3=CC=CC=C3)C3=C(C=CC(Cl)=C3)N12
1199738109304475648	0	J’avez rendez-vous avec mon psy prescriteur pour mon Xanax mais c’est de l’Abifay qu’il m’a prescrit : il pense que je suis schizophrène	xanax	DB00404	CC1=NN=C2CN=C(C3=CC=CC=C3)C3=C(C=CC(Cl)=C3)N12
1194763790652342272	0	Levothyrox : le combat des associations pour obtenir la vérité link			
1197291247037227009	0	Meridia elle aime trop faire la forte mais elle est mise en pls par un pauvre necromancien	meridia	DB01105	CC(C)CC(N(C)C)C1(CCC1)C1=CC=C(Cl)C=C1
1151638588909662208	0	XanaX Damage de Future sérieusement quelle merveille....	xanax	DB00404	CC1=NN=C2CN=C(C3=CC=CC=C3)C3=C(C=CC(Cl)=C3)N12
1199043851983478785	0	Sildenafil et tadalafil tu connais	sildenafil~tadalafil	DB00203~DB00820	CCCC1=NN(C)C2=C1N=C(NC2=O)C1=CC(=CC=C1OCC)S(=O)(=O)N1CCN(C)CC1~~~[H][C@]12CC3=C(NC4=CC=CC=C34)[C@H](N1C(=O)CN(C)C2=O)C1=CC2=C(OCO2)C=C1
1143519070656126976	0	@username @username J'aime beaucoup Magnus of Library, mais je ne ais pas si ça te convient. Ou alors tu as les Card Captor Sakura Clear Arc.			
1196130876083654662	0	@username Ptdr moi j’le fais avec la ventoline			
1196116783775862785	0	"@username Il y a une solution : """" imodium"	solution~imodium	DB00350~DB11074	NC1=CC(=NC(N)=[N+]1[O-])N1CCCCC1
1196337042147414016	0	Après l’eau chaude de la douche sous prod, la @username sous Xanax 🤦🏻‍♂️	xanax	DB00404	CC1=NN=C2CN=C(C3=CC=CC=C3)C3=C(C=CC(Cl)=C3)N12
1157610608726073350	0	1 variation de l'absorption-diffusion de la lévothyroxine du nouveau #Levothyrox constituerait 1 stress physiologique perturbant l'équilibre thyroïdien. Cela expliquerait la fréquence des symptômes, y compris à bilan thyroïdien normal. link			
1197442653413167106	0	watch me doctolib soon pour demander des somniferes and sum xanax	xanax	DB00404	CC1=NN=C2CN=C(C3=CC=CC=C3)C3=C(C=CC(Cl)=C3)N12
1194678054305566720	0	@username @username C'est sûrement le même médecin qui donne de la ventoline à tous les asthmatiques du tour de France.			
1198693776694403072	0	@username Prévois de nous acheter des xanax.... On va vite saturer...	pr~xanax	DB00825~DB00404	CC(C)[C@@H]1CC[C@@H](C)C[C@H]1O~~~CC1=NN=C2CN=C(C3=CC=CC=C3)C3=C(C=CC(Cl)=C3)N12
1130811266879107072	0	Viagra gratuit pour tous les couples de #Montereau, village de 600 habitant·e·s dans le Loiret !   Le but du maire derrière ce “cadeau” ? Inciter les couples à faire des bébés pour repeupler son école dont l’une des classes est menacée de fermeture. link	viagra	DB00203	CCCC1=NN(C)C2=C1N=C(NC2=O)C1=CC(=CC=C1OCC)S(=O)(=O)N1CCN(C)CC1
1194727487961489408	0	elle est gentille, mignonne, drôle et encore plus sous Xanax, elle fais des crêpes qui finissent sur le plancher mais elles sont délicieuses.  allez la pecho. link	xanax	DB00404	CC1=NN=C2CN=C(C3=CC=CC=C3)C3=C(C=CC(Cl)=C3)N12
1178853363976429568	0	@username Quand je fais des crises d'angoisse j'utilise des anxiolytiques (type Xanax) pour me calmer, mais parles-en à ton dentiste pour qu'il soit plus doux/compréhensif et te mette plus à l'aise ça peut aider	xanax	DB00404	CC1=NN=C2CN=C(C3=CC=CC=C3)C3=C(C=CC(Cl)=C3)N12
1197719716497743879	0	je veux xanax	xanax	DB00404	CC1=NN=C2CN=C(C3=CC=CC=C3)C3=C(C=CC(Cl)=C3)N12
1136568823740534785	0	sous un peu trop de codeine	codeine	DB00318	[H][C@]12C=C[C@H](O)[C@@H]3OC4=C5C(C[C@H]1N(C)CC[C@@]235)=CC=C4OC
1130758013999099904	0	Un maire du Loiret veut distribuer du Viagra aux habitants pour les inciter à faire des bébés link	viagra	DB00203	CCCC1=NN(C)C2=C1N=C(NC2=O)C1=CC(=CC=C1OCC)S(=O)(=O)N1CCN(C)CC1
1194587549412548608	0	@username Il me semble que la plupart doivent être prescrits par un médecin, et rendent dépendants. L effet n apparaît qu'au bout de plusieurs semaines.  Je prend 20 mg de Paroxetine.  Somnolence après prise, perte d'appétit et bleus faciles (inoffensifs). Effet de sevrage présents.	paroxetine~pr	DB00715~DB00825	FC1=CC=C(C=C1)[C@@H]1CCNC[C@H]1COC1=CC2=C(OCO2)C=C1~~~CC(C)[C@@H]1CC[C@@H](C)C[C@H]1O
1194167160534380544	0	un paquet d'clopes, une ventoline, tu connais l'starter pack			
1158402104383483904	0	Urgent ! Cherche producteur de #pommesdeterre 🥔 dans les @username pour retour d’expérience sur hydrazide maléique	mal	DB00825	CC(C)[C@@H]1CC[C@@H](C)C[C@H]1O
1195307052224204800	0	ne pas oublier que Poxel pourrait passer un nouveau partenariat sur l’imeglimine par exemple un GLP1 + imeglimine dans le meme cachou ou le januvia ! merck USA le fait bien januvia + metformine !	januvia	DB01261	N[C@@H](CC(=O)N1CCN2C(C1)=NN=C2C(F)(F)F)CC1=CC(F)=C(F)C=C1F
1195380334453514240	0	@username J’ai taper un sprint de malade alors que de base je cours pas, en plus je pense j’avais pas ma ventoline			
1198337997609066496	0	Voilà qu’il nous refont l’histoire du #levothyrox en convoquant un actrice supposée #lanceusedaleterte (qui par ailleurs gagne sa croute avec des pubs pour produit de beauté plein de cochoncetée). Les lanceurs d’alerte ont été les assos et la pétition !			
1195665021650518020	0	@username Je viens d’enchaîner une seconde nuit à 3h de sommeil, j’ai pris mon xanax à 20h30 j’ai pas dormis avant 1h30 du mat, j’étais dans le mal 😵 Ça la gratte +++, je pourrai lui faire passer un casting pour le remake de l’exorciste la nuit 😅	xanax~mal	DB00404~DB00825	CC1=NN=C2CN=C(C3=CC=CC=C3)C3=C(C=CC(Cl)=C3)N12~~~CC(C)[C@@H]1CC[C@@H](C)C[C@H]1O
1199237502504177670	0	@username @username @username @username En même temps @username quand on le voit à la télé il a le regard du veau dans la luzerne, donc on ne perd rien dans l'absolu. Le mec est H24 sous xanax, et il veut faire croire qu'il est à bloc.  Le plus surprenant c'est qu'il y ait encore des mougeons pour l'écouter.	xanax	DB00404	CC1=NN=C2CN=C(C3=CC=CC=C3)C3=C(C=CC(Cl)=C3)N12
1197755982732046336	0	La buprénorphine a été ajoutée à la liste des Médicaments à Marge Thérapeutique Étroite ? Pourquoi ?  Par quel lobby ?  link			
1194326790245888001	0	Novembre et décembre 2019, deux mois importants dans une actualité Levothyrox toujours aussi dense link			
1198869615876726784	0	@username vaut mieux insister avec un généraliste ou plusieurs parce que le cmp c’est juste d incapables, stv jpeu te dépanne d’un xanax	xanax	DB00404	CC1=NN=C2CN=C(C3=CC=CC=C3)C3=C(C=CC(Cl)=C3)N12
1197270522477862913	0	j’ai mangé qu’un repas hier et pareil pour aujourd’hui et j’étais super mega giga anxieuse donc j’ai pris un Xanax et maintenant je suis complètement déchirée link	xanax	DB00404	CC1=NN=C2CN=C(C3=CC=CC=C3)C3=C(C=CC(Cl)=C3)N12
1164912550246588418	0	@username La Prep est un traitement au Truvada, je pense que les risques à long terme seraient connus depuis le temps !  @username help me!	truvada	DB00879	NC1=NC(=O)N(C=C1F)[C@@H]1CS[C@H](CO)O1
1199724048621682689	0	LEVOTHYROX 125 : rupture de stock dans les pharmacies !  link via @username			
1194562173579792384	0	On m'a prescrit du Xanax ossekour	xanax	DB00404	CC1=NN=C2CN=C(C3=CC=CC=C3)C3=C(C=CC(Cl)=C3)N12
1199813258305294336	0	@username On va tous finir sous Xanax à force de supporter cette équipe...	xanax	DB00404	CC1=NN=C2CN=C(C3=CC=CC=C3)C3=C(C=CC(Cl)=C3)N12
1171529025346363393	0	Au Togo comme ailleurs, les ravages du Tramadol, médicament « anti-douleur » ⤵ link Via @username link	tramadol	DB00193	COC1=CC=CC(=C1)[C@@]1(O)CCCC[C@@H]1CN(C)C
1198287421978415106	0	@username Une légende du 60 et des écoles de commerce jusqu’à mes 24 ans. Aujourd’hui je joue avec une Ventoline mais mes blagues sur le terrain continuent d’en déstabiliser plus d’un!			
1196405804313784320	0	La Ventoline, c’est la seule femme de ma vie. Presque chaque nuit, elle me sauve d’une mort par asphyxie.			
1195293056947433473	0	Du coup je me fous des emplatres adhésifs de Voltaren à 13€. Je suis la meilleure cliente de la pharmacie du quartier. Super marre.	voltaren	DB00586	OC(=O)CC1=CC=CC=C1NC1=C(Cl)C=CC=C1Cl
1173940173031313413	0	Le médicament anti-douleurs « Tramadol » est un tueur silencieux ! link	tramadol	DB00193	COC1=CC=CC(=C1)[C@@]1(O)CCCC[C@@H]1CN(C)C
1198436648666779649	0	@username @username Tercian.... Alprazolam.... Traitement que j'ai haï. De toutes mes tripes. (J'ai pris 36kg avec ces merdes !)	alprazolam	DB00404	CC1=NN=C2CN=C(C3=CC=CC=C3)C3=C(C=CC(Cl)=C3)N12
1197852690900037633	0	C’est-à-dire qu’ils me connaissent pas du tout et le jeune médecin n’a pas du tout du mal à me prescrire antidépresseurs et Xanax en m’expliquant d’ailleurs comment Xanax me rends addictif. Il n’y a pas de secret : il crée un effect de récompense juste comme un jeux vidéo.	mal~xanax~secret	DB00825~DB00404~DB11200	CC(C)[C@@H]1CC[C@@H](C)C[C@H]1O~~~CC1=NN=C2CN=C(C3=CC=CC=C3)C3=C(C=CC(Cl)=C3)N12~~~O.O.[Al+3].[Cl-].[Zr+4].NCC([O-])=O
1197145134183440384	0	Garder précieusement cet article de @username au chaud pour le jour où le baclofène sera retiré du marché à cause de son inefficacité et de ses effets indésirables.	pr	DB00825	CC(C)[C@@H]1CC[C@@H](C)C[C@H]1O
1196909301366972417	0	@username @username Mais comment ça se fait que le rouge court si vite et sans ventoline? Maman sprinteuse ?   Et ça fait 10 générations qu'on bouffe du Scoth chez les Laurent, c'est pas prêt de s'arrêter	pr	DB00825	CC(C)[C@@H]1CC[C@@H](C)C[C@H]1O
1195443074492747776	0	@username Après Gomes, Valverde est en train de nous en envoyer un autre en dépression. Quelle vie. FC PROZAC #ValverdeOUT	prozac	DB00472	CNCCC(OC1=CC=C(C=C1)C(F)(F)F)C1=CC=CC=C1
1141459386394693633	0	Résume de ma soirée : crise d’asthme,pas de ventoline, départ en urgence a une parmarcie20 min ou tu vois et n’entend rien et alors que tu récupères enfin une ventoline c’est au tour de la crise d’angoisse de debarque ?! Wsh detend mon corp on est pas pote et arrête de trembler!			
1198329129575354369	0	@username Je pense que l’effexor est en spécial cette semaine dans la circulaire 😁	effexor	DB00285	COC1=CC=C(C=C1)C(CN(C)C)C1(O)CCCCC1
1194299086586945538	0	bourrée tous les deux jours, xanax en balle, cocaïne tous les week-end, idées suicidaires à chaque réveils, ouais c'était moche l'année dernière	xanax	DB00404	CC1=NN=C2CN=C(C3=CC=CC=C3)C3=C(C=CC(Cl)=C3)N12
975066340217315330	0	#Levothyrox F.A.Q de L'Ansm: Numéro 15: Que faire en cas d'effets indésiraables suite au passage à la nouvelle formule? Numéro 16: Pourrait-on revenir à l'ancienne formule ou proposer les deux formules en parralèle? N.b: Cette version du doc Màj date de Août 2017. Version 2. Next link	date	DB10632	
1197608321710272512	0	Demain avant d’aller run j’dois prendre deux bouffées de ventoline 😭😭😭😭😭			
1199014779123326982	0	@username mmh j’ai switche de la fluoxetine à la sertraline y a genre 1 an et demi, et la déréalisation s’est archi pas calmée, et les effets secondaires ont été mille fois plus violents au début	fluoxetine~sertraline	DB00472~DB01104	CNCCC(OC1=CC=C(C=C1)C(F)(F)F)C1=CC=CC=C1~~~CN[C@H]1CC[C@@H](C2=CC(Cl)=C(Cl)C=C2)C2=CC=CC=C12
1152569829267820544	0	C’est des écouteurs ou d’la ventoline ?			
1197242000413806592	0	Bonjour @username besoin de ventoline ou ça va aller ? :) #5decembre2019 link			
1194245785745051651	0	@username @username @username mathieu prend 1 xanax ca ira mieux	xanax	DB00404	CC1=NN=C2CN=C(C3=CC=CC=C3)C3=C(C=CC(Cl)=C3)N12
1199726092170514432	0	Pourquoi j'ai pas mon Xanax avec moi	xanax	DB00404	CC1=NN=C2CN=C(C3=CC=CC=C3)C3=C(C=CC(Cl)=C3)N12
1141263264925532166	0	@username @username On parle du Mediator de chez Servier ? On parle du Levothyrox de chez Merck ? On parle des statines qui sont prescrites à tort et qui ont des effets secondaires pires que le mal qu’elles soignent ! Je continue la où c’est bon ?	mal	DB00825	CC(C)[C@@H]1CC[C@@H](C)C[C@H]1O
1199258715335069701	0	#ECHRlegalsummaries Abdyusheva et autres c. Russie, arrêt : Impossibilité pour les dépendants aux opiacés de bénéficier d’un traitement de substitution par la méthadone ou la buprénorphine : non-violation link #CEDH #CourEDH			
1194647245070766081	0	@username Là, ça devient du vrai Xanax, là (la saga des WC)	xanax	DB00404	CC1=NN=C2CN=C(C3=CC=CC=C3)C3=C(C=CC(Cl)=C3)N12
1195385986013966343	0	Xanax et alcool ça fait pas bon ménage ?	xanax	DB00404	CC1=NN=C2CN=C(C3=CC=CC=C3)C3=C(C=CC(Cl)=C3)N12
1199235470300983296	0	livraison discrète sur Wickr :plugpusherdaker  #paris86 #paris78 #paris3 #pontoise #nanterre #creteil #versailles #Saintdenis #week #beuh #shit #cocaine #evry #melun #laval #Angers #vannes #Brest #montauban #hash #thc #methamphetamine #pillules #xanax #cristal #visitparis #thc link	cocaine~methamphetamine~xanax	DB00907~DB01577~DB00404	[H][C@]12CC[C@]([H])([C@H]([C@H](C1)OC(=O)C1=CC=CC=C1)C(=O)OC)N2C~~~CN[C@@H](C)CC1=CC=CC=C1~~~CC1=NN=C2CN=C(C3=CC=CC=C3)C3=C(C=CC(Cl)=C3)N12
1199729573409243136	0	@username @username C’est tous les deux du metoprolol mais ... ils n’ont pas la même indication dans leurs AMM. Selozok est indiqué spécifiquement dans l’insuffisance cardiaque donc sous surveillance rapprochée d’un cardiologue à l’initiation du tt. Logimax est indiqué uniquement dans l’HTA	metoprolol	DB00264	COCCC1=CC=C(OCC(O)CNC(C)C)C=C1
1198700340834656257	0	@username Il me faut une ventoline ptdrrr			
1196908509251674114	0	@username Daron m’a frappé parce que j’ai pris une douche de 8 min. Je crois on doit faire un vol xanax air lines	xanax~air	DB00404~DB09337	CC1=NN=C2CN=C(C3=CC=CC=C3)C3=C(C=CC(Cl)=C3)N12
1195326491640434688	0	@username Oxymore à toi seule ...  un petit prozac peut-etre ....😇😇	prozac	DB00472	CNCCC(OC1=CC=C(C=C1)C(F)(F)F)C1=CC=CC=C1
1198673544428826625	0	Je pense que je vais effacer queque tweet moi les  les pris avec xanax   qui n est pasur ça  c est sur  effaçons	xanax	DB00404	CC1=NN=C2CN=C(C3=CC=CC=C3)C3=C(C=CC(Cl)=C3)N12
1129838543059214336	0	Le Saviez-Vous ? Le plat national en Slovénie est le Xanax  #Eurovision	xanax	DB00404	CC1=NN=C2CN=C(C3=CC=CC=C3)C3=C(C=CC(Cl)=C3)N12
1143501991450013696	0	Viagra en Suisse pas cher Rappelez-vous ces choses avant que vous consommez Viagra pour votre amélioration sexuelle Viagra en France  Viagra en Suisse pas cher – Rappelez-vous ces choses avant que vous   Please visit for more-link … … 2	viagra	DB00203	CCCC1=NN(C)C2=C1N=C(NC2=O)C1=CC(=CC=C1OCC)S(=O)(=O)N1CCN(C)CC1
1198739050401808384	0	@username Le xanax marche pas sur moi	xanax	DB00404	CC1=NN=C2CN=C(C3=CC=CC=C3)C3=C(C=CC(Cl)=C3)N12
1161953238071070720	0	#teampsy svp pouvez vous me dire si un antidépresseur (type prozac ou déroxat ) ou un anxiolytique (lexomyl, xanax) fait partie de cette catégorie ⬇️?  Seront ils en renouv classique par  #IPA, que IPADE psy ou toutes IPADE. ? (les AD et AL) Merci link	prozac~xanax	DB00472~DB00404	CNCCC(OC1=CC=C(C=C1)C(F)(F)F)C1=CC=CC=C1~~~CC1=NN=C2CN=C(C3=CC=CC=C3)C3=C(C=CC(Cl)=C3)N12
1195751574074806272	0	@username J’en ai besoin de ventoline pour « vivre »			
1197475664582103040	0	seokjin curly je répète achetez une ventoline			
1198698903249526785	0	on dirait c toi tu paies ma Ventoline. laisse moi respirer trql nn???			
1127851235481022464	0	Ouest-France :  Bretagne. Les victimes du Levothyrox invitées à se signaler link link			
1198327954192961538	0	Metformin Vente Libre Quebec | Meilleurs prix | Pharmacie Saint-raphaël link link	metformin	DB00331	CN(C)C(=N)NC(N)=N
1196497902270603264	0	On va assommer la Bête à coups de xanax.	xanax	DB00404	CC1=NN=C2CN=C(C3=CC=CC=C3)C3=C(C=CC(Cl)=C3)N12
1198928919589793792	0	Doliprane, marimer, symbicort, humex rhume et pivalone je vous remercirais jamais assez de traiter mon rhume et ma toux de batard	symbicort	DB01222	[H][C@@]12C[C@H]3OC(CCC)O[C@@]3(C(=O)CO)[C@@]1(C)C[C@H](O)[C@@]1([H])[C@@]2([H])CCC2=CC(=O)C=C[C@]12C
1195038949942710275	0	Pourquoi j’ai pas une ventoline à disposition dans ces cas d’extrême urgences ??? link			
1198693867178143745	0	@username Dans les RCP, il n’y a pas de précision pour le moment de prise de la fluoxétine. Sachant qu’elle est liée à 95% aux protéines et que sa demi-vie est de 4 à 6 jours, est-ce que l’effet psychotonique est vraiment ressenti immédiatement ce qui justifierait une prise le matin ?	pr	DB00825	CC(C)[C@@H]1CC[C@@H](C)C[C@H]1O
1198254416429797376	0	@username Ptdrrrrrr @ moi nan ???? 💀💀 Jfais les deux et le carré marche mieux que les xanax just sayin	xanax	DB00404	CC1=NN=C2CN=C(C3=CC=CC=C3)C3=C(C=CC(Cl)=C3)N12
1144982379448152064	0	@username @username @username Ai-je dit quelque part que le Plavix est gratuit ? ou que les médicaments en france sont gratuit ? Je crois pas	plavix	DB00758	[H][C@@](N1CCC2=C(C1)C=CS2)(C(=O)OC)C1=CC=CC=C1Cl
1196902300293447681	0	Ca a l'air d'être un délire de truc.   Genre 0 absolument 0 effets secondaires , pas de tachycardie ou d'effets psychoactifs indésirables comme sur le ritalin / adderall link	air~ritalin~adderall	DB09337~DB00422~DB01576	COC(=O)C(C1CCCCN1)C1=CC=CC=C1~~~C[C@H](N)CC1=CC=CC=C1
1199772834626785280	0	@username ptdrr c’est sur ça, la codéine les xanax tout 😂	cod~xanax	DB10861~DB00404	CC1=NN=C2CN=C(C3=CC=CC=C3)C3=C(C=CC(Cl)=C3)N12
1194296501771612161	0	@username @username @username Pour du xanax elle aurait pu. Je comprends son raisonnement, à confier la prescription à ceux du corps médical qui te suivent de prêt régulièrement (ici ton médecin de droite) histoire d’évaluer l’efficacité ou non dudit xanax. Hésite pas à lui demander de prescrire la prochaine	xanax~pr	DB00404~DB00825	CC1=NN=C2CN=C(C3=CC=CC=C3)C3=C(C=CC(Cl)=C3)N12~~~CC(C)[C@@H]1CC[C@@H](C)C[C@H]1O
1194059184477818880	0	"@username @username @username On ne devait pas moins l'entendre cette année Jean Michel """"Palpatine"""" Aulas? Il est où Juninho, déjà sous Xanax ? Ne changez rien président, c est un régal à chaque fois de vous entendre avec ce ton Actor Studio. Chapeau l' artiste."	xanax~pr	DB00404~DB00825	CC1=NN=C2CN=C(C3=CC=CC=C3)C3=C(C=CC(Cl)=C3)N12~~~CC(C)[C@@H]1CC[C@@H](C)C[C@H]1O
1172274686211833856	0	Chocolat, Nobel, viagra et Tchernobyl : gare aux corrélations #LesDécodeurs link via @username	viagra	DB00203	CCCC1=NN(C)C2=C1N=C(NC2=O)C1=CC(=CC=C1OCC)S(=O)(=O)N1CCN(C)CC1
1175490708658098176	0	Maladie des agglutinines froides, cause rare d’anémie hémolytique auto-immune, possiblement exacerbée par une récente infection virale et un temps froid (-9 °C). Patient réchauffé, traité par perfusions sanguines et rituximab pendant une semaine link via @username link	rituximab	DB00073	
1197089892158902272	0	#Levothyrox L'excellente analyse d'un médecin généraliste @username @username @username @username @username @username @username @username @username @username @username @username @username @username @username			
1196661271032139777	0	"@username @username @username @username eh! papy n'oubliez pas vos gouttes, et aussi le petit cachet bleu """"VIAGRAC"""" duo de viagra et de prozac """"tu bandes mou mais tu t'en fout"	viagra~prozac	DB00203~DB00472	CCCC1=NN(C)C2=C1N=C(NC2=O)C1=CC(=CC=C1OCC)S(=O)(=O)N1CCN(C)CC1~~~CNCCC(OC1=CC=C(C=C1)C(F)(F)F)C1=CC=CC=C1
1196936383044046848	0	@username Prenez de la vitamine D ou du prozac bordel	prozac	DB00472	CNCCC(OC1=CC=C(C=C1)C(F)(F)F)C1=CC=CC=C1
1168298868901126144	0	Besoin d’un xanax pour msentir mieux 😖😖 #ESI #3èmeannée #stage	xanax	DB00404	CC1=NN=C2CN=C(C3=CC=CC=C3)C3=C(C=CC(Cl)=C3)N12
1197921184081465345	0	@username J’ai eu un retour récent d’asthme aussi. Pendant 15 jours 2 bouffees de becotide + ventoline, a diminuer petit à petit. Ça m’a sauvé !			
1195478512708272130	0	@username Prévois la ventoline.	pr	DB00825	CC(C)[C@@H]1CC[C@@H](C)C[C@H]1O
1124742249596637184	0	WorldBank Search Afrique centrale : les services Hydromet, un allié incontournable du développement durable link link link	hydromet~alli	DB00956~DB01083	[H][C@@]12OC3=C(OC)C=CC4=C3[C@@]11CCN(C)[C@]([H])(C4)[C@]1([H])CCC2=O~~~CCCCCCCCCCC[C@@H](C[C@@H]1OC(=O)[C@H]1CCCCCC)OC(=O)[C@H](CC(C)C)NC=O
1199102368010379264	0	Ma mère envisage de le revoir mercredi mais doute que cela devienne un « plan cul » (sic.), sur ce je vais prendre une douzaine de xanax et dormir.	xanax	DB00404	CC1=NN=C2CN=C(C3=CC=CC=C3)C3=C(C=CC(Cl)=C3)N12
1199473107116781573	0	@username @username @username @username Tout médicament entraine effet indésirable,regardez le bénéfice.Pensez aussi infection Genito urinaire(car glycosurie)effet le+ frequent. Et puis il faut donner la prévalence des effets. La metformine entraîne acidose, les iec des angioedemes mais on les prescrit	pr	DB00825	CC(C)[C@@H]1CC[C@@H](C)C[C@H]1O
1199786886199463937	0	@username Ça s.arrange avec un peu viazac  Mélange de viagra et prozac, je ne bande pas et je m en fous link	viagra~prozac	DB00203~DB00472	CCCC1=NN(C)C2=C1N=C(NC2=O)C1=CC(=CC=C1OCC)S(=O)(=O)N1CCN(C)CC1~~~CNCCC(OC1=CC=C(C=C1)C(F)(F)F)C1=CC=CC=C1
1168999017356959744	0	Voilà pour ceux qui étaient sous xanax, avec la voiture du club😉💙🔵⚪️😎 link	xanax	DB00404	CC1=NN=C2CN=C(C3=CC=CC=C3)C3=C(C=CC(Cl)=C3)N12
1169936827320586245	0	Ayé, j'ai vu le médecin. J'ai une ordo pour de la morphine et un certificat jusqu'à lundi soir Les gens sont tellement gentils ici, c'est ouf	morphine	DB00295	[H][C@@]12OC3=C(O)C=CC4=C3[C@@]11CCN(C)[C@]([H])(C4)[C@]1([H])C=C[C@@H]2O
1196423392246861824	0	Mon corps a décidé d'être un océan de douleurs variées. Je vais augmenter la Duloxetine, j'espère pas plus de nausées..  J'ai une liste longue comme le bras de livres à emprunter à la BU, j'en ai pour des mois.A voir si mon dos est ok pour en ramener 2 ou 3 depuis Bichat demain😬	duloxetine	DB00476	CNCC[C@H](OC1=CC=CC2=CC=CC=C12)C1=CC=CS1
1169866576914288642	0	#Axena : Outils de transition digitale Avec l’outil #XPPS votre parc est sous contrôle continu. Un gain de temps énorme pour le service informatique et pour les utilisateurs.😉 link  #Axena #Villeurbanne #Ain #Rhône link			
1196548462969524224	0	La meuf elle est asthmatique elle a pas de ventoline et elle se met dans un endroit mal aéré?? link	mal	DB00825	CC(C)[C@@H]1CC[C@@H](C)C[C@H]1O
1194283222177402880	0	"@username Je prends du xanax à la demande uniquement, et """"mon"""" pharmacien me fait confiance à ce sujet. Mais j'ai une consommation très faible, cela aide, c'est certain."	xanax	DB00404	CC1=NN=C2CN=C(C3=CC=CC=C3)C3=C(C=CC(Cl)=C3)N12
1199106555393773569	0	@username G fait ça avec le Xanax ça soulage	xanax	DB00404	CC1=NN=C2CN=C(C3=CC=CC=C3)C3=C(C=CC(Cl)=C3)N12
1195642956713254914	0	@username t’es dingue januvia fait 7 milliard $ de CA par AN ! on peut largement le concurrencer et l’ecraser ! et le brevet dure jusqu’en 2033  pour moi ll’imeglimine de poxel c’est la metformine de demain sans les effets secondaires !	januvia	DB01261	N[C@@H](CC(=O)N1CCN2C(C1)=NN=C2C(F)(F)F)CC1=CC(F)=C(F)C=C1F
1177991556114059266	0	@username @username euh ok capace bleu			
1133421539922255872	0	Vous avez vu, @username ? Crise d'asthme et pas d'utilisation de ventoline. C'est un fait de course qui affaibli le coureur, comme des crampes ou une crevaison, ça n'a pas à être masqué par je ne sais quoi.  Prenez-en de la graine. link			
1195870921032130560	0	@username Voltaren actigo, flector, dafalgan, baume du tigre (rouge) si c’est pour les muscles	voltaren~flector	DB00586	OC(=O)CC1=CC=CC=C1NC1=C(Cl)C=CC=C1Cl
1199310865541021697	0	@username ? J'ai toujours eu sur ma prescription et fentanyl et oxynormoro C'est juste que le fentanyl ça prend une plombe a agir, l'oxy c'est une libération immédiate.	fentanyl	DB00813	CCC(=O)N(C1CCN(CCC2=CC=CC=C2)CC1)C1=CC=CC=C1
1195628867496685568	0	@username Évite xanax je sais de quoi je parle.	xanax	DB00404	CC1=NN=C2CN=C(C3=CC=CC=C3)C3=C(C=CC(Cl)=C3)N12
1197071065048080384	0	@username @username @username @username Im devrait prendre un xanax le garçon 😏	xanax	DB00404	CC1=NN=C2CN=C(C3=CC=CC=C3)C3=C(C=CC(Cl)=C3)N12
1197935827445329922	0	vous voulez savoir à quel point ma santé mentale va mal?? ma psy vient de me prescrire du XANAX,,,,,	mal~xanax	DB00825~DB00404	CC(C)[C@@H]1CC[C@@H](C)C[C@H]1O~~~CC1=NN=C2CN=C(C3=CC=CC=C3)C3=C(C=CC(Cl)=C3)N12
1194284952940097536	0	Voilà je vous explique en deux mots  Je suis possiblement autiste (non diag) J'ai fait un burnout dans mes études il y a trois ans  Ça fait trois ans que je suis en dépression grave (sans pulsions suicidaires)   Je suis sous AD (venlafaxine 75mg)	venlafaxine	DB00285	COC1=CC=C(C=C1)C(CN(C)C)C1(O)CCCCC1
1198252493425324036	0	Le collier de Nico Minoru (Lyrica Okano) dans Marvel's Runaways S01E04 link	lyrica	DB00230	CC(C)C[C@H](CN)CC(O)=O
1197625345639403520	0	@username @username Vas te reposer et détends toi avec une boîte de Xanax	xanax	DB00404	CC1=NN=C2CN=C(C3=CC=CC=C3)C3=C(C=CC(Cl)=C3)N12
1196176528792526849	0	Quand on a pris un Xanax, faut attendre combien de temps avant de boire ?  Question sérieuse.	xanax	DB00404	CC1=NN=C2CN=C(C3=CC=CC=C3)C3=C(C=CC(Cl)=C3)N12
1103221038706507776	0	#Levothyrox: Ouvrons une enquête parlementaire! SVP !!!!  link via @username			
1195937970345402368	0	Sa fais une semaine je me la tue au cardio et comme par hasard j’ai plus de ventoline ni d’ordonnance je respire comme un putin de zombie 😣			
1123887611800633346	0	Message à l'intention des trolls anonymes: on peut critiquer une opération de com (sur un vaccin) ne respectant pas la déclaration nécessaire légale de liens d'intérêt sans être antivaxx, comme on pouvait critiquer le Vioxx sans être anti-médicament. Bisous	vioxx	DB00533	CS(=O)(=O)C1=CC=C(C=C1)C1=C(C(=O)OC1)C1=CC=CC=C1
1194387941759635456	0	@username Non non en fait c'est moi qui ai dit de la merde c'est bien 12,5mg de xanax, c'est que je suis habitué à mes médocs qui sont à 10mg, 25mg et 50mg dcp je trouvais ça peu mais en effet le xanax le dosage de base c'est bcp moins (je parle pas de l'efficacité)	xanax~dcp	DB00404~DB01114	CC1=NN=C2CN=C(C3=CC=CC=C3)C3=C(C=CC(Cl)=C3)N12~~~CN(C)CCC(C1=CC=C(Cl)C=C1)C1=CC=CC=N1
1144014242724614144	0	Ptk - Codein (Prévia) 🔥 link	codein~pr	DB00318~DB00825	[H][C@]12C=C[C@H](O)[C@@H]3OC4=C5C(C[C@H]1N(C)CC[C@@]235)=CC=C4OC~~~CC(C)[C@@H]1CC[C@@H](C)C[C@H]1O
1139506375820750854	0	@username Merde. Ce n’est pas la beuh que les gars ont mis😂 c’est le viagra	viagra	DB00203	CCCC1=NN(C)C2=C1N=C(NC2=O)C1=CC(=CC=C1OCC)S(=O)(=O)N1CCN(C)CC1
1149370521781514240	0	Il me faut une ventoline, je vais mourir avant la fin du match autrement 🇩🇿#CIVALG			
1195354334827024385	0	vous vénérez lil peep juste parce que il c’est suicidé avec des xanax et que c’est « hype »	xanax	DB00404	CC1=NN=C2CN=C(C3=CC=CC=C3)C3=C(C=CC(Cl)=C3)N12
1195396129057361920	0	"Putain j'avais pas pris de Xanax de la journée et j'ai (encore) recommencé à me dire """"mais putain comment j'ai eu les couilles d'écrire et de donner une putain de LETTRE à Tom??"""" ainsi qu'un florilège de pensées intrusives pas cool tmtc, faut vraiment que mon cerveau arrête"	xanax	DB00404	CC1=NN=C2CN=C(C3=CC=CC=C3)C3=C(C=CC(Cl)=C3)N12
1197125732188794880	0	@username J'adore te faire rire mais gardes ta ventoline à proximité qd même			
1197540225431552002	0	@username @username Mais c'est périmé ça... Allez, un xanax et au panier.	xanax	DB00404	CC1=NN=C2CN=C(C3=CC=CC=C3)C3=C(C=CC(Cl)=C3)N12
1138829740750647296	0	Qqun aurait de la ventoline pour la journaliste ? link			
1145075560114270209	0	@username Tu n'as pas de ventoline en ta disposition, si et quand un problème respiratoire t'arrives sachant que le risque est bien sur moins fort qu'un asthmatique tu es limite livré à toi-même			
1196041381187338241	0	Bon ben La Belle et le Clochard 2019... J'ai pas eu à me servir de ma ventoline (coucou @username ) mais bon, ça reste extrêmement pauvre, aseptisé jusqu'au ridicule, jamais immersif quant à son contexte et son histoire et, sûrement pire que tout, ennuyeux. link			
1163557617811300360	0	Streamons ça la famille ZIAC premier feuillet de repartition Sac*em à 6 chiffres link	ziac	DB00999	NS(=O)(=O)C1=C(Cl)C=C2NCNS(=O)(=O)C2=C1
1197093976786001920	0	#Levothyrox L'excellente analyse d'un médecin généraliste @username @username @username @username @username @username @username @username @username @username @username  @username @username @username @username @username			
1194620492973592578	0	@username @username @username @username Prozac déjà ?🥴ça va être dur de tenir😂😭	prozac	DB00472	CNCCC(OC1=CC=C(C=C1)C(F)(F)F)C1=CC=CC=C1
1152307395848220672	0	@username @username Et compro la j	compro	DB00433	CN1CCN(CCCN2C3=CC=CC=C3SC3=C2C=C(Cl)C=C3)CC1
1199648602156605441	0	👇 Ça 👇 c’est ce qui arrive dans mon assiette avant que la déprime me pogne et pas besoin de Prozac, je vous assure🤪😂 Ils en vendent même à l’épicerie en Suède dans la section « aliments importés » mais ça pourrait être dans la section « médicaments importés » 🤣🤣🤣 😋😛😝😂 link	prozac	DB00472	CNCCC(OC1=CC=C(C=C1)C(F)(F)F)C1=CC=CC=C1
1199774280902467584	0	Un remède contre l’ennui total de ma vie à part le Xanax ou un pont svp merci.	xanax	DB00404	CC1=NN=C2CN=C(C3=CC=CC=C3)C3=C(C=CC(Cl)=C3)N12
1198259418774867968	0	jvois le Prozac ça provoque des pertes de l’appétit chez tlm jsuis la seule a qui ça fait le contraire ? je mange à longueur de journée c’est même plus de la boulimie là	prozac	DB00472	CNCCC(OC1=CC=C(C=C1)C(F)(F)F)C1=CC=CC=C1
1196796497540595712	0	@username  Dans l'hôpital d'emmergence PIATRA NEAMT ROUMAINIA LE DOCTEUR ILIESCU DAN MI DIAGNOSTIQUE PIODERMITA PERIORALA ET MI CURE AVEC :SEROQUEL ET CONVILEX J'AI MALATE DE HIPERTHYROIDIE  DANS L'HOPITAL DU LOCALITE CONA ITALIA link	seroquel	DB01224	OCCOCCN1CCN(CC1)C1=NC2=CC=CC=C2SC2=CC=CC=C12
1194887699804635136	0	Après la #cocaïne dans les eaux usées des démocraties marchandes, ces sociétés du #bonheur où la population survie à coup de #dopants et d'#antidépresseurs voici le #Prozac.  link #nature #écologie #santé	prozac	DB00472	CNCCC(OC1=CC=C(C=C1)C(F)(F)F)C1=CC=CC=C1
1136643379167715330	0	Intéressant symposium sur un nouveau traitement de substitution : buprénorphine d action prolongée. L évaluation par les patients est très positive. Vivement la mise à disposition en France!	prolong	DB01086	CCOC(=O)C1=CC=C(N)C=C1
1196169997896298499	0	@username @username @username Je ne sais pas mais pour les asthmatique  comme moi et sans être dans une manif a moins  de 100 m résultat après que les secouristes et ma ventoline on essayer de me soulager sans succès avec une crise asthme vos collègue et le SAMU  sont venue résultat 2 jour d’hôpital			
1198342274628964354	0	#Levothyrox   #HorreursMedicamenteuses   #PasDeDividendesSurMaSante  #AgnesBuzyness			
1194941400082780161	0	Mon corps supportes codeine/Xanax/ weed/ par contre deux verres de jack...	codeine~xanax	DB00318~DB00404	[H][C@]12C=C[C@H](O)[C@@H]3OC4=C5C(C[C@H]1N(C)CC[C@@]235)=CC=C4OC~~~CC1=NN=C2CN=C(C3=CC=CC=C3)C3=C(C=CC(Cl)=C3)N12
1177570869826260993	0	Incendie à l'usine Viagra link	viagra	DB00203	CCCC1=NN(C)C2=C1N=C(NC2=O)C1=CC(=CC=C1OCC)S(=O)(=O)N1CCN(C)CC1
1156308547967361025	0	Mm mes medocs a la codeine ca marche pas	codeine	DB00318	[H][C@]12C=C[C@H](O)[C@@H]3OC4=C5C(C[C@H]1N(C)CC[C@@]235)=CC=C4OC
1195067957879214080	0	“bonjour, ya des gens accro au xanax ou autres? j’ai besoin de parler avec qqn🥺”	xanax	DB00404	CC1=NN=C2CN=C(C3=CC=CC=C3)C3=C(C=CC(Cl)=C3)N12
1147294328672477184	0	@username Frère, même des 0-0 victoires aux TàB, je prends. On s’en gaba du joga bonito			
1197927447456571393	0	@username @username @username @username @username @username D'accord ouin ouin, en attendant, moi je ne respire pas de la ventoline par le fion en me prenant pour un thug.			
1197937842229518337	0	@username Tu vas prendre du Xanax ?	xanax	DB00404	CC1=NN=C2CN=C(C3=CC=CC=C3)C3=C(C=CC(Cl)=C3)N12
1199643818976526337	0	@username @username @username Oui gros, allez un xanax et au lit.	xanax	DB00404	CC1=NN=C2CN=C(C3=CC=CC=C3)C3=C(C=CC(Cl)=C3)N12
1197635309833523200	0	Regardez, le veganisme, ça rend malade. Il sera obligé de prendre des corticos et de la ventoline pour se soigner... 😂			
1130092872882163713	0	Cocaïne Morphine Cigüe Opium Vintage pharmacy jars France Rouen Pattern Signed UC link via @username	morphine~opium	DB00295~DB11130	[H][C@@]12OC3=C(O)C=CC4=C3[C@@]11CCN(C)[C@]([H])(C4)[C@]1([H])C=C[C@@H]2O
1169207732278374401	0	La plus petite et plus toxique grenouille à flèches fait 10mm de large et elle est 100 fois plus puissante que la morphine link	morphine	DB00295	[H][C@@]12OC3=C(O)C=CC4=C3[C@@]11CCN(C)[C@]([H])(C4)[C@]1([H])C=C[C@@H]2O
1137323672606085121	0	@username @username @username @username non mais tu invente des choses non écrites...tu es bi polaire et tu prend du xanax...j'ai pas dis que tu voulais te soigner...Le crane c'est un peu comme ton cul...tres vide chérie😍🥰😋😜	xanax	DB00404	CC1=NN=C2CN=C(C3=CC=CC=C3)C3=C(C=CC(Cl)=C3)N12
1196403902415089666	0	Toute sa vie elle est sous xanax ou quoi ? link	xanax	DB00404	CC1=NN=C2CN=C(C3=CC=CC=C3)C3=C(C=CC(Cl)=C3)N12
1196707152129404933	0	Petit 1 es que ce chat est sous prozac pour rester aussi calme et petit 2, je suis désolé mais c’est croc mou dans Dragon link	prozac~dragon	DB00472~DB09543	CNCCC(OC1=CC=C(C=C1)C(F)(F)F)C1=CC=CC=C1~~~COC(=O)C1=CC=CC=C1O
1198526671625883648	0	"#BIBLIOSANTE """"Les Résistantes - #Levothyrox #Depakine #alcool #prothèsePIP... Elles ont mené le combat"""" par @username  #SantéPublique #Médecine @username link"			
1197970147618820098	0	Apportez moi ma ventoline, c'est une question de vie ou de mort.			
1139065659348914176	0	@username préparer l aspirine et le Prozac 😎	pr~prozac	DB00825~DB00472	CC(C)[C@@H]1CC[C@@H](C)C[C@H]1O~~~CNCCC(OC1=CC=C(C=C1)C(F)(F)F)C1=CC=CC=C1
1166103984224047104	0	@username J'avais quasi tous les effets 2ndaires notés sur la notice et plus aucun effet. Pour la modafinil, dans la compo il y a du lactose et je suis intolérante (plaques qui grattent et diarrhée). Pour la ritanil, le neuro m'a fait arrêté car on aurait dit un zombi mourrant.	modafinil~lactose	DB00745~DB04465	NC(=O)CS(=O)C(C1=CC=CC=C1)C1=CC=CC=C1~~~OC[C@H]1O[C@@H](O[C@H]2[C@H](O)[C@@H](O)C(O)O[C@@H]2CO)[C@H](O)[C@@H](O)[C@H]1O
1178743401874898944	0	Tramadol et codéine?😹	tramadol~cod	DB00193~DB10861	COC1=CC=CC(=C1)[C@@]1(O)CCCC[C@@H]1CN(C)C
1155492470605721601	0	"Sauf pour les victimes du Levothyrox, pour ceux qui se soignent à l'homéopathie (maladies auto-immunes), ceux qui meurent aux urgences, etc. Ce n'est pas avec vous qu'elle doit avoir """"toujours une attention"""", ns ne sommes pas dans un salon mais avec ceux pour qui elle est payée."			
1199680244787163138	0	ça me propose des sorties xanax je suis dépassée mdrr	xanax	DB00404	CC1=NN=C2CN=C(C3=CC=CC=C3)C3=C(C=CC(Cl)=C3)N12
1199464351306006529	0	@username Je suis sûr quand il chantait et qu'il a dû prendre de la ventoline il a dû être blasé un instant			
1162660849460404224	0	URGENT  une solution pour ma petite soeur qui souffre d'asthm . La ventoline (pompe) est devenu presque inefficace tellement elle en a abusé . Elle fait des crises presque tous les jours . Et ça devient de pire ne pire .  Vous avez des solutions miracles ?  Rt apprécié . (1)	solution	DB00350	NC1=CC(=NC(N)=[N+]1[O-])N1CCCCC1
1195278622287892481	0	Patiente (54 ans) qui se rend aux U pour une bronchite. On lui découvre un diabète (glycémie à jeun : 1.3 g/l). Branle-bas de combat : ordonnance de sortie (outre amoxclav) : metformine 1000 un comprimé par jour.			
1197805925609988097	0	Et a quand le mois sans lexomil xanax#GGRMC	xanax	DB00404	CC1=NN=C2CN=C(C3=CC=CC=C3)C3=C(C=CC(Cl)=C3)N12
1196845654879932417	0	@username deux secondes je finis mes shots de ventoline			
1198674193824538629	0	@username ou est le xanax ?	xanax	DB00404	CC1=NN=C2CN=C(C3=CC=CC=C3)C3=C(C=CC(Cl)=C3)N12
1198349949781630976	0	S’il veut follow ta grosse mère il peut aussi Ce genre de victime sous xanax qui s’prennent pour la police du follow, ça m’fascinera toujours	xanax	DB00404	CC1=NN=C2CN=C(C3=CC=CC=C3)C3=C(C=CC(Cl)=C3)N12
1126116849207447554	0	😭 on vient de m’expliquer la vrai définition de «  star de akonro » le truc de Grace Mbizi donc ça veut dire star de la bite ? Star du viagra ? Le truc qu’on prend pour avoir une erection 😭😭 waaah Grâce Mbizi esh comportement	viagra	DB00203	CCCC1=NN(C)C2=C1N=C(NC2=O)C1=CC(=CC=C1OCC)S(=O)(=O)N1CCN(C)CC1
1195254152382861312	0	@username @username Madame.. Je suis médecin et mon conseil est... Deux Xanax ou deux tranxene le soir au couché, parce que ne pas reconnaître une réaction au second degré impose un repos obligatoire	xanax	DB00404	CC1=NN=C2CN=C(C3=CC=CC=C3)C3=C(C=CC(Cl)=C3)N12
1195083737068920832	0	@username Tant qu’il joue « No place for us » du double album God Blesse/Katagena moi ça me va 😏 (bon, prenez quand même un petit Xanax avant de voir la setlist 😅)	xanax	DB00404	CC1=NN=C2CN=C(C3=CC=CC=C3)C3=C(C=CC(Cl)=C3)N12
1196580756837019648	0	Est-ce que je vais me laisser crever pcq ma ventoline est tombée à côté d’une grosse araignée? Tout à fait			
1149509367235936257	0	meme sous tramadol on est là 🤝	tramadol	DB00193	COC1=CC=CC(=C1)[C@@]1(O)CCCC[C@@H]1CN(C)C
1194353695410065409	0	@username @username j'ai laissé 2h un tweet à la fin du thread laissant ton @ en attendant une réponse de ta part quand même, voyant aucune réponse j'ai supprimé le tweet en pensant que t'avais (ou pas) Ray Charles mais bon pas grave dans tous les cas tu passes pour un con avec ton histoire de xanax	xanax	DB00404	CC1=NN=C2CN=C(C3=CC=CC=C3)C3=C(C=CC(Cl)=C3)N12
1199716675085467648	0	"@username """"les portemanteaux de 200 grammes qui défilent avec un tube de Prozac dans chaque oeil""""... sont des femmes qui parfois se suicident où meurt à petit feu... d'anorexies... Pas étonnant que les femmes soient de grandes rivales avec ce genre de comparaisons toxiques."	prozac	DB00472	CNCCC(OC1=CC=C(C=C1)C(F)(F)F)C1=CC=CC=C1
1196354225996996609	0	@username Le xanax j ai mis 18 mois à m en débarrasser!!! Naaannn... ce sont mes médocs pour ma maladie de Crohn.	xanax	DB00404	CC1=NN=C2CN=C(C3=CC=CC=C3)C3=C(C=CC(Cl)=C3)N12
1197969979691470848	0	@username Ouch! Faut que je blackfridaille mes stock de sildenafil sinon il vont périmer sur place	sildenafil	DB00203	CCCC1=NN(C)C2=C1N=C(NC2=O)C1=CC(=CC=C1OCC)S(=O)(=O)N1CCN(C)CC1
1195167232235593728	0	J’prend trop de medocs j’ai pas l’habitude de ça, les antibiotiques et le bain dbouche pour ma dent inflamme, le doliprane pour la fievre ect, diclofenac pr mes douleurs aux jambes eh asi relou	diclofenac~pr	DB00586~DB00825	OC(=O)CC1=CC=CC=C1NC1=C(Cl)C=CC=C1Cl~~~CC(C)[C@@H]1CC[C@@H](C)C[C@H]1O
1195764701713620992	0	honnêtement, un petit xanax ça fait pas de mal	xanax~mal	DB00404~DB00825	CC1=NN=C2CN=C(C3=CC=CC=C3)C3=C(C=CC(Cl)=C3)N12~~~CC(C)[C@@H]1CC[C@@H](C)C[C@H]1O
1199398829646368768	0	Alors c'est un gros oui mais en même temps non. Je n'ai pas d'ordonnance pour du prozac	prozac	DB00472	CNCCC(OC1=CC=C(C=C1)C(F)(F)F)C1=CC=CC=C1
1195842806163673088	0	@username tu veux une ventoline ??			
1195129575673671680	0	@username @username @username @username @username Mais ont ma dit aussi en dm de mettre du Voltaren, et mettre dessus	voltaren	DB00586	OC(=O)CC1=CC=CC=C1NC1=C(Cl)C=CC=C1Cl
1197947343049576450	0	livraison discrète sur Wickr : smokequality4   #paris86 #paris78 #paris3 #pontoise #nanterre #creteil #versailles #Saintdenis #week #beuh #shit #cocaine #evry #melun #laval #Angers #vannes #Brest #montauban #hash #thc #methamphetamine #pillules #xanax #cristal #visitparis #thc link	cocaine~methamphetamine~xanax	DB00907~DB01577~DB00404	[H][C@]12CC[C@]([H])([C@H]([C@H](C1)OC(=O)C1=CC=CC=C1)C(=O)OC)N2C~~~CN[C@@H](C)CC1=CC=CC=C1~~~CC1=NN=C2CN=C(C3=CC=CC=C3)C3=C(C=CC(Cl)=C3)N12
1156170959587594240	0	Le pain au pavot peut contenir... trop de morphine link	morphine	DB00295	[H][C@@]12OC3=C(O)C=CC4=C3[C@@]11CCN(C)[C@]([H])(C4)[C@]1([H])C=C[C@@H]2O
1195063242919428096	0	#tram2 #tram3 @username  @username @username @username @username @username peut on avoir des explications sur les premières réels perturbations ( au lendemain de l’inauguration du T3 ) ? 18h30 de jean médecin arrivé 19h43 a Meridia. 1h30 est ce normal ? link	meridia	DB01105	CC(C)CC(N(C)C)C1(CCC1)C1=CC=C(Cl)C=C1
1196504200819200000	0	PTDRRR eh va prendre ton Xanax et ferme la toi link	xanax	DB00404	CC1=NN=C2CN=C(C3=CC=CC=C3)C3=C(C=CC(Cl)=C3)N12
1199040356895080450	0	@username Je suis passée de ce genre de truc au Xanax.	xanax	DB00404	CC1=NN=C2CN=C(C3=CC=CC=C3)C3=C(C=CC(Cl)=C3)N12
1194695073449103362	0	Oui oui dans 2 ans ca finit au xanax neuchatel ca link	xanax	DB00404	CC1=NN=C2CN=C(C3=CC=CC=C3)C3=C(C=CC(Cl)=C3)N12
1198739716104962051	0	@username Le niveau des fragilus '' mais c'est super dangereux une crise d'angoisse''... Si une urgence' 'vitale' ' peut être stopper avec unz boisson chaude et un câlin elle n' à rien à foutre dans un hôpital. Prenez vos xanax et laisser les urgences fzire leurs job	xanax	DB00404	CC1=NN=C2CN=C(C3=CC=CC=C3)C3=C(C=CC(Cl)=C3)N12
1197609381573074944	0	cetait stylé en vrai quand jprenais un peu trop de xanax et jbuvais comme un trou   jetais sur un piti nuaj	xanax	DB00404	CC1=NN=C2CN=C(C3=CC=CC=C3)C3=C(C=CC(Cl)=C3)N12
1195020985226977289	0	@username Metoprolol, Bisoprolol ou Carvedilol	metoprolol~bisoprolol~carvedilol	DB00264~DB00612~DB01136	COCCC1=CC=C(OCC(O)CNC(C)C)C=C1~~~CC(C)NCC(O)COC1=CC=C(COCCOC(C)C)C=C1~~~COC1=CC=CC=C1OCCNCC(O)COC1=CC=CC2=C1C1=CC=CC=C1N2
1198247283436994560	0	Si vous avez besoin d'un traitement contre la dépression, faites tout ce que vous pouvez pour ne pas prendre de Venlafaxine. Ce truc devrait même pas exister.	venlafaxine	DB00285	COC1=CC=C(C=C1)C(CN(C)C)C1(O)CCCCC1
1198182389899497474	0	ptdr cque g acheté c des xanax retard :))))) g envie de die c quoi cette merde ? ça marche pas	xanax	DB00404	CC1=NN=C2CN=C(C3=CC=CC=C3)C3=C(C=CC(Cl)=C3)N12
1196716774605152262	0	@username Alors ça c'est connu et c'est le mécanisme d'action du natalizumab.	natalizumab	DB00108	
1194525253684416516	0	@username Yep. C'est chiant hein ? Le symbicort me fait bcp de bien. Tu en as ?	symbicort	DB01222	[H][C@@]12C[C@H]3OC(CCC)O[C@@]3(C(=O)CO)[C@@]1(C)C[C@H](O)[C@@]1([H])[C@@]2([H])CCC2=CC(=O)C=C[C@]12C
1196735695148265472	0	@username @username Hier j’ai vu à la pharma une dame de 79 ans. Elle était sous metformine à 6,7 d’Hb1c et on lui a changé par galvus et on lui a laissé un sulfamide. Tellement n’importe quoi. Espérons que l’issue soit différente.	galvus	DB04876	OC12CC3CC(C1)CC(C3)(C2)NCC(=O)N1CCC[C@H]1C#N
1194356848435974144	0	@username j’ai jamais dit le contraire, mon grand a de la ventoline, et je lui donne même si c’est pas naturel			
1194621123247230976	0	@username Mise à jour : voilà, je t'ai répondu alors que tu étais malade, du coup moi aussi aujourd'hui imodium plus vogalène en PLS aux WC. Ah là là, j'aurais dû me laver les mains et mettre un masque avant de toucher mon clavier 😂🤣 link	imodium	DB11074	
1199238684815568896	0	@username Ah oui daccord je vois Mais tes pas aller voir ton médecin si la ventoline ne marche plus?			
1138749228904263681	0	"#NominéBestStreamQuote2019 #TBG : (poursuivi dans des dédales par une entité paranormale haletant la mort) """"Non mademoiselle, je n'ai pas de ventoline."""" link"			
1196854174580957185	0	@username toute nouvelle oui, vu que j'ai pris en tout et pour tout 2 jours d'Effexor il y a 4 ans et demi, puis plus jamais rien. Là j'ai pris le comprimé pendant le repas de midi et c'est tout à fait gérable. On verra comment ça se passe cette nuit, si je dors bien etc.	effexor	DB00285	COC1=CC=C(C=C1)C(CN(C)C)C1(O)CCCCC1
1198750039511904262	0	Fais chier je viens de finir ma ventoline et j’ai pas d’ordonnance pour un renouvellement..........😑			
1139611560580698114	0	"#Levothyrox : """"Que la trahison à ce point-là vienne de nos autorités de santé, je ne m'en remets pas"""", déclare Anny Duperey   link via @username"			
1199397986549338112	0	@username Coucou ! Je suis allé aux urgences donc je dois prendre rdv avec le pneumologue je suis sous cortisone évidemment ventoline aussi et je dois arrêter de fumer (je suis à mon 3 eme jour !) en gros si je continuais mon état aurait pu s’aggraver pour l’instant tout va bien mais le	cortisone	DB14681	[H][C@@]12CC[C@](O)(C(=O)CO)[C@@]1(C)CC(=O)[C@@]1([H])[C@@]2([H])CCC2=CC(=O)CC[C@]12C
1194654628241129472	0	"#lévothyrox : à quand les sanctions à l'encontre des  faiseurs officiels de """" négligence scandaleuse """" au 21e siècle ? 2 ans déjà et personne ne cherche la cause médicale du couac mannitol-citron-lévothyroxine ? Merci qui ? @username @username @username cc @username link"	mannitol	DB00742	OC[C@@H](O)[C@@H](O)[C@H](O)[C@H](O)CO
1195643045967990784	0	@username @username @username @username Elle prend du Xanax, et le bide de son dernier navet l'a bien calme' il faut reconnaitre. 😂😂😂	xanax	DB00404	CC1=NN=C2CN=C(C3=CC=CC=C3)C3=C(C=CC(Cl)=C3)N12
1194292383103508481	0	@username @username Oh, ca vaut les G100 pour glucophage 1000mg. Ou le Lx 25mcg 😂😂😂 pr levothyrox.... Des fois il nous faut une boule de cristal 😂	glucophage~pr	DB00331~DB00825	CN(C)C(=N)NC(N)=N~~~CC(C)[C@@H]1CC[C@@H](C)C[C@H]1O
1196166904123133953	0	La d personne n’a une ventoline en vif			
1196799602353197056	0	#DocTocToc Patient allergique à la coumadine. Récidive de TVP : peut-on passer directement à eliquis après HBPM ?	eliquis	DB06605	COC1=CC=C(C=C1)N1N=C(C(N)=O)C2=C1C(=O)N(CC2)C1=CC=C(C=C1)N1CCCCC1=O
1177561514141728769	0	@username si t’as des trucs a faire et que du coup tu veux pas etre defoncee j aurais dit codeine mais ca peut t’endormir vite fait quand meme	codeine	DB00318	[H][C@]12C=C[C@H](O)[C@@H]3OC4=C5C(C[C@H]1N(C)CC[C@@]235)=CC=C4OC
1199709447704240128	0	j’hésite entre réviser et voler les xanax de ma soeur	xanax	DB00404	CC1=NN=C2CN=C(C3=CC=CC=C3)C3=C(C=CC(Cl)=C3)N12
1195474775868682241	0	@username @username Cam, pour seul arme sa ventoline , arrivera -t-elle a terrasser la bande d’extrême droit de La Sorbonne ?  A l’aide de ses coéquipières Shaïna l’embrouille et Emona le boulet pourront ils aller au bout de leurs missions ???	na	DB08816	CCCSC1=NC2=C(N=NN2[C@@H]2C[C@H](OCCO)[C@@H](O)[C@H]2O)C(N[C@@H]2C[C@H]2C2=CC(F)=C(F)C=C2)=N1
1194929003716599813	0	@username @username On peut peut-être aussi le faire soigner ? Un peut m de Prozac et surtout du repos. Hors des antennes... On a libéré la parole, la première victime est le bon sens.	prozac	DB00472	CNCCC(OC1=CC=C(C=C1)C(F)(F)F)C1=CC=CC=C1
1195449230325891073	0	To do list Baudelaire: - Regarder l’horloge et se dire que le temps passe trop vite.  - Rechecker l’horloge , l’entendre parler, la voir devenir un monstre. - Flipper - Acheter du Xanax. - Regarder sa meuf, la trouver bonne, la trouver flippante. - Écrire. link	xanax	DB00404	CC1=NN=C2CN=C(C3=CC=CC=C3)C3=C(C=CC(Cl)=C3)N12
1131105558231158784	0	"@username a new french review of Card Captor Sakura - Clear Card Arc, tome 5 on Babelio : """"Un petit bonheur de retrouver Sakura dans un nouveau tome, ça m'avait manqué et comme toujours c'éta..."""" link link"			
1199670145041551361	0	@username @username @username @username @username @username @username @username @username a aussi confirmé que l'enregistrement est vrai, Ruffin leur a d'ailleurs répondu. C'est fou de voir des fakes et des complots partout, prenez un Xanax	xanax	DB00404	CC1=NN=C2CN=C(C3=CC=CC=C3)C3=C(C=CC(Cl)=C3)N12
1198708902541635584	0	Rhodes/purdue Buprenorphine Hcl 8mg Rp B8 Vs Roxanne 54 411 link	buprenorphine	DB00921	CO[C@]12CC[C@@]3(C[C@@H]1[C@](C)(O)C(C)(C)C)[C@H]1CC4=C5C(O[C@@H]2[C@@]35CCN1CC1CC1)=C(O)C=C4
1194332159458213888	0	@username Oublie pas le xanax 😂😘😘	xanax	DB00404	CC1=NN=C2CN=C(C3=CC=CC=C3)C3=C(C=CC(Cl)=C3)N12
1165162040018841600	0	"@username Sauf que tout comme """"Very Bad Trip"""" les connards de traducteurs ont changé le titre pour mettre un nom pourris en anglais pour faire coool et parce que l'anglais ça vend ! Prend ton Prozac  le squelette !"	prozac	DB00472	CNCCC(OC1=CC=C(C=C1)C(F)(F)F)C1=CC=CC=C1
1194365794014126083	0	@username petit cours de comment bien prendre sa ventoline			
1139425040200605697	0	Les médicaments comme le levothyrox doivent être dispensés en tenant compte de la stabilité de la formule pour certains patients. Le gouvernement va obliger au premier janvier 2020 les #pharmaciens à substituer si le médecin oublie de marquer NS. Il faut abroger cette mesure! link			
1197615819628396545	0	Franchement la gabapentine c’est un médicament d’merde, j’ai arrêté et j’me sens déjà mieux			
1198736638572220416	0	tw médicaments   le mélange prozac / codéine ça a des risques ou pas ?	prozac~cod	DB00472~DB10861	CNCCC(OC1=CC=C(C=C1)C(F)(F)F)C1=CC=CC=C1
1198268155459723265	0	#Levothyrox Voix des malades ignorée, crise sanitaire amplifiée @username @username @username @username @username @username @username @username @username @username @username @username @username @username			
1197086125216686080	0	#Levothyrox L'excellente analyse d'un médecin généraliste @username @username @username @username @username @username @username @username @username @username @username @username @username @username @username			
1195294337032212480	0	Devinez qui a une ventoline maintenant ?			
1199791886959075328	0	@username oublie pas ta ventoline hein			
1198678739191816194	0	@username @username @username Prend un xanax Theresa et calme ta joie   Avec de tel argument aussi pitoyable qu'immature, pas étonnant quil ait perdue en 2016 avec de tel militants à ses cotes	xanax	DB00404	CC1=NN=C2CN=C(C3=CC=CC=C3)C3=C(C=CC(Cl)=C3)N12
1144213441105862656	0	« Et bien non, le discours collapsologique n’est pas enthousiasmant ; il conduit l’Europe au suicide et nos enfants au Prozac. » ⁦@username⁩  link	prozac	DB00472	CNCCC(OC1=CC=C(C=C1)C(F)(F)F)C1=CC=CC=C1
1133367194887364608	0	Putain le rire de Tarik je meursssssss je vais mourir ce gars est incroyable putain j’en peut plus ramener moi de la ventoline putain. link			
1196360670259884032	0	(PS : xanax,  pas facile de s'en débarrasser, mais 18 mois c'est par exp.,  je le crois, un délai très normal, dc bravo)	ps~xanax	DB00825~DB00404	CC(C)[C@@H]1CC[C@@H](C)C[C@H]1O~~~CC1=NN=C2CN=C(C3=CC=CC=C3)C3=C(C=CC(Cl)=C3)N12
1196799797266722817	0	@username Carrément. Même Eliquis d'emblée.	eliquis	DB06605	COC1=CC=C(C=C1)N1N=C(C(N)=O)C2=C1C(=O)N(CC2)C1=CC=C(C=C1)N1CCCCC1=O
1197944274530308096	0	@username @username Ce genre de comportement ? Psq j’ai pas utilisé un mot pertinent pour princesse Prozac ? Casse de là j’ai juré	prozac	DB00472	CNCCC(OC1=CC=C(C=C1)C(F)(F)F)C1=CC=CC=C1
1131271979795976192	0	@username Disons que cet argument n'est pas valable avec moi. Un Viagra et au lit. Sans manger 😘	viagra	DB00203	CCCC1=NN(C)C2=C1N=C(NC2=O)C1=CC(=CC=C1OCC)S(=O)(=O)N1CCN(C)CC1
1146323665849638914	0	Quand le #fentanyl illicite tue des milliers d’américains, c’est le #tramadol illicite qui fait la crise des opioïdes en Afrique. #opioidcrisis link	fentanyl~tramadol	DB00813~DB00193	CCC(=O)N(C1CCN(CCC2=CC=CC=C2)CC1)C1=CC=CC=C1~~~COC1=CC=CC(=C1)[C@@]1(O)CCCC[C@@H]1CN(C)C
1198519203973730304	0	.@username, grâce à votre validation de la loi #secretdaffaires, l'Agence du Médicament refuse de faire la lumière sur le #Levothyrox ! Qu'allez-vous faire pour protéger l'intérêt général ? link			
1145306536228589568	0	Sinon hier mon voisin a baisé tte nuit.. le viagra fait vraiment des merveilles. le vieux a vraiment gémi tte la nuit, à un moment donné j’ai eu peur que son cœur lache 🤷🏾‍♂️	viagra	DB00203	CCCC1=NN(C)C2=C1N=C(NC2=O)C1=CC(=CC=C1OCC)S(=O)(=O)N1CCN(C)CC1
1171841188107886592	0	La morphine c'est cool ( dans 2 min je dors)	morphine	DB00295	[H][C@@]12OC3=C(O)C=CC4=C3[C@@]11CCN(C)[C@]([H])(C4)[C@]1([H])C=C[C@@H]2O
1197558240126623745	0	@username Ça c'est sans connaître Bibi... même de sa prison il sera 1er ministre...  Tu vas avoir besoin de Xanax, Lexomil et mojito sans modération...  ☝️😌 Bon courage... link	xanax	DB00404	CC1=NN=C2CN=C(C3=CC=CC=C3)C3=C(C=CC(Cl)=C3)N12
1125067112110800897	0	27. Les filles quand un gars vous plaît vous attendez ou vous respirez un bon coup , préparez la ventoline et dites bismillah avant de pull up dans ses dm et lui dire ce que vous ressentez ? link	pr	DB00825	CC(C)[C@@H]1CC[C@@H](C)C[C@H]1O
1199248879776141312	0	@username et oui bébé rgo qui ne dort que sur maman, réveil au bout de 2secondes sur le dos... et malgre inexium. 3 mois à dormir sur nous. Et je suis médecin. Courage à tous, c’est passé aujourd’hui #rgo			
1167158463853731841	0	Entre benbassa qui soutient Bolsonaro par haine de Macron et Jadot qui carbure au Viagra depuis mai, je plains @username. Très sincèrement	viagra	DB00203	CCCC1=NN(C)C2=C1N=C(NC2=O)C1=CC(=CC=C1OCC)S(=O)(=O)N1CCN(C)CC1
1197185829262757888	0	Eh mes loulous vous savez si c'est mieux de prendre la fluoxetine (prozac) le matin ou le soir ??	fluoxetine~prozac	DB00472	CNCCC(OC1=CC=C(C=C1)C(F)(F)F)C1=CC=CC=C1
1197297182459740160	0	Si Dieu pouvait faire apparaître ma ventoline quelque part ça va me sauver deh			
1197285505328668673	0	Je me suis endormi a 15h et je viens de me réveiller. Un peu envie de prendre 15 prozac pour me rendormir 😂😂😂😂😂 link	prozac	DB00472	CNCCC(OC1=CC=C(C=C1)C(F)(F)F)C1=CC=CC=C1
1197114397912645641	0	Par contre je me suis réveillée en faisant de l'asthme c'est horrible j'ai plus de ventoline			
1199034286566973442	0	@username Mais a priori on change bientôt le Tramadol pour l’Oxycodone. Et encore des exams à faire. Sinon mauvaises news : les douleurs de l’hormono vont perdurer voire être définitives et les douleurs neuropathiques vont rester. Le tout est de trouver le moyen de vivre correctement.	tramadol~oxycodone	DB00193~DB00497	COC1=CC=CC(=C1)[C@@]1(O)CCCC[C@@H]1CN(C)C~~~COC1=C2O[C@H]3C(=O)CC[C@@]4(O)[C@H]5CC(C=C1)=C2[C@@]34CCN5C
1198847322580541440	0	@username Je pense que vos petit problème d’ego ne demandent pas le samu , quelle hypocrisie, prenez votre xanax et puis rester chez vous	xanax	DB00404	CC1=NN=C2CN=C(C3=CC=CC=C3)C3=C(C=CC(Cl)=C3)N12
1196723769156521985	0	@username Prends une Xanax virtuelle ?	xanax	DB00404	CC1=NN=C2CN=C(C3=CC=CC=C3)C3=C(C=CC(Cl)=C3)N12
1197578415743938561	0	En même temps que ma Ventoline!  J'ai été les voir il y a longtemps. Le 1er trio le seul, le vrai, l'incontournable. Avec Fast Eddie Ca déchire!	fast	DB00898	CCO
1125854031799291906	0	Quand t'as plus de Spiriva... link	spiriva	DB01409	[H][C@]12O[C@@]1([H])[C@]1([H])C[C@@]([H])(C[C@@]2([H])[N+]1(C)C)OC(=O)C(O)(C1=CC=CS1)C1=CC=CS1
1170745687585296385	0	Très peu de médecins ont dénoncé le grotesque de l'hypothèse de l'effet nocebo, utilisée pour expliquer  les effets ressentis par les victimes du #Levothyrox nouvelle formule. Se moquer des gens à ce point il fallait oser et ils l'ont fait en toute impunité.			
1198640344071639040	0	@username Tu peux te vacciner au prozac.	prozac	DB00472	CNCCC(OC1=CC=C(C=C1)C(F)(F)F)C1=CC=CC=C1
1139804735794376705	0	Les autorités viennent de dévoiler une étude qui tente de dédouaner la nouvelle formule du #Levothyrox, mais comporte des biais méthodologiques… et nie à nouveau les souffrances des malades. Par @username, dans «Intox au Levothyrox»  link			
1196735912819994624	0	En novembre, il y en a qui carburent au Xanax, d’autres au vin rouge, certains même, osent être heureux!   Et pour compenser tout ça: @username édite deux inédits de Cioran, l’auteur le plus joyeux de la philo du 20eme! (Lol)  Avec « Divagations » et « Fenêtre sur le rien » link	xanax	DB00404	CC1=NN=C2CN=C(C3=CC=CC=C3)C3=C(C=CC(Cl)=C3)N12
1194676451280379906	0	@username @username @username @username @username @username @username Les insultes d’une petite idiote me glissant dessus, je ne suis pas contre si cela lui permet d’économiser un Xanax 😄 link	xanax	DB00404	CC1=NN=C2CN=C(C3=CC=CC=C3)C3=C(C=CC(Cl)=C3)N12
1160835334428663808	0	faire de l’asthme et pas avoir de ventoline jpeut plus			
1199083061188734977	0	@username Je prend double dose de xanax 😂😂	xanax	DB00404	CC1=NN=C2CN=C(C3=CC=CC=C3)C3=C(C=CC(Cl)=C3)N12
1196067429060886529	0	Nul besoin de simulateur virtuel pour calculer sa #retraite. Vous allez sur #ensap pour découvrir que c’est déjà programmé. Un bon conseil avant : prenez un xanax. Après il ne vous plus qu’à pleurer. Sauf si la #greve5decembre vous tente.	xanax	DB00404	CC1=NN=C2CN=C(C3=CC=CC=C3)C3=C(C=CC(Cl)=C3)N12
1199725384419467269	0	dès qu'un petit truc (qui ne devrait pas arriver) se passe ça mfait des montées d'anxiétés heureusement mon copain Alprazolam est la	alprazolam	DB00404	CC1=NN=C2CN=C(C3=CC=CC=C3)C3=C(C=CC(Cl)=C3)N12
1196897433210540032	0	@username @username @username @username Bon aller bande de vieilles taupes un xanax et au lit	xanax	DB00404	CC1=NN=C2CN=C(C3=CC=CC=C3)C3=C(C=CC(Cl)=C3)N12
1197084875536371713	0	rien de mieux que faire de l’asthme à la gare tousser comme une conne et avoir toute la populace qui t’observe prendre de la ventoline			
1164004818958135299	0	j’ai envie de crever quelqu’un alors que c’est entièrement d’ma faute j’ai qu’a m’crever moi meme connasse t asthmatique tu pars pas avec ta ventoline et en plus tu tweet au lieu d’essayer de respirer convenablement ptite pute			
1137409354741813248	0	Chapeau bas à cette intellectuelle hors du commun, récemment diplômée de l’ENAP, ainsi qu’à son directeur de thèse @username! link			
1195083633402486784	0	mon père il vient dme filer de la cortisone c le stade au dessus de la ventoline la wsh adieu tout le monde	cortisone	DB14681	[H][C@@]12CC[C@](O)(C(=O)CO)[C@@]1(C)CC(=O)[C@@]1([H])[C@@]2([H])CCC2=CC(=O)CC[C@]12C
1196177638689320960	0	@username Mais vraiment prend un Xanax ça va te détendre pcq la tu t'énerve pour rien	xanax	DB00404	CC1=NN=C2CN=C(C3=CC=CC=C3)C3=C(C=CC(Cl)=C3)N12
1199595775233155073	0	@username je prends du xanax, c'est un médoc mdr	xanax	DB00404	CC1=NN=C2CN=C(C3=CC=CC=C3)C3=C(C=CC(Cl)=C3)N12
1198597981274071041	0	@username Demande @username .(te moque pas j’ai enregistré il était 4h j’étais éclaté au Xanax )	xanax	DB00404	CC1=NN=C2CN=C(C3=CC=CC=C3)C3=C(C=CC(Cl)=C3)N12
1197187078141992961	0	Donnez lui sa ventoline wsh il fait des pauses chaque 4 mots			
1196874758140370946	0	Auxerre, Marie-Noël centre psychiatrique, g recup ma femme état de ZOMBIE, j'en ai marre, traitement, Venlaxine, tu prends le vent et tu ns fou la paix, Alprazolam, t'as plus d'âme.	alprazolam	DB00404	CC1=NN=C2CN=C(C3=CC=CC=C3)C3=C(C=CC(Cl)=C3)N12
1199076820471238656	0	@username De la glace déjà sur la partie douloureuse . Puis un gel anti-inflammatoire ( Du Niflugel ou une pommade avec du diclofenac ) si la douleur persiste plus de 24H sans amélioration, une consultation pourra suivre	diclofenac	DB00586	OC(=O)CC1=CC=CC=C1NC1=C(Cl)C=CC=C1Cl
1197232564290904064	0	@username Oui je sais que ce st des petits contenants... en février, on m'avait prescrit flector (un gel anti-inflammatoire) et ça n'avait aucun effet.	flector	DB00586	OC(=O)CC1=CC=CC=C1NC1=C(Cl)C=CC=C1Cl
1195331922894999553	0	Metformin HCl 850 mg X 30 tablets:  AAC = $3.60, AWP = $119.70 link	metformin	DB00331	CN(C)C(=N)NC(N)=N
1197144065399312389	0	@username XANAX quelle surpuissance	xanax	DB00404	CC1=NN=C2CN=C(C3=CC=CC=C3)C3=C(C=CC(Cl)=C3)N12
1194993711484198912	0	@username Punaise, c'est chiant à prendre le Levothyrox, quand même ! 😂😂😂			
1197643584482299906	0	@username @username Je regarde les synopsis avant ne t'en fais pas Et aucun de ces films ne me dit quoi que ce soit malheureusement Mais ça va aller  TW médicament  J'ai pris un xanax et j'ai parlé avec quelqu'un que j'aime bien et qui me rassure,on a essayé de faire des plans ensemble pour le futur	xanax	DB00404	CC1=NN=C2CN=C(C3=CC=CC=C3)C3=C(C=CC(Cl)=C3)N12
1194711082629287936	0	@username @username Faut arrêter de monter dans le tours qu’elle prenne un Xanax	xanax	DB00404	CC1=NN=C2CN=C(C3=CC=CC=C3)C3=C(C=CC(Cl)=C3)N12
1196523705008037888	0	@username Stabilité : cf VIDAL, c'est 12 heures, opposable aux collègues et aux IADEs. Aguettant ? En effet si ton chef d'UF mange dans des bons restos c'est compliqué.(voilà comment Eliquis a défoncé Lovenox pour l'anticoagulation post prothèse)	eliquis~lovenox	DB06605~DB01225	COC1=CC=C(C=C1)N1N=C(C(N)=O)C2=C1C(=O)N(CC2)C1=CC=C(C=C1)N1CCCCC1=O
1195479016578408448	0	Bon fallait me prévenir que j’aurais besoin de ma ventoline ajd weeech 😂😂. A dannnnn 😍 link	pr	DB00825	CC(C)[C@@H]1CC[C@@H](C)C[C@H]1O
1196498867455434752	0	@username Jpense jfais une crise d'asthme mais je trouve plus ma ventoline mdr			
1195618673723138048	0	@username @username @username Certain(e)s devraient penser à prendre un xanax de temps en temps !	xanax	DB00404	CC1=NN=C2CN=C(C3=CC=CC=C3)C3=C(C=CC(Cl)=C3)N12
1199434590252883969	0	@username Moi c'est par rapport à la Venlafaxine surtout !	venlafaxine	DB00285	COC1=CC=C(C=C1)C(CN(C)C)C1(O)CCCCC1
1196463096631574529	0	@username Tu n'as pas de ventoline ou autre ?			
1135297907664588800	0	Ouaahhh la Ligue des talents pour l'année prochaine ! Va falloir beaucoup de Viagra pour réussi à bander mi mou !	viagra	DB00203	CCCC1=NN(C)C2=C1N=C(NC2=O)C1=CC(=CC=C1OCC)S(=O)(=O)N1CCN(C)CC1
1148622756650606592	0	C'est censé nous redonner le sourire? Je vois meunier, kurzawa, areola, draxler ... Et ils sont pas prêts de bouger parce que recruter à leurs postes n'est pas une priorité. Donnez moi un prozac je veux oublier link	pr~prozac	DB00825~DB00472	CC(C)[C@@H]1CC[C@@H](C)C[C@H]1O~~~CNCCC(OC1=CC=C(C=C1)C(F)(F)F)C1=CC=CC=C1
1123940768446582784	0	@username Trop de viagra et drogues ?	viagra	DB00203	CCCC1=NN(C)C2=C1N=C(NC2=O)C1=CC(=CC=C1OCC)S(=O)(=O)N1CCN(C)CC1
1196475353025396740	0	j’ai juré elle abuse faut une ventoline pour lire son tweet link			
1199724159930118144	0	LEVOTHYROX 125 : rupture de stock dans les pharmacies !  link			
1129487605433872384	0	@username @username Mais il me faut même de la morphine tellement ça me tue, ça remontre jusqu’au crâne j’ai envie de pleurer	morphine	DB00295	[H][C@@]12OC3=C(O)C=CC4=C3[C@@]11CCN(C)[C@]([H])(C4)[C@]1([H])C=C[C@@H]2O
1197554390992900097	0	Le responsable de ce GROS MALAISE: la METFORMINE ou GLUCOPHAGE ou DIANBE... link via @username	glucophage	DB00331	CN(C)C(=N)NC(N)=N
1194719827128180736	0	Enfin on me lache la grappe j’ai plus besoin de ventoline dès que je vais sur Twitter mdr			
1199303951688056832	0	@username On en demande une à ses potes qui en on en Rabe?  Genre moi j'en ai toujours tout plein... Mais c'est de l'airomir	airomir	DB01001	CC(C)(C)NCC(O)C1=CC(CO)=C(O)C=C1
1198677864784310275	0	RESPIRE !! Prend un ventoline frérot je sais pas link			
1199434051024756738	0	@username Commence un Atarax le matin, un Xanax à chaque repas et le sang d'une vierge au coucher. J'ai entendu un IEN en duo avec mon perdir cet aprem, ça va beaucoup mieux depuis le Xanax #fournituresScolaires	atarax~xanax	DB00557~DB00404	OCCOCCN1CCN(CC1)C(C1=CC=CC=C1)C1=CC=C(Cl)C=C1~~~CC1=NN=C2CN=C(C3=CC=CC=C3)C3=C(C=CC(Cl)=C3)N12
1199477024869486593	0	ptn ma ventoline qui sert à r la			
1199026088866959361	0	@username JE SUIS PAS TA VENTOLINE			
1198744342506168320	0	On vient d'assister à un Match  EXCELLENT Mais malheureusement, le public était sous Xanax #WWE #SurvivorSeries #205Live link	xanax	DB00404	CC1=NN=C2CN=C(C3=CC=CC=C3)C3=C(C=CC(Cl)=C3)N12
1193964077875421185	0	@username J'ai arrêté de bossé donc pas mal diminué. Mon ordo est actuellement de 30mg d'oxynorm (avant j'étais à 60mg) + 30mg d'oxycotin / jours.	mal	DB00825	CC(C)[C@@H]1CC[C@@H](C)C[C@H]1O
1142888712906432513	0	300mg de quetiapine, 1mg de xanax et 0,10mg de stilnox plus tard je ne somnole même pas et jsuis archi angoissée	quetiapine~xanax	DB01224~DB00404	OCCOCCN1CCN(CC1)C1=NC2=CC=CC=C2SC2=CC=CC=C12~~~CC1=NN=C2CN=C(C3=CC=CC=C3)C3=C(C=CC(Cl)=C3)N12
1199357914122801153	0	@username Je comprends même pas le prix d’interprétation, elle n’est pas mauvaise mais c’est pas un film d’acteurs, c’est de la petite mise en scène pseudo-arty sous Prozac. Et avec une B.O insupportable.	prozac	DB00472	CNCCC(OC1=CC=C(C=C1)C(F)(F)F)C1=CC=CC=C1
1116235795449425920	0	#Levothyrox : Ouvrons une enquête parlementaire ! link via @username			
1194289278932725766	0	watch me arriver shooté au xanax demain en grec	xanax	DB00404	CC1=NN=C2CN=C(C3=CC=CC=C3)C3=C(C=CC(Cl)=C3)N12
1176887590152282112	0	@username @username @username @username Résumer la médecine au viagra .... lisez d’abord l’AMM du Viagra link	viagra	DB00203	CCCC1=NN(C)C2=C1N=C(NC2=O)C1=CC(=CC=C1OCC)S(=O)(=O)N1CCN(C)CC1
1161379486635573249	0	@username Je sniff du xanax Skend	xanax	DB00404	CC1=NN=C2CN=C(C3=CC=CC=C3)C3=C(C=CC(Cl)=C3)N12
1198540085379174403	0	@username Dans l’orde.                                                    Regarde mes anciens tweets.                Perdu 10€.                                                   Le Xanax qui fait effet.                             Récupérer les 10€.	xanax	DB00404	CC1=NN=C2CN=C(C3=CC=CC=C3)C3=C(C=CC(Cl)=C3)N12
1196209209907597314	0	eclate sous xanax j’en tremble envie de crever dans mon sommeil	xanax	DB00404	CC1=NN=C2CN=C(C3=CC=CC=C3)C3=C(C=CC(Cl)=C3)N12
1157424195065798656	0	@username la dernière fois j’ai pris du tramadol ça m’a assommée jss trop faible pr ce genre de médicaments 😭	tramadol~pr	DB00193~DB00825	COC1=CC=CC(=C1)[C@@]1(O)CCCC[C@@H]1CN(C)C~~~CC(C)[C@@H]1CC[C@@H](C)C[C@H]1O
1196757564157022209	0	@username Mama tu as finalement pris ?   J'ai déjà inhalé une capsule de Ventoline dont la date est passée de deux mois  😬😬	date	DB10632	
1199223709908770822	0	Devinez qui a oublié son sac à main avec sa ventoline et porte monnaie dedans, il faut vraiment que ma journée se déroule sans problème parce que je ne peux pas faire demi-tour 😅🥺			
1199054428810203136	0	@username *toujours en overdose de xanax à cause de Monika*	xanax	DB00404	CC1=NN=C2CN=C(C3=CC=CC=C3)C3=C(C=CC(Cl)=C3)N12
1197674255196004352	0	@username @username Et xanax sinon t reniée	xanax	DB00404	CC1=NN=C2CN=C(C3=CC=CC=C3)C3=C(C=CC(Cl)=C3)N12
1198246325235671041	0	@username nan plus mnt je prends que des anxiolytiques, xanax et lexomil	xanax	DB00404	CC1=NN=C2CN=C(C3=CC=CC=C3)C3=C(C=CC(Cl)=C3)N12
1194297146343854080	0	Xanax: en chie 10h sur un article d'encyclopédie parlant de tel romancier dans l’œuvre de Grand Philosophe (GP) parce que le monde regorge de spécialistes de GP t'ouvres la porte des vécés y'en a 3 qui sortent et que subséquemment son complexe de l'imposteur lui dézingue le moral	xanax	DB00404	CC1=NN=C2CN=C(C3=CC=CC=C3)C3=C(C=CC(Cl)=C3)N12
1198830637546954752	0	Comme le xanax, le chocolat et le café et...oh wait... :0	xanax	DB00404	CC1=NN=C2CN=C(C3=CC=CC=C3)C3=C(C=CC(Cl)=C3)N12
1194936494739337216	0	Depeche Mode 😱😱😱  Les années 80, les années Prozac 😭😭😭 #tlmvpsp	prozac	DB00472	CNCCC(OC1=CC=C(C=C1)C(F)(F)F)C1=CC=CC=C1
1198725056228155397	0	@username tu peut dire à t’a racli d’arrêter car j’ai perdu ma ventoline			
1194743930027417600	0	@username ventoline carrément mdr			
1199037920839122946	0	Les potes c’est mieux que du xanax	xanax	DB00404	CC1=NN=C2CN=C(C3=CC=CC=C3)C3=C(C=CC(Cl)=C3)N12
1167883816054054912	0	J’me suis retrouvée à l’hôpital sous morphine a cause de ça mais tqt c’était de la comédie link	morphine	DB00295	[H][C@@]12OC3=C(O)C=CC4=C3[C@@]11CCN(C)[C@]([H])(C4)[C@]1([H])C=C[C@@H]2O
1198979530184101888	0	Comme dhab ça parle des musulmans prenez du XANAX ça ira mieux après #ExMuslim	xanax	DB00404	CC1=NN=C2CN=C(C3=CC=CC=C3)C3=C(C=CC(Cl)=C3)N12
1196326596396879874	0	2 xanax et au lit	xanax	DB00404	CC1=NN=C2CN=C(C3=CC=CC=C3)C3=C(C=CC(Cl)=C3)N12
1195713909136789509	0	@username Elle est hystéro la grosse... prend un xanax avant de débattre pauvre idiote!!!	xanax	DB00404	CC1=NN=C2CN=C(C3=CC=CC=C3)C3=C(C=CC(Cl)=C3)N12
1123941280147484672	0	Mardi j'ai examen et ça va faire un an que j'ai fait la crise la plus grave de mon passé d'épileptique. Une crise tonico-cloniques avec 16 périodes convulsives, Rivotril toute la nuit et réanimation puis soins de suite après un déficit moteur. Un an après, 4 mois sans crise.			
1197587448966066176	0	@username j'en ai eu c'était de l'alprazolam puis plus tard j'avais changer contre la sertraline	alprazolam~sertraline	DB00404~DB01104	CC1=NN=C2CN=C(C3=CC=CC=C3)C3=C(C=CC(Cl)=C3)N12~~~CN[C@H]1CC[C@@H](C2=CC(Cl)=C(Cl)C=C2)C2=CC=CC=C12
1199307318925647873	0	#Levothyrox : Ouvrons une enquête parlementaire ! link via @username  #LevoCops 🦋 #JaiStoppéLeLevothyroxNF  #EnqueteParlementaireExigee  #StopSecretDesAffaires  #AuditionBuzynSenat  #FranceResistsAgainstMerck  #BalanceTonMerck   👋@username @username			
1194269848429314048	0	@username @username Ah donc je vole ta ventoline dans ton sac Channel du marché d'Ivry et c'est bon j'ai gagné le combat? Déçu..			
1126021642335989760	0	En france, la tri par truvada c’est 150€ par mois. Et non vider le sang ne marche pas car on peut pas. Sinon on meurt. Et reperfuser du sang n’empechera pas le virus d’etre dans d’autres cellules. Mais a chaque argument il y a cette reponse vide « lobbyistes «	truvada	DB00879	NC1=NC(=O)N(C=C1F)[C@@H]1CS[C@H](CO)O1
1199342766997655558	0	Levothyrox: les pharmaciens dénoncent une répartition inéquitable #Maroc link #Medias24			
1152967042414370816	0	@username Askip sa tue cette merde  J'ai vue un mec rigolais jusqu'à suffoquer sa a déclenché une crise d'asthme alors qu'il en avait jamais fait heureusement quelqu'un avait une ventoline grâce a dieu il va mieux 🙏			
1199717049607577601	0	"@username @username Pendant que """"les portemanteaux de 200 grammes qui défilent avec un tube de Prozac dans chaque oeil"""" se meurent, elles. link"	prozac	DB00472	CNCCC(OC1=CC=C(C=C1)C(F)(F)F)C1=CC=CC=C1
1199255487407149056	0	@username Nan fais pas ça pour si peu, estime toi heureux de pas avoir eu les miens dans la salle d'attente, t'aurais demandé du Xanax au doc 😭	xanax	DB00404	CC1=NN=C2CN=C(C3=CC=CC=C3)C3=C(C=CC(Cl)=C3)N12
1194704207770738694	0	@username Tom ressemble a une vielle dragqueen sous xanax	xanax	DB00404	CC1=NN=C2CN=C(C3=CC=CC=C3)C3=C(C=CC(Cl)=C3)N12
1197984082506002432	0	@username Jsuis k.o sa mere 😭😭 Le respect est parti prendre de la ventoline la 😭			
1126081238845067264	0	@username @username Qu'est ce qui t'arrive man, prend un Xanax et détend toi boy, viens chiller avec nous fait l'amour pas la guerre bro	xanax	DB00404	CC1=NN=C2CN=C(C3=CC=CC=C3)C3=C(C=CC(Cl)=C3)N12
1199008777980256256	0	@username Il n'y aura qu'à les commander sur internet puisqu'il nous y obligent #Levothyrox			
1198905045280002048	0	giga crise de panik jai pris 8 fois dla ventoline et jai fui pendant la pause			
1199533447976542208	0	Ma ventoline sert a contenir une crise d’angoisse la mdr			
1197795895003295744	0	@username @username @username @username Ventoline du coup 😜			
1196303825784705026	0	@username Bonjour, Aurore, diagnostiquée bipolaire de type 1, sous quétiapine depuis mars. J'ai un super psychiatre et une médecin traitant au top. Si vous habitez en banlieue sud ou Paris sud, je peux transférer les adresses. Je vous envoie à tous plein de force et de soutien. 💪💪			
1194189507647524864	0	J'ai un jeune médecin qui s'est installé, première ordo d'Oxycontin imprimée sur papier non sécurisé, et sans nom du patient (2e feuillet). Il a dit au patient (habitué) que c'était possible. Pfffffff.... Bon ben je vais lui faire un petit courrier. link link	oxycontin	DB00497	COC1=C2O[C@H]3C(=O)CC[C@@]4(O)[C@H]5CC(C=C1)=C2[C@@]34CCN5C
1195649725653016581	0	@username Troppp nos  meilleures crise d’asthme ,PRÉPARÉE LA VENTOLINE  JE VOUS DIS link	pr	DB00825	CC(C)[C@@H]1CC[C@@H](C)C[C@H]1O
1197520787600752646	0	@username @username sa commence a devenir ennuyant tu sais plus quoi repondre ou quoi ? Je croyais que ton espece pouvais brasser de l'air encore ? quecequ'il y a je t'ai enlever tout l'air que t'avais fils de pute ? Ta besoin de ta ventoline ?	air	DB09337	
1199064091240751109	0	Abilify, lexapro, seroquel	abilify~lexapro~seroquel	DB01238~DB01175~DB01224	ClC1=CC=CC(N2CCN(CCCCOC3=CC4=C(CCC(=O)N4)C=C3)CC2)=C1Cl~~~CN(C)CCC[C@]1(OCC2=C1C=CC(=C2)C#N)C1=CC=C(F)C=C1~~~OCCOCCN1CCN(CC1)C1=NC2=CC=CC=C2SC2=CC=CC=C12
1171872238565502981	0	J'ai mal au dos ouin ouin donnez moi du tramadol	mal~tramadol	DB00825~DB00193	CC(C)[C@@H]1CC[C@@H](C)C[C@H]1O~~~COC1=CC=CC(=C1)[C@@]1(O)CCCC[C@@H]1CN(C)C
1160660420849520643	0	Une photo qui date d’il y’a deux ans où j’avais des pansements agrafés à la peau,sur laquelle j’avais pas le droit de mettre de savon,j’étais perfusée transfusée sous morphine j’allais être amputée la semaine qui suit mais oui fallait que je sorte mon roll-on veet toutes zones!! link	date~morphine	DB10632~DB00295	[H][C@@]12OC3=C(O)C=CC4=C3[C@@]11CCN(C)[C@]([H])(C4)[C@]1([H])C=C[C@@H]2O
1199631857337413632	0	J’en arrive à un point où pendant une fraction de secondes je me suis dit que prendre de la Ritaline ou de l’Adderall serait la solution à mes problèmes 🤦🏻‍♀️	adderall~solution	DB01576~DB00350	C[C@H](N)CC1=CC=CC=C1~~~NC1=CC(=NC(N)=[N+]1[O-])N1CCCCC1
1196873131044020226	0	@username @username Bah y a eu des effets liés à un surdosage, vu que le nouvel excipient conservait mieux la levothyroxine (y a peu de dégradation du p.a. en général mais la thyroïde c’est super sensible quand même tmtc)	levothyroxine~sensible	DB00451~DB00815	N[C@@H](CC1=CC(I)=C(OC2=CC(I)=C(O)C(I)=C2)C(I)=C1)C(O)=O~~~[Na+].CCCCCCCCCCCCOS([O-])(=O)=O
1156949110433492994	0	@username donc le TRT c'est de la paroxetine pour un TOC. J'ai une patiente qui se lavait toute la journée les mains à la Javel. ça sent c'est l'avantage pour le diagnostic.	paroxetine	DB00715	FC1=CC=C(C=C1)[C@@H]1CCNC[C@H]1COC1=CC2=C(OCO2)C=C1
1196557127147499520	0	@username tu sais où passer si t’en a besoins de   Ventoline mdddddddrrrrrrr			
1198311655899377666	0	Xanax et ritaline disponible.	xanax	DB00404	CC1=NN=C2CN=C(C3=CC=CC=C3)C3=C(C=CC(Cl)=C3)N12
1197845465003413504	0	Je supporte pas de voir ta gueule de robot thalidomide.	thalidomide	DB01041	O=C1N(C2CCC(=O)NC2=O)C(=O)C2=CC=CC=C12
1194379231540764673	0	@username 12.5 g de xanax ? tabarnouche t'as un sacré foie (et t'as des comprimés dosés à combien ??)	xanax	DB00404	CC1=NN=C2CN=C(C3=CC=CC=C3)C3=C(C=CC(Cl)=C3)N12
1196530995291467783	0	@username Chut monsieur un Xanax est au lit. Vilain	xanax	DB00404	CC1=NN=C2CN=C(C3=CC=CC=C3)C3=C(C=CC(Cl)=C3)N12
1195727208582660097	0	@username @username @username @username Prend du Xanax je viens de te dire que j'ai répondu au havrais tu ne sais pas lire??	xanax	DB00404	CC1=NN=C2CN=C(C3=CC=CC=C3)C3=C(C=CC(Cl)=C3)N12
1196708454083309568	0	Il est temps que j’aille chercher ma ventoline parce que je me tape crise sur crise et c’est dur là mdr			
1194194547875684353	0	#levocops, Novembre et décembre 2019, deux mois importants dans une actualité Levothyrox toujours aussi dense link			
1197772662128488450	0	"@username @username @username Si elle avait dit : """"avec une tranche de jambon vaccinée au Tamiflu"""", là je me serais incliné. 😎"	tamiflu	DB00198	CCOC(=O)C1=C[C@@H](OC(CC)CC)[C@H](NC(C)=O)[C@@H](N)C1
1115195266301341696	0	#Levothyrox : Ouvrons une enquête parlementaire ! -Audition de @username devant le @username ! -L'intégrité des protagonistes face aux lobbies? Conflits d'intérêts comme le Pr Lechat? -L @username doit être inspectée pour répondre de son initiative de demande de changement de formule! link	pr	DB00825	CC(C)[C@@H]1CC[C@@H](C)C[C@H]1O
1163770168637632513	0	@username Viépaisse Blaze, la cousine de Morphine	morphine	DB00295	[H][C@@]12OC3=C(O)C=CC4=C3[C@@]11CCN(C)[C@]([H])(C4)[C@]1([H])C=C[C@@H]2O
1158126732593049600	0	Sané, Roca et Ziyech c'est mieux qu'un Viagra ça	viagra	DB00203	CCCC1=NN(C)C2=C1N=C(NC2=O)C1=CC(=CC=C1OCC)S(=O)(=O)N1CCN(C)CC1
1199342494531538944	0	Je viens de prendre un xanax pour arrêter de pleurer. Feel like a loser again.	xanax	DB00404	CC1=NN=C2CN=C(C3=CC=CC=C3)C3=C(C=CC(Cl)=C3)N12
1159381543271522304	0	La marque Cialis est utilise pour gerer dysfonction erectile (impuissance) chez les hommes. Ca booste la circulation sanguine au penis, portion une erection... link  link #cialefcom  Recommended by: Guy Servières  link	cialis	DB00820	[H][C@]12CC3=C(NC4=CC=CC=C34)[C@H](N1C(=O)CN(C)C2=O)C1=CC2=C(OCO2)C=C1
1198736026753212417	0	@username @username @username La stress te fait mal lire ma grande respire un grand coup, prend un Xanax ça va passer ptdr	mal~xanax	DB00825~DB00404	CC(C)[C@@H]1CC[C@@H](C)C[C@H]1O~~~CC1=NN=C2CN=C(C3=CC=CC=C3)C3=C(C=CC(Cl)=C3)N12
1197066245914464257	0	@username @username @username Alors le vioxx est efficace, inoffensif et utile car la médication a sauvé des millions de vie ?	vioxx	DB00533	CS(=O)(=O)C1=CC=C(C=C1)C1=C(C(=O)OC1)C1=CC=CC=C1
1199420715562340353	0	Ça me pete les c, toujours je grossis quand j’arrête ce Prozac à la con	prozac	DB00472	CNCCC(OC1=CC=C(C=C1)C(F)(F)F)C1=CC=CC=C1
1197262920335409152	0	J’ai arrêté le PROZAC depuis que je regarde TPMP, c’est pas des blagues  #TPMP	prozac	DB00472	CNCCC(OC1=CC=C(C=C1)C(F)(F)F)C1=CC=CC=C1
1128250885547511808	0	J'ai un handicap qui m'empêche de conduire car il entraîne entre autre une mauvaise coordination et une impossibilité d'évaluer les distance...de plus je suis sous abilify qui est un médoc qui entraîne des somnolences ... ton validisme tu peut te le garder	abilify	DB01238	ClC1=CC=CC(N2CCN(CCCCOC3=CC4=C(CCC(=O)N4)C=C3)CC2)=C1Cl
1195033033797259265	0	#Levothyrox : Le juge judiciaire n'est pas compétent pour statuer sur la mise à disposition forcée d'un médicament (Tribunal des conflits) link			
1197649844053192704	0	Sur ma vie que rien a voir avc stras jme ss ft ecraser j’avais les tendons en sang ahahah c quoi sa concert a la ventoline	avc	DB00259	NC1=CC=C(C=C1)S(N)(=O)=O
1177563663307366400	0	@username Mdrrr 😹😹 Le Petit Là À D’abord 500mg De Tramadol Dans Le Corps Na	tramadol~na	DB00193~DB08816	COC1=CC=CC(=C1)[C@@]1(O)CCCC[C@@H]1CN(C)C~~~CCCSC1=NC2=C(N=NN2[C@@H]2C[C@H](OCCO)[C@@H](O)[C@H]2O)C(N[C@@H]2C[C@H]2C2=CC(F)=C(F)C=C2)=N1
1198266342471798794	0	Acheter Sildenafil Citrate Generique En France link link	sildenafil	DB00203	CCCC1=NN(C)C2=C1N=C(NC2=O)C1=CC(=CC=C1OCC)S(=O)(=O)N1CCN(C)CC1
1149008152127594501	0	@username Dommage,ça aurait pu être prescrit comme antidépresseur ou comme substituant du viagra sinon	viagra	DB00203	CCCC1=NN(C)C2=C1N=C(NC2=O)C1=CC(=CC=C1OCC)S(=O)(=O)N1CCN(C)CC1
1152376002074546177	0	Nouvelle citation : Elfes, tome 1 : Le Crystal des Elfes bleus par Jean-Luc Istin - Ennlya a subi une attaque ennemie. - A moins que ce soit une bête sauvage. - Sauf erreur de ma part, Lanawyn, aucun animal ne tue avec des armes tranchantes.... link link			
1197194716699340801	0	j’y suis allée elle m’a prescrit du xanax j’ai l’air tant désespérée que ça?	xanax~air	DB00404~DB09337	CC1=NN=C2CN=C(C3=CC=CC=C3)C3=C(C=CC(Cl)=C3)N12
1196517993716625415	0	@username @username Le stresam est pourtant un  anxiolitique. Un vrai. C'est assez proche d'une benzo (comme le xanax).	xanax	DB00404	CC1=NN=C2CN=C(C3=CC=CC=C3)C3=C(C=CC(Cl)=C3)N12
1199109535786569729	0	@username Oui je vais le faire merci beaucoup 🙏🏻 je vais lui montrer on verras bien ce qu’il dit 🥴 moi j’ai de l’oxycodone ça me va assez bien mais après je peux essayer l’autre molécule je vais voir avec lui et si ça peux m’éviter les sevrages quand le corps s’habitue ça serait super 😊	oxycodone	DB00497	COC1=C2O[C@H]3C(=O)CC[C@@]4(O)[C@H]5CC(C=C1)=C2[C@@]34CCN5C
1198493542911500288	0	@username Xanax, et je t'en achete	xanax	DB00404	CC1=NN=C2CN=C(C3=CC=CC=C3)C3=C(C=CC(Cl)=C3)N12
1195103413790560262	0	@username Je rêve ou le jour ou les médias dénonceront ont vois déjà aux usa le risperdal zyprexa qui fait scandale dans la presse et les journaux sont t’ils interdit pour autant en France Non ont continue les prescriptions de masse et ont fait semblant de rien	risperdal~zyprexa	DB00734~DB00334	CC1=C(CCN2CCC(CC2)C2=NOC3=C2C=CC(F)=C3)C(=O)N2CCCCC2=N1~~~CN1CCN(CC1)C1=NC2=CC=CC=C2NC2=C1C=C(C)S2
1196827096259190785	0	@username Depuis que j'ai ma 203 j'ai eu quelques pannes : - câble de batterie oxydé (vert de gris) - flector d’embrayage cassé - pièces d'usure (bougies, rupteur, garnitures, embrayage parce que la boite était désaccouplée pour entretient). ... c'est tout. Et elle a roulé tous les jours !	flector	DB00586	OC(=O)CC1=CC=CC=C1NC1=C(Cl)C=CC=C1Cl
1128684492875550720	0	Notre nouvelle #RapidRecs dans @username: les hormones thyroïdiennes (levothyroxine) ne sont pas recommandées en cas d’hypothyroïdie subclinique, pas de bénéfice link @username @username @username @username @username @username link	levothyroxine	DB00451	N[C@@H](CC1=CC(I)=C(OC2=CC(I)=C(O)C(I)=C2)C(I)=C1)C(O)=O
1161306237306310656	0	La #France malade? Après lecture de cet article on espère que les pharmacies ne vont pas manquer de #Prozac et autres #antidépresseurs #sérotonine etc	prozac	DB00472	CNCCC(OC1=CC=C(C=C1)C(F)(F)F)C1=CC=CC=C1
1194499153000308737	0	On leur donne raison là.  Verticalité  pas d activité trop allongée dans  les.différents domaines et restreindre  . repos tout les 3 h  .ou  SEROQUEL He HÉ !	seroquel	DB01224	OCCOCCN1CCN(CC1)C1=NC2=CC=CC=C2SC2=CC=CC=C12
1160356370094395392	0	Update: obliger d aller aux urgences on m a donné de la morphine, j ai l impression d etre défoncé mdrrr et Rdv chez le dentiste en urgence demain mdrrr bisous	morphine	DB00295	[H][C@@]12OC3=C(O)C=CC4=C3[C@@]11CCN(C)[C@]([H])(C4)[C@]1([H])C=C[C@@H]2O
1130136949262561280	0	Dernière ligne droite pour participer à l’#addictoquiz Number 12 sur la #prégabaline	pr	DB00825	CC(C)[C@@H]1CC[C@@H](C)C[C@H]1O
1199385646487474182	0	"Après la pyostacine et l'amoxiciline qui me coupaient l'appétit. Le tramadol, le topalgic, l'axtiskenan qui me font monter sur bateau tellement je suis vaseuse. Ce soir : Oxycodone !  """"Faut manger pour supporter""""  L O L endives braisées d'hôpital. ALLO"	tramadol~oxycodone	DB00193~DB00497	COC1=CC=CC(=C1)[C@@]1(O)CCCC[C@@H]1CN(C)C~~~COC1=C2O[C@H]3C(=O)CC[C@@]4(O)[C@H]5CC(C=C1)=C2[C@@]34CCN5C
1138165297481994240	0	The Use of Baclofen as a Treatment for Alcohol Use Disorder: A Clinical Practice Perspective link Revue intéressante de l’usage du baclofène dans le trouble de l’usage d’alcool. Peu de médicaments, et l’Antabuse qui disparaît..pourquoi au fait @username ?	baclofen~treatment~alcohol~antabuse	DB00181~DB06815~DB02325~DB00822	NCC(CC(O)=O)C1=CC=C(Cl)C=C1~~~[O-][N+]1=C(S)C=CC=C1~~~CC(C)O~~~CCN(CC)C(=S)SSC(=S)N(CC)CC
1198173550995267589	0	@username @username La ciprofloxacine juste avant la biophysique garde t'elle son indication ?			
1197096022914355201	0	"@username Entre ça et la ventoline pas écolo ... C'est vraiment dégueulasse les """"verts"""" de nos jous.... u_u"			
1199745191223201792	0	Paye ta comparaison idiote. T'as pas besoin de manger des animaux pour vivre. Par contre sans ventoline je peux avoir des soucis de type... je sais pas.. DÉCÉDER??			
1196378891499311105	0	@username @username Avec quelques nuances peut être,  et c est normal, même assez SAINT. 😉 Pour ma part, les seuls qui m exaspèrent sont les cons. En ce moment, j suis sous xanax.	xanax	DB00404	CC1=NN=C2CN=C(C3=CC=CC=C3)C3=C(C=CC(Cl)=C3)N12
1197614054795337733	0	@username « Voltaren actigo 1% contient un anti inflammatoire non stéroïdien pour combattre localement la douleur »	voltaren	DB00586	OC(=O)CC1=CC=CC=C1NC1=C(Cl)C=CC=C1Cl
1198963932628705280	0	Generique Du Suhagra En Pharmacie – achat Sildenafil Citrate pas cher link link	sildenafil	DB00203	CCCC1=NN(C)C2=C1N=C(NC2=O)C1=CC(=CC=C1OCC)S(=O)(=O)N1CCN(C)CC1
1197472169615384578	0	elle doit etre sous Prozac la dame….La pilule du bonheur	prozac	DB00472	CNCCC(OC1=CC=C(C=C1)C(F)(F)F)C1=CC=CC=C1
1199432451975725056	0	@username @username @username @username @username @username Les patients qui ont reçu du Vioxx et du xigris te saluent	vioxx~xigris	DB00533~DB00055	CS(=O)(=O)C1=CC=C(C=C1)C1=C(C(=O)OC1)C1=CC=CC=C1
1173656240016297986	0	Contre le nouveau Levothyrox dangereux pour les patients ! link via @username			
1176851983938064385	0	je dissertais énergiquement sur l'origine de la vie, puis j'ai eu envie de m'asseoir ; mon pantalon en flanelle gris se mariait à la nuance de mes cheveux ; je me suis tu, mâchoire pendante, bras ballants, joli petit boule ; fragile comme un aristocrate sous valium	valium	DB00829	CN1C2=C(C=C(Cl)C=C2)C(=NCC1=O)C1=CC=CC=C1
1197817699864338432	0	J’ai passé une nuit de merde à l’hôpital et je suis maintenant sous Prozac on adore 😒 link	prozac	DB00472	CNCCC(OC1=CC=C(C=C1)C(F)(F)F)C1=CC=CC=C1
1194259328053714950	0	@username Haha c'est tellement moi aussi. Mais mon médecin m'encourage a faire du sport pour éviter les xanax donc ça devrait passer crème !	sport~xanax	DB11064~DB00404	CC1CC(CC(C)(C)C1)OC(=O)C1=C(O)C=CC=C1~~~CC1=NN=C2CN=C(C3=CC=CC=C3)C3=C(C=CC(Cl)=C3)N12
1198055657456513025	0	"Ambiance """"fais tourner la ventoline"""" à la maison depuis trois jours... À chaque nuit sa ou ses crises d asthme.... #mesmecs #asthme"			
1197145245286371329	0	@username Tu imagines en 10 ans tu passes de Cafu à Bouna Sarr. Déjà que les tifosi milanais sont sous prozac là c’est suicide direct.	prozac	DB00472	CNCCC(OC1=CC=C(C=C1)C(F)(F)F)C1=CC=CC=C1
1165308454778691584	0	@username @username Bah c’est un comportement de toxicos , les nazis en 39-45 qui prenaient de la methamphetamine contre la fatigue, l’inattention ,la peur savaient très bien que c’était mauvais pour leur santé à long terme ..	methamphetamine	DB01577	CN[C@@H](C)CC1=CC=CC=C1
1195388266201190400	0	@username @username La demi vie du xanax n’est pas d’une heure. Moi je serai d’avis de se contenter du xanax et d’éviter de faire des bêtises.	xanax	DB00404	CC1=NN=C2CN=C(C3=CC=CC=C3)C3=C(C=CC(Cl)=C3)N12
1137754993858088967	0	Livraison offerte #BaumeduTigre #Counterpain #Voltaren #AloeVera #PoCare link link	voltaren	DB00586	OC(=O)CC1=CC=CC=C1NC1=C(Cl)C=CC=C1Cl
1152577605482270720	0	@username @username @username @username Sur 200 coureur cette année 186 on de  ľasme mdr et prenne de la ventoline .vs etes naïf	na	DB08816	CCCSC1=NC2=C(N=NN2[C@@H]2C[C@H](OCCO)[C@@H](O)[C@H]2O)C(N[C@@H]2C[C@H]2C2=CC(F)=C(F)C=C2)=N1
1140206452176539648	0	Levothyrox : _Que la trahison à ce point-là vienne de nos autorités de santé, je ne m'en remets pas_, déclare Anny Duperey  link via @username			
1147882965348712449	0	Mercredi, @username flairaient une piste dans l'affaire du #levothyrox: et si Merck avait modifié son médicament après sa commercialisation pour l'améliorer? #semainedesjours  link			
1141468330102075393	0	L’héroïne a été créée comme une alternative moins addictive à la morphine	morphine	DB00295	[H][C@@]12OC3=C(O)C=CC4=C3[C@@]11CCN(C)[C@]([H])(C4)[C@]1([H])C=C[C@@H]2O
1197147321861124096	0	Le cabinet d'audit, de fiscalité et de conseil Grant Thornton arrive au coeur de Nice Meridia, dans un espace de 500 m2 dédié au bien-être au travail.  Lien vers l'article : link Contact : Melina.Roy@username.gt.com	meridia~contact	DB01105~DB11121	CC(C)CC(N(C)C)C1(CCC1)C1=CC=C(Cl)C=C1~~~CC1=CC(O)=CC(C)=C1Cl
1199427422678142977	0	@username Faut que je me rachète du xanax 😂	xanax	DB00404	CC1=NN=C2CN=C(C3=CC=CC=C3)C3=C(C=CC(Cl)=C3)N12
1199611533845762048	0	@username Meuf fais comme moi va chez le medecin, jy suis allé hier en urgence un peu et jme retrouve avec vla des médicaments + de la ventoline			
1198706661466222592	0	😺✏ — ⚠️est ce que quelqu’un aurait trouvé une ventoline au gymnase du lycée mardi??? je l’ai oublié et c’est la seule… link			
1195036762457956352	0	@username aller dans des frips sous xanax : le top	xanax	DB00404	CC1=NN=C2CN=C(C3=CC=CC=C3)C3=C(C=CC(Cl)=C3)N12
1128724741236432899	0	@username @username @username Pourquoi? Perso je le préfère au tramadol qui pour moi est un truc vraiment merdique qui en plus fait criser. Ou j’utilise la codeine.	pr~tramadol~codeine	DB00825~DB00193~DB00318	CC(C)[C@@H]1CC[C@@H](C)C[C@H]1O~~~COC1=CC=CC(=C1)[C@@]1(O)CCCC[C@@H]1CN(C)C~~~[H][C@]12C=C[C@H](O)[C@@H]3OC4=C5C(C[C@H]1N(C)CC[C@@]235)=CC=C4OC
1197126167435849728	0	C'est chouette, du coup les petits se tapent une jeunesse a base de Xanax et de taz en pensant qu'ils sont juste cools. Je comprend le point de vu (genre peep ily) mais j'ai du mal à concevoir que ce comportement ne les fasse pas fuir. Nsm les limites certes mais pas a ce point	xanax~mal	DB00404~DB00825	CC1=NN=C2CN=C(C3=CC=CC=C3)C3=C(C=CC(Cl)=C3)N12~~~CC(C)[C@@H]1CC[C@@H](C)C[C@H]1O
1156361308092215296	0	Laudanum ,le camp retranchés le plus claqué au sol de tout leur empire			
1198895578970673152	0	@username Pristiq 150mg	pristiq	DB06700	CN(C)CC(C1=CC=C(O)C=C1)C1(O)CCCCC1
1196016415402287104	0	@username Mais non, tu sais bien que j'aime pas la Suze !🙄😂😂😂 Quant au prozac, ben... pffff..j'en prends pas ! Tu crois que j'devrais ?🤔😂😂😂😘😘	prozac	DB00472	CNCCC(OC1=CC=C(C=C1)C(F)(F)F)C1=CC=CC=C1
1195431956793700352	0	Les commentaires &gt;&gt;&gt;&gt;&gt; Un xanax link	xanax	DB00404	CC1=NN=C2CN=C(C3=CC=CC=C3)C3=C(C=CC(Cl)=C3)N12
1135884707583991808	0	La voisine ma passer de la codeine, j'ai dormi de 20h jusque midi	codeine	DB00318	[H][C@]12C=C[C@H](O)[C@@H]3OC4=C5C(C[C@H]1N(C)CC[C@@]235)=CC=C4OC
1197075326519664640	0	A cause de celine claudia a pu faire truquer les resultats des prélèvements elle aurait mieux fait de prendre un xanax etfermer sa bouche #PBLV	pr~xanax	DB00825~DB00404	CC(C)[C@@H]1CC[C@@H](C)C[C@H]1O~~~CC1=NN=C2CN=C(C3=CC=CC=C3)C3=C(C=CC(Cl)=C3)N12
1178682118899146753	0	Fasozine actualités - Burkina : le CAR renouvelle ses instances et appelle à la candidature de Yacouba Isaac Zida link link			
1195715776092741632	0	La ventoline qui coute que 5€ mtn, je suis heureux.			
1196675051975839745	0	ce soir j’prend du xanax c ban j’en prend 3 si il faut pour me shoot jusqu’à la fin de semaine j’en ai trop marre	xanax	DB00404	CC1=NN=C2CN=C(C3=CC=CC=C3)C3=C(C=CC(Cl)=C3)N12
1199429810579226625	0	On en parle que je sais rien faire, même respirer je sais pas le faire, j’ai besoin d’une putain de ventoline parce que je suis une putain d’asthmatique 😭			
1125404029520097280	0	@username @username Dieu est en cure thermale sous prozac pour surmenage... Trop de cons parlent en son nom ça l épuise...	prozac	DB00472	CNCCC(OC1=CC=C(C=C1)C(F)(F)F)C1=CC=CC=C1
1195051332597628929	0	@username Ah ben merci c'est sympa 😩😭  Je vais reprendre un Prozac ...  Voilà c'est mieux ok alors elle est pas mal mais pas avec ces collants ni ces chaussures 😁	prozac~mal	DB00472~DB00825	CNCCC(OC1=CC=C(C=C1)C(F)(F)F)C1=CC=CC=C1~~~CC(C)[C@@H]1CC[C@@H](C)C[C@H]1O
1198345060565295104	0	@username Merci Absinthe, manque plus que ma ventoline et ça ira mieux			
1197113476688285696	0	Baclofène et insuffisance rénale: le risque d’encéphalopathie confirmé link via @username			
1194328672766816257	0	@username je trouve monsieur Schneider un tantinet agressif. Avez-vous du Xanax à lui donner?	xanax	DB00404	CC1=NN=C2CN=C(C3=CC=CC=C3)C3=C(C=CC(Cl)=C3)N12
1149383515894689792	0	Qui a une ventoline svp ?			
1196801916933685251	0	Le xanax ça rend archi intéressant les documentaires sur le Népal c’est dingue	xanax	DB00404	CC1=NN=C2CN=C(C3=CC=CC=C3)C3=C(C=CC(Cl)=C3)N12
1194315934795804673	0	"Joyeux anniversaire ! J’en profite pour recommander la série en 4 épisodes de Lucas Armati, """"Amour, gloire et opioïdes"""", sur la famille Sackler, responsable aux Etats-Unis de la commercialisation De l’oxycontin, antidouleur ultra-addictif. C’est top.  link link"	oxycontin~ultra	DB00497~DB11121	COC1=C2O[C@H]3C(=O)CC[C@@]4(O)[C@H]5CC(C=C1)=C2[C@@]34CCN5C~~~CC1=CC(O)=CC(C)=C1Cl
1198346108721926144	0	Ca m'a fait pareil. Je gobe xanax sur xanax depuis mercredi.	xanax	DB00404	CC1=NN=C2CN=C(C3=CC=CC=C3)C3=C(C=CC(Cl)=C3)N12
1199049545470099458	0	@username Rien. J'ai pris la ventoline et un morceau de plastique était coincé dedans. Sauf que je le savais pas.			
1161623413552766979	0	« Tu te fâchais quand on perdais les flammes » ramenez moi ma ventoline svp link			
1194965394060185602	0	arrêter de s’en foutre c’est mieux que le xanax   je- 😂😭	xanax	DB00404	CC1=NN=C2CN=C(C3=CC=CC=C3)C3=C(C=CC(Cl)=C3)N12
1195797410125139968	0	La perte de confiance des citoyens. Les risques médicamenteux pendant la crise de la thalidomide en Allemagne de l’Ouest, 1962 link link	thalidomide	DB01041	O=C1N(C2CCC(=O)NC2=O)C(=O)C2=CC=CC=C12
1169282360698974209	0	j’ai montré la couleur que je veux faire à ma pote elle m’a dit tu deviens gothique. jesus ma ventoline			
1170778720568774657	0	@username Envoie la ventoline stp			
1194691425998450690	0	"@username grave c'est triste un peu mais j'avoue y'a plus autant de piquant, avant l'album pr une photo sur une insta ou un snap on était en PLS ventoline arrêt cardiaque mais là ils ont bcp moins ce côté """"on se cache"""" genre et ils ont grv gagné de fans ducoup c'est bcp moins """"QLF"""" enft"	pr	DB00825	CC(C)[C@@H]1CC[C@@H](C)C[C@H]1O
1199697817146667009	0	Du coup j'ai un tout nouveau traitement et je peux enfin me débarrasser de la quetiapine. Ah et le médecin m'a demandé si j'avais déjà tué quelqu'un aussi . Encore une journée normale à névrosopolis	quetiapine	DB01224	OCCOCCN1CCN(CC1)C1=NC2=CC=CC=C2SC2=CC=CC=C12
1194301268241584129	0	TW médicaments  Je viens de me rendre compte que cette semaine (enfin depuis Halloween), j'ai considérablement diminué ma prise de xanax, et que ça ne me manque pas (je ne tremble presque plus maintenant), il n'y a que les chutes de température à régler mais sinon tout va bien !!	xanax	DB00404	CC1=NN=C2CN=C(C3=CC=CC=C3)C3=C(C=CC(Cl)=C3)N12
1197419622628286464	0	Grosse crise d’asthme à la salle et devinez qui c’est qui n’a pas de ventoline ??			
1130398731050729472	0	Putain, en Europe tous les mecs se piquent la bite maintenant. Le viagra c’était déjà pas assez pour eux!!!! Ils s’injectent des produits chelou et baisent avec un trou dans la bite. Arrêtez le porno ce n’est pas pour vous. En plus ces mecs là se la jouent super hardeurs. 😤😤😤	viagra	DB00203	CCCC1=NN(C)C2=C1N=C(NC2=O)C1=CC(=CC=C1OCC)S(=O)(=O)N1CCN(C)CC1
1196061119049326593	0	même une barbie en plastique ça lui convient pas. eh les gars comme ça prenez votre ventoline et respirez 2min. pis prenez un chien/chat. ah non. imagine il sort après 20h ? fiou. link	barbie	DB09484	[Na+].[Na+].[O-]P([O-])(F)=O
1196393889114050560	0	@username , #teampharma ,  Je cherche un doc sur les AINS à utiliser de préférence en cas de co-administration aux MTX 25 mg/semaine  Il me semblait avoir lu quelque part qu il fallait mieux utiliser en première intention  Naproxène  Puis ibuprofèn Diclofenac Ketoprofene	pr~diclofenac	DB00825~DB00586	CC(C)[C@@H]1CC[C@@H](C)C[C@H]1O~~~OC(=O)CC1=CC=CC=C1NC1=C(Cl)C=CC=C1Cl
1198719506929074176	0	G 5 boîtes de xanax soit 150 cachets + tous les autres sur ma table de chevet, le jour où je pète les plombs ça va faire mal	xanax~mal	DB00404~DB00825	CC1=NN=C2CN=C(C3=CC=CC=C3)C3=C(C=CC(Cl)=C3)N12~~~CC(C)[C@@H]1CC[C@@H](C)C[C@H]1O
1197813162332086272	0	ok google : est-ce que le café annule les effets du xanax et vice versa	xanax	DB00404	CC1=NN=C2CN=C(C3=CC=CC=C3)C3=C(C=CC(Cl)=C3)N12
1195645577989689344	0	@username Petro le truc c'est de savoir si imeglimine sera prescrite en monotheraphie ou en association avec la metformine ?			
1196676064820547585	0	@username @username @username @username @username Un xanax avec la camomille, le cas est lourd.	xanax	DB00404	CC1=NN=C2CN=C(C3=CC=CC=C3)C3=C(C=CC(Cl)=C3)N12
1195124272940945409	0	En plus j’ai pas ma ventoline			
1198614437147611136	0	@username @username y a toujours un truc pourri avec l'un ou l'autre de toutes façons... :( (perso j'ai testé un panel d'effets secondaires d'autres médocs assez hum *intéressants* que j'ai pas trop l'intention de revivre, je préfère rester avec ma venlafaxine)	fa~hum~pr~venlafaxine	DB08604~DB09462~DB00825~DB00285	OC1=CC(Cl)=CC=C1OC1=C(Cl)C=C(Cl)C=C1~~~OCC(O)CO~~~CC(C)[C@@H]1CC[C@@H](C)C[C@H]1O~~~COC1=CC=C(C=C1)C(CN(C)C)C1(O)CCCCC1
1196839730987581447	0	xanax à l'envers ça fait xanax	xanax	DB00404	CC1=NN=C2CN=C(C3=CC=CC=C3)C3=C(C=CC(Cl)=C3)N12
1196790149260152832	0	La semaine du xanax ! C’était pas facile ... mais je vais devenir actionnaire chez pfizer	xanax	DB00404	CC1=NN=C2CN=C(C3=CC=CC=C3)C3=C(C=CC(Cl)=C3)N12
1198137817588744192	0	Sous antibiotiques depuis 1 semaine plus cortisone et ventoline et toujours pas d'amélioration.. fin du traitement aujourd'hui et mes amygdales ne cessent de gonfler et ça reste purulent.. Je crois vraiment que mon corps a décidé de me lâcher. .	cortisone	DB14681	[H][C@@]12CC[C@](O)(C(=O)CO)[C@@]1(C)CC(=O)[C@@]1([H])[C@@]2([H])CCC2=CC(=O)CC[C@]12C
1141308546648330242	0	@username J'ai déjà eu la même opération il y a 3 ans mais pour le tendon long biceps. Effectivement la éducation était chiante, mais le réveil s'est bien passé même pas eu besoin de leurs bouton de morphine.	morphine	DB00295	[H][C@@]12OC3=C(O)C=CC4=C3[C@@]11CCN(C)[C@]([H])(C4)[C@]1([H])C=C[C@@H]2O
1194706038957756418	0	Mdrrrr t'as bien fait de parler, allez toi aussi -&gt; ventoline link link			
1194074405904752640	0	@username Jamaisssss seloken			
1143893251113590784	0	Ça me bute vous avez pas de chibre vous ne pouvez pas comprendre le problème qu'est la barbe douloureuse après c'est pas le cas de tout le monde un peu comme les règles yen a qui les supportent moins perso à la repousse de barbe douloureuse je suis sous tramadol pour tenir debout link	tramadol	DB00193	COC1=CC=CC(=C1)[C@@]1(O)CCCC[C@@H]1CN(C)C
1199417708179283971	0	sinon j'ai finalement été voir mon généraliste   il m'a dit que maintenant le Lamictal fallait me le prescrire en non substituable (jusqu'à maintenant j'étais avec le générique) sinon ça risquait de merder	lamictal	DB00555	NC1=NC(N)=C(N=N1)C1=C(Cl)C(Cl)=CC=C1
1158577901291397120	0	Soutien à la clientèle 24/7 – Irbesartan moins cher sans ordonnance – BitCoin accepté link link	irbesartan	DB01029	CCCCC1=NC2(CCCC2)C(=O)N1CC1=CC=C(C=C1)C1=CC=CC=C1C1=NNN=N1
1153760998999896064	0	@username Cautionne pas celle qui mets les ados sous PROZAC !	prozac	DB00472	CNCCC(OC1=CC=C(C=C1)C(F)(F)F)C1=CC=CC=C1
1174014638712938499	0	@username Maintenant j'ai de la morphine a petite dose en médicament en cas de douleurs extrêmes, des anti-inflammatoires et puis des spasfon (complètement inutiles)	morphine	DB00295	[H][C@@]12OC3=C(O)C=CC4=C3[C@@]11CCN(C)[C@]([H])(C4)[C@]1([H])C=C[C@@H]2O
1196553909097119744	0	Mood: Donnez moi une boite de Xanax s’il vous plaît.	xanax	DB00404	CC1=NN=C2CN=C(C3=CC=CC=C3)C3=C(C=CC(Cl)=C3)N12
1195983149798428672	0	@username Xanax, doliprane a tres grande quantité, fentanyl, et tout les medicament en grand quantité	xanax~fentanyl	DB00404~DB00813	CC1=NN=C2CN=C(C3=CC=CC=C3)C3=C(C=CC(Cl)=C3)N12~~~CCC(=O)N(C1CCN(CCC2=CC=CC=C2)CC1)C1=CC=CC=C1
1196385073622388736	0	Veille Bibliographique de la SCVE : Relationship between metformin and abdominal aortic aneurysm link	metformin	DB00331	CN(C)C(=N)NC(N)=N
1196552047950213120	0	@username Si elle voit ce tweet force à toi j’ai de la ventoline si tu veux			
1194524218416910337	0	@username @username #calvi prend un xanax , raclure	xanax	DB00404	CC1=NN=C2CN=C(C3=CC=CC=C3)C3=C(C=CC(Cl)=C3)N12
1198023658150780929	0	j'ai trouvé du diclofenac 75mg dans la rue ? je sais meme pas pourquoi je l'ai ramassé ?	diclofenac	DB00586	OC(=O)CC1=CC=CC=C1NC1=C(Cl)C=CC=C1Cl
1140701250746486784	0	Que vous ne changiez pas vos pp en bleu c'est une chose. Mais les gens qui se révoltent pour rien et critiquent ceux qui ont des pp bleu car soit disant ça n'apporte aucun soutien au Soudan, prenez un xanax par contre	xanax	DB00404	CC1=NN=C2CN=C(C3=CC=CC=C3)C3=C(C=CC(Cl)=C3)N12
1198967926562398209	0	Les joies du Xanax les amis link	xanax	DB00404	CC1=NN=C2CN=C(C3=CC=CC=C3)C3=C(C=CC(Cl)=C3)N12
1198138922741710848	0	@username @username Fallait pas qu’elle fasse semblant de se suicider . Fallait qu’elle aille plainter . Le compte officiel de la police sur Twitter lui a dit de le faire. Donc quelle le fasse et fin . Le 17 c’est pour tt le monde . Mais non elle a préféré mentir pour finir sous Xanax . Quel échec💀 link	pr~xanax	DB00825~DB00404	CC(C)[C@@H]1CC[C@@H](C)C[C@H]1O~~~CC1=NN=C2CN=C(C3=CC=CC=C3)C3=C(C=CC(Cl)=C3)N12
1199452309744488449	0	@username Venlafaxine vie	venlafaxine	DB00285	COC1=CC=C(C=C1)C(CN(C)C)C1(O)CCCCC1
1199032365194108929	0	@username Alors il doit discuter avec ses pairs pour des injections de toxine botulique dans mon lambeau (je demanderai s’il lui en reste pour ma chetron 😃),TENS à demeure pour libérer les endorphines, ostéopathie pour rééquilibrer ma bancale attitude, kinésithérapie, Lyrica et Tramadol.	attitude~lyrica~tramadol	DB09321~DB00230~DB00193	O=[Zn]~~~CC(C)C[C@H](CN)CC(O)=O~~~COC1=CC=CC(=C1)[C@@]1(O)CCCC[C@@H]1CN(C)C
1196353068293591042	0	Je marche comme un bandit alors j’ai ma ventoline dans ma poche			
1140982716328042499	0	@username C'est moi la ventoline bébé			
1194945750305775616	0	@username C'est l'heure du Xanax link	xanax	DB00404	CC1=NN=C2CN=C(C3=CC=CC=C3)C3=C(C=CC(Cl)=C3)N12
1173949496973283328	0	Des travaux scientifiques menés depuis des années et particulièrement étayés par les résultats récents du Pr Rustin ont été présentées à l’ANSES mais également au Parlement  Il s’agit d’une bombe sanitaire à retardement vous ne pouvez pas dire que vous ne savez pas !   #DirectAN link	pr	DB00825	CC(C)[C@@H]1CC[C@@H](C)C[C@H]1O
1197839646803279873	0	@username T'as parle de prozac, dans ce cas là même un container de prozac n'y pourra rien.	prozac	DB00472	CNCCC(OC1=CC=C(C=C1)C(F)(F)F)C1=CC=CC=C1
1169239650092933124	0	Vamos de compras (@ La Vallée Village - @username in Serris, Île-de-France) link link			
1166561740533960709	0	Il y a soixante-cinq ans, samedi 28 août 1954, l'ancien #cambrioleur #anarchiste et ancien #bagnard réussit sa dernière évasion à Reuilly (36). Morphine et monoxyde de carbone. Alexandre Marius #Jacob est mort. Il avait 75 ans. link	morphine	DB00295	[H][C@@]12OC3=C(O)C=CC4=C3[C@@]11CCN(C)[C@]([H])(C4)[C@]1([H])C=C[C@@H]2O
1195298125843456002	0	Ptdrrrr quand je vois ça jpeux pas m’empêcher de me revoir passer mon bac de natation. Vous imaginez une grosse patate en maillot, lunette, bonnet, shouté à la ventoline entrain de se demi noyer dans l’eau dhdjdhdj j’ai eu 6 😭😭 link			
1196521960261505029	0	Harry Potter et le sildénafil.    (Pardon) link			
1194155136563712000	0	T.Legrand a mis un 1/2 xanax dans sa cigüe, s’agissant des gilets jaunes !! Mais,pourtant les radios,en ont envoyé des stagiaires et prėcaires , micro en mains , ils sont peu fiables ces intermittents !!	xanax~pr~micro	DB00404~DB00825~DB11304	CC1=NN=C2CN=C(C3=CC=CC=C3)C3=C(C=CC(Cl)=C3)N12~~~CC(C)[C@@H]1CC[C@@H](C)C[C@H]1O
1199273702732509185	0	@username Le terr, le Xanax, le tramadol, le lait chaud, les livres super inintéressants	xanax~tramadol	DB00404~DB00193	CC1=NN=C2CN=C(C3=CC=CC=C3)C3=C(C=CC(Cl)=C3)N12~~~COC1=CC=CC(=C1)[C@@]1(O)CCCC[C@@H]1CN(C)C
1197251848727670786	0	@username Ils sont dingues il faut les patcher au Xanax c'est pas possible	xanax	DB00404	CC1=NN=C2CN=C(C3=CC=CC=C3)C3=C(C=CC(Cl)=C3)N12
1195354914119192576	0	@username Bravo le fragile! Après 3 xanax tu arrive enfin à faire ce que toute personne normal fait tous les jours!	xanax	DB00404	CC1=NN=C2CN=C(C3=CC=CC=C3)C3=C(C=CC(Cl)=C3)N12
1196574653948579840	0	Qu'on me donne une  ventoline link			
1198513611817332736	0	@username Mdrr moi en ventoline			
1195443915652059138	0	Le journaliste : C'est quoi la VAX ? Kevin : Bah, la Vidéo Assistance au Xanax... Ca te rend plus euphorique. Le ministre : Cet élève n'est visiblement pas représentatif de ses camarades... Kevin : Eh ! T'en sais quoi que je suis pas heureux présentatif, monsieur le ministre ?	xanax~pr	DB00404~DB00825	CC1=NN=C2CN=C(C3=CC=CC=C3)C3=C(C=CC(Cl)=C3)N12~~~CC(C)[C@@H]1CC[C@@H](C)C[C@H]1O
1198914789042479105	0	@username meridia vaiana mulan à la fin du 1	meridia	DB01105	CC(C)CC(N(C)C)C1(CCC1)C1=CC=C(Cl)C=C1
1199379136348852225	0	@username Anti inflammatoire et patch au voltarene tkt je connais ça c’est chiant j’en ai eu 8 a cause de l batterie	patch	DB00825	CC(C)[C@@H]1CC[C@@H](C)C[C@H]1O
1197604963662336002	0	#DocTocToc F92 FA HTA sous cordarone depuis des années, TSH le 29/10 à 18 (Anticorps TG/TPO nég) avis cardio stop Cordarone (switch flecaine). Officiellement stoppé le 7 nov. TSH auj 96! Possible de monter autant en si peu de tps ? Erreur labo ? On introduit levothyrox ? Merci!🙂	fa~cordarone	DB08604~DB01118	OC1=CC(Cl)=CC=C1OC1=C(Cl)C=C(Cl)C=C1~~~CCCCC1=C(C(=O)C2=CC(I)=C(OCCN(CC)CC)C(I)=C2)C2=C(O1)C=CC=C2
1196054872384245762	0	Qqn prend du prazépam ici ? C'est ce qu'on m'a prescrit à la place du Xanax (si oui DM please)	xanax	DB00404	CC1=NN=C2CN=C(C3=CC=CC=C3)C3=C(C=CC(Cl)=C3)N12
1197786999383564288	0	livraison discrète sur Wickr :sebass420   #paris86 #paris78 #paris3 #pontoise #nanterre #creteil #versailles #Saintdenis #week #beuh #shit #cocaine #evry #melun #laval #Angers #vannes #Brest #montauban #hash #thc #methamphetamine #pillules #xanax #cristal #visitparis #thc link	cocaine~methamphetamine~xanax	DB00907~DB01577~DB00404	[H][C@]12CC[C@]([H])([C@H]([C@H](C1)OC(=O)C1=CC=CC=C1)C(=O)OC)N2C~~~CN[C@@H](C)CC1=CC=CC=C1~~~CC1=NN=C2CN=C(C3=CC=CC=C3)C3=C(C=CC(Cl)=C3)N12
1199551409106100225	0	C’est prendre vyvanse qui est batard	vyvanse	DB01255	C[C@@H](CC1=CC=CC=C1)NC(=O)[C@@H](N)CCCCN
1157274076743917568	0	@username @username @username Et vous, évitez de prendre trop de Xanax : ça bousille les quelques neurones qu’il vous reste dans votre cerveau d’huître!!!!	xanax	DB00404	CC1=NN=C2CN=C(C3=CC=CC=C3)C3=C(C=CC(Cl)=C3)N12
1149836239534792704	0	Les soins palliatifs ne devancent pas la mort. La morphine soulage; elle ne devance pas la mort.  Les mythes perdurent, encore et encore, au détriment des patients et de leurs proches.  À qui revient la responsabilité de démystifier les soins palliatifs? link	morphine	DB00295	[H][C@@]12OC3=C(O)C=CC4=C3[C@@]11CCN(C)[C@]([H])(C4)[C@]1([H])C=C[C@@H]2O
1196192526467837952	0	Je déprime tellement ce soir que je vais prendre mon xanax et faire dodo	xanax	DB00404	CC1=NN=C2CN=C(C3=CC=CC=C3)C3=C(C=CC(Cl)=C3)N12
1196335288752234496	0	En attendant, paracétamol, vitamines et paroxétine : le petit déjeuner des championnes \o/			
1161580381218463744	0	Elis Regina, chanteuse populaire brésilienne est morte d'une overdose due à une interaction entre cocaïne, alcool et témazépam à São Paulo le 19 janvier 1982 à 36 ans			
1195795722857308162	0	Je vais commencer à reprendre de l'Alprazolam j'pense je vais jamais m'en sortir sinon	alprazolam	DB00404	CC1=NN=C2CN=C(C3=CC=CC=C3)C3=C(C=CC(Cl)=C3)N12
1195399603748843520	0	Y’ a t’il des gens qui sont sous Fluoxetine et Zyprexa  (olanzapine)Je voudrais savoir si vous avez pris du poids ou si vous parvenez à aller au delà de cette sensation de faim constante 😔 sans parler des tremblements et de la somnolence...	fluoxetine~zyprexa~olanzapine	DB00472~DB00334	CNCCC(OC1=CC=C(C=C1)C(F)(F)F)C1=CC=CC=C1~~~CN1CCN(CC1)C1=NC2=CC=CC=C2NC2=C1C=C(C)S2
1195369889697075200	0	#Alcool Baclofène : efficace à une dose modérée ? link			
1165036097635794947	0	Mais c’est un grand malade y a un gars il me dit qu’il a mis du viagra dans le verre de son pote💀	viagra	DB00203	CCCC1=NN(C)C2=C1N=C(NC2=O)C1=CC(=CC=C1OCC)S(=O)(=O)N1CCN(C)CC1
1158783438960377857	0	@username Qui va encore acheter du viagra ??? Complètement ringard depuis l’arrivée du Cialis. Et depuis fin 2018 il y a des génériques à 5 euros ! Donc .. propos totalement périmé 😎😎😎	viagra~cialis	DB00203~DB00820	CCCC1=NN(C)C2=C1N=C(NC2=O)C1=CC(=CC=C1OCC)S(=O)(=O)N1CCN(C)CC1~~~[H][C@]12CC3=C(NC4=CC=CC=C34)[C@H](N1C(=O)CN(C)C2=O)C1=CC2=C(OCO2)C=C1
1131122788415221760	0	Dans le Loiret, un maire propose du viagra à ses habitants pour éviter des fermetures de classes link via @username	viagra	DB00203	CCCC1=NN(C)C2=C1N=C(NC2=O)C1=CC(=CC=C1OCC)S(=O)(=O)N1CCN(C)CC1
1195451080685039616	0	Je file deux taffe et je suis obligée de tout lâcher pour prendre ma ventoline vraiment je cherche la merde aussi			
1199659748729278464	0	J'ai pris 9 xanax (+ autres mecocs)  hier et je suis encore en vie, Quelle est cette sorcellerie ?	xanax	DB00404	CC1=NN=C2CN=C(C3=CC=CC=C3)C3=C(C=CC(Cl)=C3)N12
1199647496106074112	0	"@username @username """"PNL team OM wallah nike ta mère... """" et tu me dis que j'suis spécial?  Tu fais aussi le signe de joul avec les doigts tout en respirant de la ventoline par le cul sur ton canapé Ikea acheté à crédit en te prenant pour un thugh ou pas?"			
1195450455561768960	0	#MaskSinger l’écureuil on dirait Donnie Darko qui aurait bouffé une boîte de prozac et 2 ecsta link	prozac	DB00472	CNCCC(OC1=CC=C(C=C1)C(F)(F)F)C1=CC=CC=C1
1199476150537531393	0	@username @username Donne moi de la ventoline je respire plus sale fdp ta 1000x le niveau de personne et ta pas de top donc ftg, t'es tellement maigre tu passe en dessous des barricades sans les cassers sale fdp			
1197604807671984130	0	T pas un vrai asthmatique si tu vas pas en soirée avec ta ventoline			
1169906951284649984	0	@username @username Pas de soucis, ça va changer lorsque Sildénafil sera classé comme compliment alimentaire.			
1146332999853756416	0	@username C'est corélé avec le prozac. C'est l'éloge du suicide. C'est un comportement de lemming et de BOBAC. Serait-ce lié avec un génocide ?	prozac	DB00472	CNCCC(OC1=CC=C(C=C1)C(F)(F)F)C1=CC=CC=C1
1197987183501680642	0	J’aurai du profiter de mes poumons. La ventoline elle me fait rien.			
1195806364016291842	0	@username tu dois te poser et prendre l'air, ne t'assois pas parce que tu risques de bloquer tes muscles. si tu as du mal à respirer met tes mains devant ta bouche et respire dedans comme une ventoline fait maison. essaye de te calmer et surtout de ne pas penser négatif je fais ça perso	air~mal	DB09337~DB00825	CC(C)[C@@H]1CC[C@@H](C)C[C@H]1O
1138480495203893248	0	Mddrr la ventoline ca dilate tes poumons si tu en prend trop d’un coup les cellules de tes poumons explosent et ca fait une hémorragie interne			
1199028989580500993	0	Je vais chez le médecin pour un mal de ventre et je ressors avec du Xanax	mal~xanax	DB00825~DB00404	CC(C)[C@@H]1CC[C@@H](C)C[C@H]1O~~~CC1=NN=C2CN=C(C3=CC=CC=C3)C3=C(C=CC(Cl)=C3)N12
1197958104366960641	0	@username @username Mais grave je comprend pas ce pays, même les benzo suffit de raconter de la merde à son médecin et t'a du xanax 😂 par contre le cannabis c'est non	xanax	DB00404	CC1=NN=C2CN=C(C3=CC=CC=C3)C3=C(C=CC(Cl)=C3)N12
1196425736829177856	0	@username @username malade du cancer avec des douleurs osseuses, je suis sous morphine depuis 10 ans. Oxycontin 90mg.  Malgré tout je n'ai jamais cesser de gérer ma vie de famille. Je m'endors souvent n'importe où et  n'importe quand. Je suis suivie par l'équipe contre la douleur et psychologue.	morphine~oxycontin	DB00295~DB00497	[H][C@@]12OC3=C(O)C=CC4=C3[C@@]11CCN(C)[C@]([H])(C4)[C@]1([H])C=C[C@@H]2O~~~COC1=C2O[C@H]3C(=O)CC[C@@]4(O)[C@H]5CC(C=C1)=C2[C@@]34CCN5C
1154387045005090821	0	«avant j’étais sous Deroxat mais j’ai arrêté et maintenant je prends de l’homéopathie, ça marche bien! Mais vous savez c’est dans la tête tout ça »  jtelfaispasdire			
1199118767743221760	0	@username continue la ventoline quand même stp			
1197560450860421121	0	Qu'on remercie l'invention des Xanax 🥺	xanax	DB00404	CC1=NN=C2CN=C(C3=CC=CC=C3)C3=C(C=CC(Cl)=C3)N12
1197845659266801664	0	"#RTSinfo Ex-gendarme mondial, """"les Etats-Unis sont aujourd'hui en échec partout""""// 🤣🤣 de la part d’une nation qui n’en est plus une et qui joue le rôle de spectateur su la scène internationale, ces personnages feraient bien d’arreter le prozac link"	prozac	DB00472	CNCCC(OC1=CC=C(C=C1)C(F)(F)F)C1=CC=CC=C1
1131616818693627904	0	J'ai joué au détective pour regarde CT qui parce que nique sa mère je taper ma meilleure sieste sous morphine et la je vois un gars qui lève son t-shirt WAT IS UR PROBLEM	morphine	DB00295	[H][C@@]12OC3=C(O)C=CC4=C3[C@@]11CCN(C)[C@]([H])(C4)[C@]1([H])C=C[C@@H]2O
1152867159271497729	0	Xpdrrr tu peux même plus faire de l’humanitaire en paix ca vient attraper ton col ziac	ziac	DB00999	NS(=O)(=O)C1=C(Cl)C=C2NCNS(=O)(=O)C2=C1
1199422846650458113	0	@username J'ai la ventoline de mon frère if you want			
1197923525543256064	0	hé bé on dirait que c'était une bronchite ce virus à vous foutre un quincke. jmen sors pas j'arrive pas à l'ENTENDRE cte chienne. bon. jle fous sous cortisone et ventoline. si c'est une laryngite ça marchera pareil. pas de fièvre une toux foireuse jvais faire quoi hein.	cortisone	DB14681	[H][C@@]12CC[C@](O)(C(=O)CO)[C@@]1(C)CC(=O)[C@@]1([H])[C@@]2([H])CCC2=CC(=O)CC[C@]12C
1197148963754926081	0	@username Xanax con un shot de vodka	xanax	DB00404	CC1=NN=C2CN=C(C3=CC=CC=C3)C3=C(C=CC(Cl)=C3)N12
1198009066498465793	0	Le dernier épisode de Murder la apportez ventoline, respirateur artificiel et défibrillateur même BORDEL DE MERDE JE SUIS LE CHOC C'EST QUOI CES TWISTS AUSSI BLBLBLBLBL link			
1123329436101828609	0	"Pour qu'un Laboratoire (Francais) reprenne la Formule de l'ancienne formule du #Levothyrox"""". Ce médicament est VITAL. Certains ne supportent pas les nouvelles alternatives. Merci 🙏pour les malades de la Thyroïde. link"			
1196890384795938816	0	@username @username En voilà une nouvelle indication à tester pour le rivaroxaban @username	rivaroxaban	DB06228	ClC1=CC=C(S1)C(=O)NC[C@H]1CN(C(=O)O1)C1=CC=C(C=C1)N1CCOCC1=O
1196164972608397312	0	@username C’est moi ou il y a une ventoline dans son masque sur le mur ? 😅			
1175490668795432963	0	Alle donne non serve il viagra. link link	viagra	DB00203	CCCC1=NN(C)C2=C1N=C(NC2=O)C1=CC(=CC=C1OCC)S(=O)(=O)N1CCN(C)CC1
1195614582125072384	0	"@username @username @username Pour être tout à fait exact , je leur explique que 10000 pas C’est 1% d’hba1c . Mais en quoi c’est + directif que """"prenez une metformine matin midi soir """" ?  C’est une prescription comme une autre pour moi"			
1195836634287263755	0	Pourquoi je peux pas crever, j'avale 40 xanax 0,5mg, j'prends pleins d'somnifères et ça me fait que dalle	xanax	DB00404	CC1=NN=C2CN=C(C3=CC=CC=C3)C3=C(C=CC(Cl)=C3)N12
1165947874863198208	0	Il est injuste qu'une préposée au privé doive distribuer la médication et donner certaines injections en ayant suivi dans bien des cas une seule journée de formation. Le but étant les économies pour le gestionnaire. Au public il est interdit de donner ne serait-ce qu'un Tylenol.	pr~tylenol	DB00825~DB00316	CC(C)[C@@H]1CC[C@@H](C)C[C@H]1O~~~CC(=O)NC1=CC=C(O)C=C1
1199703505830735872	0	@username @username @username @username Je connais les auteurs ne pense pas que le labo organise quoique ce soit. La plupart des cardiologues et Diabetologues mais aussi les recommandations européennes, américaines recommandent ces produits en première intention chez les sujets à haut risque même avant Metformine!			
1198681041550139392	0	😺✏ — (médicament)  J'ai essayé tous les AINS (ibuprofen, baclofen tout les trucs en fen) mais ça n'a aucun effet pour moi. En ce moment j'essaie l'Ixprim (tramadol + paracétamol… link	ibuprofen~baclofen~tramadol	DB01050~DB00181~DB00193	CC(C)CC1=CC=C(C=C1)C(C)C(O)=O~~~NCC(CC(O)=O)C1=CC=C(Cl)C=C1~~~COC1=CC=CC(=C1)[C@@]1(O)CCCC[C@@H]1CN(C)C
1196550056503103488	0	Deux xanax et crise d’angoisse wont go  J’ai eu une vieille semaine de répit and now going back to wants to die mood	xanax~now	DB00404~DB00126	CC1=NN=C2CN=C(C3=CC=CC=C3)C3=C(C=CC(Cl)=C3)N12~~~[H][C@@]1(OC(=O)C(O)=C1O)[C@@H](O)CO
1199791167828889605	0	Pour me rassurer pour prendre ma ventoline j’me suis vraiment dit “tqt c’est comme l’air sec” 💀	air	DB09337	
1195460492371910656	0	Papa tu veux du prozac dans ton whisky enfin je dis ça pour la prochaine bouteille tu viens d’en vider trois tu te lances dans une carrière de cracheur de feux #smile don’t drink kids	prozac	DB00472	CNCCC(OC1=CC=C(C=C1)C(F)(F)F)C1=CC=CC=C1
1175859377888215040	0	Le Tramadol est un antidouleur addictif fabriqué en Chine et en Inde.  Il est ensuite amené en Afrique, souvent dosé dangereusement. Consommé par les citoyens et même des fonctionnaires, il met l’Afrique à genoux sous le regard de ses dirigeants. #ActForHumankind link	tramadol~ensuite	DB00193~DB11121	COC1=CC=CC(=C1)[C@@]1(O)CCCC[C@@H]1CN(C)C~~~CC1=CC(O)=CC(C)=C1Cl
1197297541303459840	0	Quand t’as la gueule arraché aux xanax et à l’alcool	xanax	DB00404	CC1=NN=C2CN=C(C3=CC=CC=C3)C3=C(C=CC(Cl)=C3)N12
1141460496606011392	0	Pourtant je leur dis toujours de prendre un xanax avant parce que le moment où je hurle « Ma France pays des droits de l’homme c’est aussi Notre France à tous » j’ai généralement deux trois gamins qui convulsent	xanax	DB00404	CC1=NN=C2CN=C(C3=CC=CC=C3)C3=C(C=CC(Cl)=C3)N12
1197228331613278220	0	@username Il a tout pris xanax, cocaïne, lean, lsd	xanax	DB00404	CC1=NN=C2CN=C(C3=CC=CC=C3)C3=C(C=CC(Cl)=C3)N12
1165221507171270657	0	Bon, du coup j'ai lu l'étude d'origine sur le Levothyrox (je vous mets le lien à la fin), ça tombe bien, elle est très courte (4 pages biblio incluse).			
1199353700545892353	0	Vous livrez le Xanax en même temps ?	xanax	DB00404	CC1=NN=C2CN=C(C3=CC=CC=C3)C3=C(C=CC(Cl)=C3)N12
1138554999020109825	0	@username @username @username Plaît-il ? Votre dernière phrase n’a aucun sens . Allez, vous fatiguez, un petit Xanax et hop hop hop, au lit !..	xanax	DB00404	CC1=NN=C2CN=C(C3=CC=CC=C3)C3=C(C=CC(Cl)=C3)N12
1150383929951707136	0	C’est quoi ce rire mdrrr sortez lui la ventoline il est en train de s’asphyxier miskine link			
1177202412349775872	0	Dépakine, Médiator, Levothyrox... Les scandales sanitaires se suivent et se ressemblent. Avec, en leur coeur, un scandale démocratique. En ce moment à l’Assemblée avec 18 associations de victimes : Quelle place pour les patients du ministère de la Santé jusqu’à Big Pharma ? link			
1198520411287425031	0	@username Paroxetine idem à fluoxetine je suppose?	paroxetine~fluoxetine	DB00715~DB00472	FC1=CC=C(C=C1)[C@@H]1CCNC[C@H]1COC1=CC2=C(OCO2)C=C1~~~CNCCC(OC1=CC=C(C=C1)C(F)(F)F)C1=CC=CC=C1
1197251211956801538	0	@username J'ai été refusée à la pré-inscription en ligne car j'ai répondu oui à 1 question. Je prends un traitement, du levothyrox. Et là je vois que si on a répondu oui à 1 question il faut les contacter pour qu'ils valident ou pas. Mais peut-être que ce ne sont pas les mêmes questions...	pr	DB00825	CC(C)[C@@H]1CC[C@@H](C)C[C@H]1O
1196372655517192193	0	livraison discrète sur Wickr :plugpusherdaker  #paris86 #paris78 #paris3 #pontoise #nanterre #creteil #versailles #Saintdenis #week #beuh #shit #cocaine #evry #melun #laval #Angers #vannes #Brest #montauban #hash #thc #methamphetamine #pillules #xanax #cristal #visitparis #thc link	cocaine~methamphetamine~xanax	DB00907~DB01577~DB00404	[H][C@]12CC[C@]([H])([C@H]([C@H](C1)OC(=O)C1=CC=CC=C1)C(=O)OC)N2C~~~CN[C@@H](C)CC1=CC=CC=C1~~~CC1=NN=C2CN=C(C3=CC=CC=C3)C3=C(C=CC(Cl)=C3)N12
1198630484126916608	0	@username Mais non elle a dit ça en mode elle a tellement ris que elle pouvait pu respirer donc -&gt; ventoline ahah 😭			
1169547419736051712	0	Jsuis outrée. Je suis en accident de travail depuis une semaine, l’hôpital m’a donne du tramadal pendant une semaine. Je vais renouveler l’arrêt chez mon généraliste et il me change le tramadol par du doliprane. Et me dit que ça va passer vite en 1semaine avec doliprane	tramadol	DB00193	COC1=CC=CC(=C1)[C@@]1(O)CCCC[C@@H]1CN(C)C
1152512698632101894	0	@username J’ai du doliprane 1000, et du tramadol si j’ai vraiment trop trop mal, pour l’instant j’ai bientôt fini la première boîte de doliprane en deux jours 🤡	tramadol~mal	DB00193~DB00825	COC1=CC=CC(=C1)[C@@]1(O)CCCC[C@@H]1CN(C)C~~~CC(C)[C@@H]1CC[C@@H](C)C[C@H]1O
1158431707659460608	0	Si vous n'avez plus de zopiclone (Imovane®) ou de zolpidem (Stilnox®), je peux vous envoyer des chapitres de ma thèse pour relecture. Effet hypnotique garanti.	zopiclone~imovane~zolpidem	DB01198~DB00425	CN1CCN(CC1)C(=O)OC1N(C(=O)C2=NC=CN=C12)C1=NC=C(Cl)C=C1~~~CN(C)C(=O)CC1=C(N=C2C=CC(C)=CN12)C1=CC=C(C)C=C1
1156748496868954112	0	J’ai pris une heure supp en salle, une patiente sonne à 4h du matin pour me demander de ne pas oublier son Levothyrox de 7h...			
1197560239681396737	0	Pourquoi le levothyrox continue de faire débat ? #CQDLT link	bat	DB13903	
1195984380520517632	0	@username Mdrr je t'ai sorti les trucs de grand mère là  Go xanax	xanax	DB00404	CC1=NN=C2CN=C(C3=CC=CC=C3)C3=C(C=CC(Cl)=C3)N12
1147954920441679877	0	qu'est-ce que tu rebondis bien et vite :) TRop hate que tu me files la morphine mouahaha — Hahah hâte ! link	morphine	DB00295	[H][C@@]12OC3=C(O)C=CC4=C3[C@@]11CCN(C)[C@]([H])(C4)[C@]1([H])C=C[C@@H]2O
1195589124281032704	0	@username #Morphine chlorhydrate  Doucement , hein,  pas une #oxycodone pleine dose d'emblée   + efficace  Et - dangereux que le tramadol	morphine~oxycodone~tramadol	DB00295~DB00497~DB00193	[H][C@@]12OC3=C(O)C=CC4=C3[C@@]11CCN(C)[C@]([H])(C4)[C@]1([H])C=C[C@@H]2O~~~COC1=C2O[C@H]3C(=O)CC[C@@]4(O)[C@H]5CC(C=C1)=C2[C@@]34CCN5C~~~COC1=CC=CC(=C1)[C@@]1(O)CCCC[C@@H]1CN(C)C
1155256553601228801	0	@username @username @username @username @username @username @username Un gars qui parle de chattes à un gars qui se nourrit de viagra. 🤔🤔	viagra	DB00203	CCCC1=NN(C)C2=C1N=C(NC2=O)C1=CC(=CC=C1OCC)S(=O)(=O)N1CCN(C)CC1
1138208035531296770	0	@username La ventoline est TRÈS DANGEREUSE en grande quantité  Fais attention			
1128433610401505280	0	@username C - Ethosuximide	ethosuximide	DB00593	CCC1(C)CC(=O)NC1=O
1195823400998121478	0	@username @username @username J’ai oublié les gargouillis de ouf souvent après les tétées.  On n’en peut plus des réveils toutes les heures. On vient de faire 4 semaines d’inexium 2mg/j avec un semblant de mieux prescrit par le pédiatre. On sait plus vers qui se tourner			
1198364350676946944	0	@username Tqt je me fais une frange ca marche mieux que le xanax donc cv la	xanax	DB00404	CC1=NN=C2CN=C(C3=CC=CC=C3)C3=C(C=CC(Cl)=C3)N12
1197977981916000258	0	« Est-ce que que quelqu'un peut donner de la Ventoline à ce lion ? Il a fait sa presta il y a 15 minutes et il a un sérieux problème de respiration. » #MaskSinger link			
1195688144248676352	0	@username Pluies acides , et prozac colisse de correcteur automatique une vraie conspiration de Big Brother	prozac	DB00472	CNCCC(OC1=CC=C(C=C1)C(F)(F)F)C1=CC=CC=C1
1198299729807003648	0	#Levothyrox Voix des malades ignorée, crise sanitaire amplifiée @username @username @username @username @username @username @username @username @username @username @username @username @username			
1196903452552695812	0	@username Pour moi,le  flector est miraculeux	flector	DB00586	OC(=O)CC1=CC=CC=C1NC1=C(Cl)C=CC=C1Cl
1169698989295525888	0	@username J'suis sous tramadol pour la scoliose... 😭👌🏻 Prends soin de toi, santé &gt; stream :3	tramadol	DB00193	COC1=CC=CC(=C1)[C@@]1(O)CCCC[C@@H]1CN(C)C
1197887564008632321	0	@username ça rapporte plus une palette de Xanax que 20 heures de consult avec quelqu'un qui cherche vraiment des solutions.	xanax	DB00404	CC1=NN=C2CN=C(C3=CC=CC=C3)C3=C(C=CC(Cl)=C3)N12
1176731453113155584	0	Je fais partie des 0,0000001% de gens qui s'en tamponnent de The Last of Us 2...Ils devraient mettre dans l'édition collector de ce jeu 2-3 boites de prozac parce que je parie qu'après on aurait presque envie de se pendre. Moi je préfère des jeux plus joyeux, plus défouloir etc..	prozac~pr	DB00472~DB00825	CNCCC(OC1=CC=C(C=C1)C(F)(F)F)C1=CC=CC=C1~~~CC(C)[C@@H]1CC[C@@H](C)C[C@H]1O
1197174253013082112	0	@username @username Un petit massage et adieu les idées suicidaires. On se demande pourquoi on se fait chier à prendre des venlafaxine et lorazepam à tous les repas.	venlafaxine~lorazepam	DB00285~DB00186	COC1=CC=C(C=C1)C(CN(C)C)C1(O)CCCCC1~~~OC1N=C(C2=CC=CC=C2Cl)C2=C(NC1=O)C=CC(Cl)=C2
1196695077969694720	0	OK donc ce matin pas trop réveillée j'ai confondu le tube de dentifrice avec celui du voltaren... 🤦🏼‍♀️Tout vas bien...	voltaren	DB00586	OC(=O)CC1=CC=CC=C1NC1=C(Cl)C=CC=C1Cl
1195447763393273856	0	To do list Proust :  - du thé et des madeleines - ma ventoline - panneaux de liège - une chambre à Cabourg - un aller-retour pour Venise - 5 ramettes de papier qui supporte les ratures... link			
1196835025272131587	0	@username @username @username @username @username Oui, et dans la liste des exceptions ne figure PAS DE VENTOLINE.			
1162144102919618562	0	Si vous faites un délire ou une TS c'est TOUT DE SUITE SANS RÉFLÉCHIR le mitard et de l'abilify ou du zyprexa, Si possible sans consentement et dans le doute Le temps qu'on fasse un bilan somatique je peux faire 3 métastases ou 15 méningites (J'ai fait un thread là dessus)	abilify~zyprexa	DB01238~DB00334	ClC1=CC=CC(N2CCN(CCCCOC3=CC4=C(CCC(=O)N4)C=C3)CC2)=C1Cl~~~CN1CCN(CC1)C1=NC2=CC=CC=C2NC2=C1C=C(C)S2
1149254644843122689	0	C’est con que les médecins n’aient pas eu l’idée de faire une piqûre de morphine à Vincent Lambert. Si ça se trouve il serait en train de faire de la trottinette à l’heure qu’il est. link	morphine	DB00295	[H][C@@]12OC3=C(O)C=CC4=C3[C@@]11CCN(C)[C@]([H])(C4)[C@]1([H])C=C[C@@H]2O
1196889262765084673	0	@username oublie pas la ventoline !  pardon... pardon pour tout 😭			
1199598656644624385	0	@username Je suis asthmatique (oui c'est bizarre lol) et depuis bientôt 5 mois de vapote, j'utilise beaucoup moins ma ventoline et je n'ai plus de sifflements respiratoires quand je vais me coucher ! 👌 Sans parler de toutes les autres bonnes raisons de passer à la vapote !			
1197897240100012033	0	@username Perso, le kétoprofène ça me fait rien non plus. Il te faut peut être un truc plus fort. Je trouve le Diclofénac mieux en AINS, mais c'est un avis de patiente, ça dépend des gens aussi je suppose.			
1198364308096335872	0	@username @username J'ai pas été informé par ma psy du problème de la fin du traitement à la Venlafaxine, et même si elle me l'avait bien expliqué, je l'aurais pris parce que j'en étais à un point ou c'était ça ou rien. Je galère salement, physiquement, et j'aurais préféré en avoir un autre -	venlafaxine~pr	DB00285~DB00825	COC1=CC=C(C=C1)C(CN(C)C)C1(O)CCCCC1~~~CC(C)[C@@H]1CC[C@@H](C)C[C@H]1O
1199059958970638338	0	JE VOIS DES CHOSES, JE VOIS DES CHOOOOOOSES LE MONDE TOURNE AUTOUR DE MOI Y A DES ELEPHANTS QUI TWERKENT, DES ELEPHANTS QUI TWEEEEEEERKENT *reprend un xanax*	xanax	DB00404	CC1=NN=C2CN=C(C3=CC=CC=C3)C3=C(C=CC(Cl)=C3)N12
1133612967684124673	0	@username @username @username @username @username Si vous nous parliez de la fermeture des hôpitaux, des maternités, des conditions d'accueil ds les EPAD et hôpitaux, au lieu de vous masturber le nombril ? Asseyez-vous devant votre bureau au lieu de jouer la VRP de votre paroisse . Au boulot #E171 sartans alu urgence.  ... 😭			
1126394722854027264	0	Apportez une ventoline link			
1199654611390517248	0	Le fait que Xanax damage ne dure qu'une minute 44 est une honte	xanax	DB00404	CC1=NN=C2CN=C(C3=CC=CC=C3)C3=C(C=CC(Cl)=C3)N12
1195638169024249856	0	@username Wouahhh ce monde de tarés !!   Je vous suggère de stopper votre abonnement a @username sans délai   Surtout ne regardez pas #BlackMirror NEVER   APRES cela idéalement prendre 1 petit Xanax pdt 2 /3 mois   #DeRien link	xanax	DB00404	CC1=NN=C2CN=C(C3=CC=CC=C3)C3=C(C=CC(Cl)=C3)N12
1196183916278927360	0	J'ai pris un Xanax le samedi à 12H. À 15H, à la salle de sport, j'ai jamais eu aussi d'énergie de toute ma vie... J'ai enchaîné les dips comme jamais. link	xanax~sport	DB00404~DB11064	CC1=NN=C2CN=C(C3=CC=CC=C3)C3=C(C=CC(Cl)=C3)N12~~~CC1CC(CC(C)(C)C1)OC(=O)C1=C(O)C=CC=C1
1143819743557824512	0	@username @username Opium ? Lamaline , Izalgi ou inzagi Chepa quoi tout sa je sens plus , minimum morphine moi mdr	opium~morphine	DB11130~DB00295	[H][C@@]12OC3=C(O)C=CC4=C3[C@@]11CCN(C)[C@]([H])(C4)[C@]1([H])C=C[C@@H]2O
1197467477753712641	0	Le #rivaroxaban associé à une hausse de 69% des décès après implantation de valve aortique percutanée chez des patients sans indication établie d'anticoagulation orale  essai GALILEO arrêté prématurément par @username en 2018 link link	rivaroxaban~pr	DB06228~DB00825	ClC1=CC=C(S1)C(=O)NC[C@H]1CN(C(=O)O1)C1=CC=C(C=C1)N1CCOCC1=O~~~CC(C)[C@@H]1CC[C@@H](C)C[C@H]1O
1165692781303648257	0	Me dites pas Maes il a voulu ecrire « incessamment sous peu » 😭😭😭😭😭 amenez ma ventoline svp link			
1197976308497764352	0	Go me shooter à la Ventoline pour pouvoir sortir et voir le 250e lancement d'Ariane 5.			
1194315652451975169	0	Le Xanax ça mfait du bien.	xanax	DB00404	CC1=NN=C2CN=C(C3=CC=CC=C3)C3=C(C=CC(Cl)=C3)N12
1169915601613217792	0	#Bolsonaro fonctionne au Viagra...pas le PR MAcron...en matière de virilité il n'y à pas photo...d'où la jalousie du fasciste (ils fonctionnent tous comme ça les fachos, jaloux de ce qu'ils n'ont pas. Mme Bolsanaro n'aurait jamais du dire que notre Pr était pas mal) link	viagra~pr~mal	DB00203~DB00825	CCCC1=NN(C)C2=C1N=C(NC2=O)C1=CC(=CC=C1OCC)S(=O)(=O)N1CCN(C)CC1~~~CC(C)[C@@H]1CC[C@@H](C)C[C@H]1O
1198265730590007297	0	Claude Pigement, ancien vice-président de l’Agence du médicament, est admiratif : « Le livre Les Résistantes devrait être remboursé par la sécurité sociale ». Rires dans la salle @username #depakine #levothyrox	pr	DB00825	CC(C)[C@@H]1CC[C@@H](C)C[C@H]1O
1196047003597365250	0	@username Ouai on sait, ils prennent du xanax pour sortir de leur chambre, va pas m'apprendre la douleur quand tu pleure en écoutant du billie eilish.	xanax	DB00404	CC1=NN=C2CN=C(C3=CC=CC=C3)C3=C(C=CC(Cl)=C3)N12
1196483617834381314	0	la crise d'asthme quand j'ai pas ma ventoline bien comme on aime			
1196768141994549248	0	Bon bah la psy m’a prescrit du Xanax	xanax	DB00404	CC1=NN=C2CN=C(C3=CC=CC=C3)C3=C(C=CC(Cl)=C3)N12
1198891102864101377	0	mon conseiller Paul Ample Oie s'exprime comme s'il avait confondu son Levothyrox et ses somnifères dans le noir ce matin			
1197956775821090817	0	Bin apparemment y a que toi qui les vois 😬 bon je verrai ça demain ça commence vraiment à me taper sur les nerfs 🤪 #Prozac	prozac	DB00472	CNCCC(OC1=CC=C(C=C1)C(F)(F)F)C1=CC=CC=C1
1196373136830279681	0	Moi j’avais ma ventoline hein...je l’ai même utilisé. 🙄			
1152253139380318208	0	Sous morphine depuis un accident il y a 40 ans, Chantal, sexagénaire, trouve aujourd'hui dans le cannabis une manière efficace de stopper ses douleurs.  link	morphine	DB00295	[H][C@@]12OC3=C(O)C=CC4=C3[C@@]11CCN(C)[C@]([H])(C4)[C@]1([H])C=C[C@@H]2O
1163750273015263239	0	"@username ça rappelle les innombrables mentions de sponsors le soir quand t'attends ton émission à la télé... """"et parce qu'une diarrhée n'arrive jamais au bon moment, le Conseil des Ministres ce soir vous est présenté par Imodium..."""" 🤨"	pr~imodium	DB00825~DB11074	CC(C)[C@@H]1CC[C@@H](C)C[C@H]1O
1133061106338082819	0	Voici L intro de la Team Axina  Bientot sur YouTube link			
1148642702424236032	0	Recours contre l'AMM du #baclofène: le Conseil d'Etat renvoie l'affaire à un tribunal administratif #alcool link			
1194205423433388032	0	2020 commencer à sortir vos ventoline			
1194872382403612672	0	@username @username @username Sur le papier mettre des hbpm n’est pas logique. Les AOD entrainent moins de récidive de tvp sous anticoagulant chez les patients atteints de cancer que les hbpm. Je laisserais l’eliquis.	eliquis	DB06605	COC1=CC=C(C=C1)N1N=C(C(N)=O)C2=C1C(=O)N(CC2)C1=CC=C(C=C1)N1CCCCC1=O
1196409786646061056	0	@username j’ai plus de ventoline			
1168282803542331392	0	Humour paysan: Le nouveau Viagra féminin link #BlaguesetHumour-HumoretJoke #paysan #barrière #electrifiée #mariage	viagra	DB00203	CCCC1=NN(C)C2=C1N=C(NC2=O)C1=CC(=CC=C1OCC)S(=O)(=O)N1CCN(C)CC1
1195830886371074049	0	mais elle est passée où sa ventoline? link			
1197468840550109184	0	@username @username Tout comme Xanax. Protèges toi, pensées, soutien.	xanax	DB00404	CC1=NN=C2CN=C(C3=CC=CC=C3)C3=C(C=CC(Cl)=C3)N12
1197838289866313729	0	link Est-ce que les #Clinton sont impliqués dans le trafic d’enfants ? A vous de juger.. #Democrats #Dems #ChildTrafficking #Epstein #Nexium #Trump #impeachment #Q #Qanon #WWG1GWA	nexium	DB00736	COC1=CC2=C(NC(=N2)[S@@](=O)CC2=NC=C(C)C(OC)=C2C)C=C1
1198251075087863808	0	@username Elle va ressortir médicamentée de l'hp sous prozac, limite j'ai de la peine pour elle. Je justifie pas son geste mais la go elle s'est excusée et les gens l'ont mis à terre limite sous terre, personne n'est parfait pas la peine de faire les grands moralisateurs, peace all.	prozac	DB00472	CNCCC(OC1=CC=C(C=C1)C(F)(F)F)C1=CC=CC=C1
1196841569636298752	0	Jtrouve ça ironique que mon CR de stats soit sur le dosage du prozac ds le sang pcq ce ptn de devoir me fait grv rentré en dépression..	prozac	DB00472	CNCCC(OC1=CC=C(C=C1)C(F)(F)F)C1=CC=CC=C1
1196156901903474688	0	J’ai plus de ventoline mdr même			
1199450393853538305	0	Découverte de 2 tumeurs. Opération. 10j d’hôpital. 9 mois de souffrance. Intox à l’oxycodone. Déceptions relationnelles. TS.   Sinon. 3 choses positives. Mariage. Disney. Londres.	oxycodone	DB00497	COC1=C2O[C@H]3C(=O)CC[C@@]4(O)[C@H]5CC(C=C1)=C2[C@@]34CCN5C
1129844524669374465	0	26/n Le tramadol semble jouer un rôle particulier dans l'augmentation du nombre des décès link link	tramadol	DB00193	COC1=CC=CC(=C1)[C@@]1(O)CCCC[C@@H]1CN(C)C
1199762922618138624	0	@username Génération Xanax rien avoir avec son daron	xanax	DB00404	CC1=NN=C2CN=C(C3=CC=CC=C3)C3=C(C=CC(Cl)=C3)N12
1197599384172736512	0	@username @username Gar l’affaire là c’est vrai vrai pour le mouna nous là c’est un ticket simple pour les chiottes et Imodium en pharmacie 🤣😂	imodium	DB11074	
1196019938441486337	0	17/11/19 presque son anniversaire, xanax vient de mourir	xanax	DB00404	CC1=NN=C2CN=C(C3=CC=CC=C3)C3=C(C=CC(Cl)=C3)N12
1194699149633114113	0	Une patiente de 88 ans.  Docteur pouvez m'expliquer pourquoi l'Effexor 75, que ma psychiatre me donne, a été retiré du marché en 1992 ? J'ai vu ça en rouge sur @username !	effexor	DB00285	COC1=CC=C(C=C1)C(CN(C)C)C1(O)CCCCC1
1194423416150999041	0	Besoin de ma ventoline tellement la défense du Heat étouffe les Pistons.			
1194795091023585281	0	@username Eliquis = ?	eliquis	DB06605	COC1=CC=C(C=C1)N1N=C(C(N)=O)C2=C1C(=O)N(CC2)C1=CC=C(C=C1)N1CCCCC1=O
1195396631992176641	0	@username Limite va au ciné et prend que le Xanax, c’est reposant	xanax	DB00404	CC1=NN=C2CN=C(C3=CC=CC=C3)C3=C(C=CC(Cl)=C3)N12
1198808655543635968	0	Je fais de l'asthme a 4h30 du matin et ma ventoline et a 250km....			
1197246827311054849	0	@username XANAX !	xanax	DB00404	CC1=NN=C2CN=C(C3=CC=CC=C3)C3=C(C=CC(Cl)=C3)N12
1198594245000601600	0	@username T’aimes trop les meufs sous xanax	xanax	DB00404	CC1=NN=C2CN=C(C3=CC=CC=C3)C3=C(C=CC(Cl)=C3)N12
1194976271928844289	0	@username Tu veux du fun ?   Taille: 1m78 Pointure: 42 Signe: Taureau 🐂 Tatouages: 0 Piercings: 0  Couleurs favorite: Bleu - Noir - Violet Nourriture favorite: Pizzas . 🍕🐢  Boisson favorite: Diabolo Menthe 🥤  Une corde et un Xanax svp	xanax	DB00404	CC1=NN=C2CN=C(C3=CC=CC=C3)C3=C(C=CC(Cl)=C3)N12
1197290684950159360	0	@username Prends ta ventoline et respire un coup 😭			
1195893950688747520	0	@username 😂😂😂😂 pégate imodium	imodium	DB11074	
1196177075515863041	0	@username Longtemps. Pourquoi tu t’obstines avec le Xanax ? C’est même pas drole les effets, ça fait juste dormir	xanax	DB00404	CC1=NN=C2CN=C(C3=CC=CC=C3)C3=C(C=CC(Cl)=C3)N12
1172036193887956993	0	@username @username @username Le plus étudié sur la neuropathie c'est l enalapril que je privilégie sir le ramipril dans cette seule situation (les associations de trandolapril sont nulles... du coup j en mets peu)	enalapril~ramipril~trandolapril	DB00584~DB00178~DB00519	CCOC(=O)[C@H](CCC1=CC=CC=C1)N[C@@H](C)C(=O)N1CCC[C@H]1C(O)=O~~~[H][C@@]12CCC[C@]1([H])N([C@@H](C2)C(O)=O)C(=O)[C@H](C)N[C@@H](CCC1=CC=CC=C1)C(=O)OCC~~~[H][C@@]12C[C@H](N(C(=O)[C@H](C)N[C@@H](CCC3=CC=CC=C3)C(=O)OCC)[C@@]1([H])CCCC2)C(O)=O
1115540992235573248	0	Il faudra bien admettre officiellement que #Levothyrox n’est pas un médicament SUBSTITUABLE pour tout le monde. Leur «effet nocebo» n’explique pas les symptômes ni la biologie qui peut être affectée. Il ne permet qu’à certains de se décharger de leur responsabilité.			
1194258705874923520	0	Sauf que contrairement à ce qui est affirmé ici le Prozac est une saloperie qui te rend dépressif voir suicidaire  ... préférez les pois chiches c' est plus sûr ... et avant de prendre somnifères et antidépresseurs écoutez ceci ...... link	prozac~pr	DB00472~DB00825	CNCCC(OC1=CC=C(C=C1)C(F)(F)F)C1=CC=CC=C1~~~CC(C)[C@@H]1CC[C@@H](C)C[C@H]1O
1194937629449392129	0	Supprimons le Viagra à Finkielkraut et donnons lui du Prozac en remplacement. Il ne bandera plus, sera beaucoup plus zen... nous et sa femme aussi d'ailleurs... #Finkielkraut #violencesfaitesauxfemmes link	viagra~prozac	DB00203~DB00472	CCCC1=NN(C)C2=C1N=C(NC2=O)C1=CC(=CC=C1OCC)S(=O)(=O)N1CCN(C)CC1~~~CNCCC(OC1=CC=C(C=C1)C(F)(F)F)C1=CC=CC=C1
1195006708340461570	0	@username @username @username On ne peut plus rien pour toi, tes derniers neurones ont explosé ici! Allez bye, prends ton xanax.	xanax	DB00404	CC1=NN=C2CN=C(C3=CC=CC=C3)C3=C(C=CC(Cl)=C3)N12
1197041274299322368	0	Prescription Sitagmiptine 100 DFG 36 ml/min Changement par sitagliptine 50 après négociation avec MG  @username			
1166114084116488192	0	"Ce que j’ai fais c’est peut être """"plus grave"""" ça dépend comment ont voit les choses, la différence c’est que moi aujourd’hui j’ai envie de crever à cause de mes conneries. Faut bien se mettre sa dans le crâne. Bref. Sur ce je vais prendre un 2eme Xanax et essayer de dormir."	xanax	DB00404	CC1=NN=C2CN=C(C3=CC=CC=C3)C3=C(C=CC(Cl)=C3)N12
1197885172110286848	0	@username Prends du Prozac et du Xanax avant 😳	prozac~xanax	DB00472~DB00404	CNCCC(OC1=CC=C(C=C1)C(F)(F)F)C1=CC=CC=C1~~~CC1=NN=C2CN=C(C3=CC=CC=C3)C3=C(C=CC(Cl)=C3)N12
1196154204596920320	0	"@username @username Je suis sous venlafaxine depuis 10 ans... je n'ai jamais pris de poids...  Il faut trouver la bonne... Perso le zoloft au bout de 10 jours, je me sentais comme poolevorde dans """"c'est arrivé près de chez vous""""... le gentil docteur a compris qu'on allait pas insister avec celui-là"	venlafaxine~zoloft~pr	DB00285~DB01104~DB00825	COC1=CC=C(C=C1)C(CN(C)C)C1(O)CCCCC1~~~CN[C@H]1CC[C@@H](C2=CC(Cl)=C(Cl)C=C2)C2=CC=CC=C12~~~CC(C)[C@@H]1CC[C@@H](C)C[C@H]1O
1196549877569925120	0	@username Xanax aka shazam un point c tout	xanax	DB00404	CC1=NN=C2CN=C(C3=CC=CC=C3)C3=C(C=CC(Cl)=C3)N12
1136762691870179329	0	La nuit dernière aura été longue et difficile avec Zoé agitée. Certainement mal de tête et/ou au ventre alors que son estomac ne tolérait plus rien. Notre dose de morphine d’hier soir n’aura donc pas suffi à apaiser Zoé.  Et notre Princesse qui dort.. 24/24h.. 💔 link	mal~morphine	DB00825~DB00295	CC(C)[C@@H]1CC[C@@H](C)C[C@H]1O~~~[H][C@@]12OC3=C(O)C=CC4=C3[C@@]11CCN(C)[C@]([H])(C4)[C@]1([H])C=C[C@@H]2O
1198606618377752576	0	@username @username La buprenorphine (tout labo) en generique ne pose problème que quand il y a injection car contient du talc	buprenorphine~talc	DB00921~DB09511	CO[C@]12CC[C@@]3(C[C@@H]1[C@](C)(O)C(C)(C)C)[C@H]1CC4=C5C(O[C@@H]2[C@@]35CCN1CC1CC1)=C(O)C=C4
1197764166762860545	0	Vrmt la quetiapine miam je me sens trop mieux enfin je ressens plus grand chose c excellent vive les antipsychotiques	quetiapine	DB01224	OCCOCCN1CCN(CC1)C1=NC2=CC=CC=C2SC2=CC=CC=C12
1194227991137660931	0	🔈 DANS LE NUMÉRO DE NOVEMBRE DE COMPÉTENCE 4 - Lamotrigine (Lamictal° ou autre)  - Manipulation d'antitumoraux oraux à domicile  - Pertes d'audition d'origine médicamenteuse Pour lire le Sommaire en ligne ➡️ link #IDEL #Medicaments #soinsinfirmier link	lamotrigine~lamictal	DB00555	NC1=NC(N)=C(N=N1)C1=C(Cl)C(Cl)=CC=C1
1196091490679885825	0	@username il me reste encore qq cpmes de prozac j'envoie inbox ou bien? Si tu continue avec les sao tu vas y laisser ta santé	prozac	DB00472	CNCCC(OC1=CC=C(C=C1)C(F)(F)F)C1=CC=CC=C1
1161695921731788801	0	qu’est-ce que je kifferais prendre du tramadol la	tramadol	DB00193	COC1=CC=CC(=C1)[C@@]1(O)CCCC[C@@H]1CN(C)C
1198354855179563009	0	Mes résultats de prise de sang... c'est affolant à quel point le levothyrox, ce tout petit cachet, contrôle ma vie...			
1194765439647264769	0	@username Tu tournes à quoi? Perso j ai fait laroxyl (15j pas d effet), neurontin 2mois jusqu'à dose max ça a ensuite duré 1 mois puis c est revenu et nos je tourne au Lyrica niveau dose je suis a +/-la moitié du max et pour l instant ça le fait (depuis 4 mois)	neurontin~ensuite~lyrica	DB00996~DB11121~DB00230	NCC1(CC(O)=O)CCCCC1~~~CC1=CC(O)=CC(C)=C1Cl~~~CC(C)C[C@H](CN)CC(O)=O
1197235146530918401	0	@username Hypo pour ma part... Galère d'effets secondaires avec le traitement. J'ai changé il y a peu pour abandonner le tristement fameux Levothyrox et avoir la même molécule mais d'un autre labo. c'est un peu mieux mais clairement il y avait un avant et un après traitement...			
1147911538738630656	0	@username en fait il faut nuancer. la crise d’angoisse peut déclencher une crise d’asthme, dans ce cas là la ventoline est utile.			
1151293025940922368	0	Rupture du #Levothyrox: #Doukkali coupable de manque d’anticipation #Maroc link via @username			
1198109371017891840	0	@username Je thanks god que le xanax était pas dispo ici pdt ma période junky... Le rivo et le A m'ont assez bien détruit. Dites non aux chimiques !	xanax	DB00404	CC1=NN=C2CN=C(C3=CC=CC=C3)C3=C(C=CC(Cl)=C3)N12
1194716792456962049	0	@username @username Je tenterais Cher collègue, Ce n’est qu’aujourd’hui que je découvre que vous êtes un grand naze, mais je tenais quand même à vous le dire, c’est vieux mais moi pas et je préfère que vous le sachiez. Bisous. Xanax.	pr~xanax	DB00825~DB00404	CC(C)[C@@H]1CC[C@@H](C)C[C@H]1O~~~CC1=NN=C2CN=C(C3=CC=CC=C3)C3=C(C=CC(Cl)=C3)N12
1195440045353787392	0	donc on me force à repartir à l’école? cava se buter au xanax hein	xanax	DB00404	CC1=NN=C2CN=C(C3=CC=CC=C3)C3=C(C=CC(Cl)=C3)N12
1198713013232177152	0	Entre manger deux hamburgers la dernière fois , finir un sub 30 aujourd’hui. J’ai l’impression de revenir sans mon traitement par pitié arrêtez moi le Humira 😭	humira	DB02325	CC(C)O
1165954138515132416	0	Chlorpromazine versus pipéracétazine pour la schizophrénie link	chlorpromazine	DB00477	CN(C)CCCN1C2=CC=CC=C2SC2=C1C=C(Cl)C=C2
1196489192722882560	0	@username @username Pas tout à fait d accord...C était une vrai question pour les cliniciens de savoir quel est la meilleure stratégie anti thrombotique dans cet indication...avec une réponse très clair ici. c est ce qui est également tester dans l essai académique ATLANTIS avec l’apixaban !	apixaban	DB06605	COC1=CC=C(C=C1)N1N=C(C(N)=O)C2=C1C(=O)N(CC2)C1=CC=C(C=C1)N1CCCCC1=O
1194106180454559746	0	Acheter, GHB, Rohypnol, Adderall, Alprazolam, Sirop de codéine, Fentanyl en ligne sans ordonnance!  Pour commander, contactez: Téléphone: +1(954)800-8833 Email: drruleoflab@username.net  Ritalin Carfentanyl Nembutal Ketamine HCL Cristal meth Cocaïne JWH Rohypnol Zolpidem xanax mdma link	adderall~alprazolam~cod~fentanyl~ritalin~ketamine~zolpidem~xanax	DB01576~DB00404~DB10861~DB00813~DB00422~DB01221~DB00425	C[C@H](N)CC1=CC=CC=C1~~~CC1=NN=C2CN=C(C3=CC=CC=C3)C3=C(C=CC(Cl)=C3)N12~~~CCC(=O)N(C1CCN(CCC2=CC=CC=C2)CC1)C1=CC=CC=C1~~~COC(=O)C(C1CCCCN1)C1=CC=CC=C1~~~CNC1(CCCCC1=O)C1=CC=CC=C1Cl~~~CN(C)C(=O)CC1=C(N=C2C=CC(C)=CN12)C1=CC=C(C)C=C1
1197950760132251648	0	@username @username @username @username @username @username Un xanax plutôt non ?	xanax	DB00404	CC1=NN=C2CN=C(C3=CC=CC=C3)C3=C(C=CC(Cl)=C3)N12
1172255342085967880	0	@username @username Et Symbicort sur 8 jours...... .pour les meilleurs d'entre eux....😉...	symbicort	DB01222	[H][C@@]12C[C@H]3OC(CCC)O[C@@]3(C(=O)CO)[C@@]1(C)C[C@H](O)[C@@]1([H])[C@@]2([H])CCC2=CC(=O)C=C[C@]12C
1194392772658319360	0	Je sens que le xanax va bientôt s'imposer	xanax	DB00404	CC1=NN=C2CN=C(C3=CC=CC=C3)C3=C(C=CC(Cl)=C3)N12
1140009719601487872	0	#Levothyrox : «On ne sait toujours pas pourquoi les gens ont été aussi malades», Le Parisien : link			
1197608863857598474	0	@username Ah je connais pas celui là. Je note le nom. Mais je revois pas la médecin de la douleur avant 3 mois encore... 😔. Ou augmenter le Lyrica peut être je sais pas. C'est moins pire les anti épileptiques j'ai l'impression. Les AD c'est la mort...	lyrica	DB00230	CC(C)C[C@H](CN)CC(O)=O
1194328212467146752	0	Xanax et lean dispo sur paris, venez dm #lean #xanax #paris	xanax	DB00404	CC1=NN=C2CN=C(C3=CC=CC=C3)C3=C(C=CC(Cl)=C3)N12
1199592198247010304	0	@username Dressage, comportementaliste, Xanax (pour nous) 😂 Elle a deux ans et vient d’un refuge. Et apparemment elle en a bavé avant nous 😶 Ce sera long mais on gagnera	xanax	DB00404	CC1=NN=C2CN=C(C3=CC=CC=C3)C3=C(C=CC(Cl)=C3)N12
1159763809369776128	0	Pourquoi êtes vous d'accord pour donner du valium lorsque le cannabis diminue les crises plus rapidement et avec moins d'effets secondaires ? #StopProhibition	valium	DB00829	CN1C2=C(C=C(Cl)C=C2)C(=NCC1=O)C1=CC=CC=C1
1197258546930434054	0	On rigole bien parce qu’on a tous pris du xanax	xanax	DB00404	CC1=NN=C2CN=C(C3=CC=CC=C3)C3=C(C=CC(Cl)=C3)N12
1196480018685267969	0	"@username @username @username @username @username @username @username @username """"tu vas fouiller mon compte"""" source ?  """"visible absence de testostérone"""" c'est pas parce que j'insulte pas ta mère de pute sur les réseaux que j'te réduis pas à l'état de merde IRL avec ton physique de phasme et ta tête de dépressif sous xanax."	xanax	DB00404	CC1=NN=C2CN=C(C3=CC=CC=C3)C3=C(C=CC(Cl)=C3)N12
1194324397294792704	0	Bac de sport demain qui a des dopages simple a faire à la maison? J’ai déjà la ventoline link	sport	DB11064	CC1CC(CC(C)(C)C1)OC(=O)C1=C(O)C=CC=C1
1196576850857906176	0	Nouvelle photo de profil. En mode original. Excellent ce match de dimanche. Où sont ma Vodka et mon Xanax, chéri ? link	original~xanax	DB09104~DB00404	[OH-].[OH-].[Mg++]~~~CC1=NN=C2CN=C(C3=CC=CC=C3)C3=C(C=CC(Cl)=C3)N12
1195607114158399488	0	bref oui je me suis fait engueulée parce que je me suis reposée en clinique de repos mon psychiatre m’a ordonné de faire matin : sport après midi : ergothérapie TOUS LES JOURS mon traitement : 150mg effexor 100mg Lamictal 100/150mg seresta 150mg mirtazapine	sport~effexor~lamictal~mirtazapine	DB11064~DB00285~DB00555~DB00370	CC1CC(CC(C)(C)C1)OC(=O)C1=C(O)C=CC=C1~~~COC1=CC=C(C=C1)C(CN(C)C)C1(O)CCCCC1~~~NC1=NC(N)=C(N=N1)C1=C(Cl)C(Cl)=CC=C1~~~CN1CCN2C(C1)C1=CC=CC=C1CC1=C2N=CC=C1
1194258625528614913	0	@username 3 ans et demi de Genesio pour enchaîner sur Garcia, je vais acheter une grande boîte de Xanax	xanax	DB00404	CC1=NN=C2CN=C(C3=CC=CC=C3)C3=C(C=CC(Cl)=C3)N12
1152686812596441093	0	@username CLAMP  Collectif de quatres Mangaka, principalement connue pour Card Captor Sakura qui semble avoir marqué une génération a la télé. XXX Holic et Tsubasa Réservoir Chronicle qui sont lié. Le Charadesign de Code Geass et de Cross Ange il me semble. link			
1196011362398490626	0	@username Et quand ils tombent sur un spray de ventoline c'est bingo et l'assurance du retour à la maison.			
1196872448567840769	0	Jvais rentrer dans une période où Margaux et Xanax sera le nouveau duo inséparable	xanax	DB00404	CC1=NN=C2CN=C(C3=CC=CC=C3)C3=C(C=CC(Cl)=C3)N12
1177340566595624961	0	Ça fait 3 jours que je dors quasiment pas, j'étais réveillée depuis 2h30 ce matin et j'ai pris un  tramadol. A un moment si avec tout ça je dors même pas 2 heures ... La prochaine étape c'est des intraveineuses de Stilnox jsais pas moi	tramadol	DB00193	COC1=CC=CC(=C1)[C@@]1(O)CCCC[C@@H]1CN(C)C
1197804339160588289	0	je vais te l’envoyer contre une ventoline			
1194568569054474240	0	Opioïdes, #Valium et #Ativan, un dangereux cocktail link	valium~ativan	DB00829~DB00186	CN1C2=C(C=C(Cl)C=C2)C(=NCC1=O)C1=CC=CC=C1~~~OC1N=C(C2=CC=CC=C2Cl)C2=C(NC1=O)C=CC(Cl)=C2
1198171571753508864	0	@username tu veux une ventoline peut être ?			
1138637940991569921	0	@username excellent GABA			
1198749516553437189	0	@username Ah bah, bienvenu au club ! oublie pas que la ventoline sert de poumon portatif btw			
1197750346015268864	0	@username Ben fais un cœur avec des comprimés de Xanax	xanax	DB00404	CC1=NN=C2CN=C(C3=CC=CC=C3)C3=C(C=CC(Cl)=C3)N12
1197193673609547778	0	@username Continue sur cette voie et tu vas finir avec le cocktail Whisky Xanax	xanax	DB00404	CC1=NN=C2CN=C(C3=CC=CC=C3)C3=C(C=CC(Cl)=C3)N12
1197515905921699840	0	"Lorsque @username qualifie l'oxycodone d' """"analgésique assez communs"""". Ahah link"	oxycodone	DB00497	COC1=C2O[C@H]3C(=O)CC[C@@]4(O)[C@H]5CC(C=C1)=C2[C@@]34CCN5C
1199141707092283392	0	Lyrica sounds dumb	lyrica	DB00230	CC(C)C[C@H](CN)CC(O)=O
1197644523079421953	0	@username @username @username Ah mais oui, je comprends mort par balle, par étouffement, par tabassage ou par refus de donner de la ventoline, ça change tout.			
1198429686772183045	0	Ca doit faire 5 jours que j'ai putin de mal au bide et au dos… j'ai tout essayer, j'ai essayer le microlax , les cachets tout. S'il vous plait un peu d'aide serait bien.	mal	DB00825	CC(C)[C@@H]1CC[C@@H](C)C[C@H]1O
1195836871051534336	0	@username oui oui prend tes xanax et tais toi	xanax	DB00404	CC1=NN=C2CN=C(C3=CC=CC=C3)C3=C(C=CC(Cl)=C3)N12
1146749443900940290	0	@username @username On dirait toi avec le viagra quand @username te l'envoie	viagra	DB00203	CCCC1=NN(C)C2=C1N=C(NC2=O)C1=CC(=CC=C1OCC)S(=O)(=O)N1CCN(C)CC1
1195420359065034752	0	@username @username @username M'en fous, j'aime toujours pas 😋😋😋😋 Nananèreuuu  Ouh là overdose de prozac 🍥🍥	prozac	DB00472	CNCCC(OC1=CC=C(C=C1)C(F)(F)F)C1=CC=CC=C1
1194736031385489408	0	@username que j'étais sous xanax, donc en gros elle voulait me faire passer pour folle. Elle a aussi été faire sa victime auprès d'une nouvelle voisine mais elle est grave passée pour une idiote parce que je suis arrivée juste derrière, comme je l'avais entendue :)	xanax	DB00404	CC1=NN=C2CN=C(C3=CC=CC=C3)C3=C(C=CC(Cl)=C3)N12
1162424717107748868	0	Plus d’eau pour prendre le tramadol donc c’est parti en sauce soja sucrée (sainte horreur de l’eau du robinet). 5 ans avec ce régime et je deviens militant anti-grossophobie.	tramadol	DB00193	COC1=CC=CC(=C1)[C@@]1(O)CCCC[C@@H]1CN(C)C
1199647470202114049	0	@username Ok j’hésitais à le regarder, je prépare le Xanax	pr~xanax	DB00825~DB00404	CC(C)[C@@H]1CC[C@@H](C)C[C@H]1O~~~CC1=NN=C2CN=C(C3=CC=CC=C3)C3=C(C=CC(Cl)=C3)N12
1196839468403187713	0	@username @username @username @username @username La ventoline N'est PAS dans la liste des exceptions du Référentiel national des dispositifs de secours… Lisez-le…  Donc : PAS de médicaments sauf exception… et la ventoline N'en fait PAS partie…  Donc : pas de ventoline…  🙄			
1139146630383489024	0	@username @username Le viagra existe en homéopathie ? 😳😜	viagra	DB00203	CCCC1=NN(C)C2=C1N=C(NC2=O)C1=CC(=CC=C1OCC)S(=O)(=O)N1CCN(C)CC1
1199443269475799043	0	@username @username @username jcrois il prends sa ventoline, il a eu une bouffée de chaleur			
1196769544095895553	0	@username Je suis pas pro - ni pro-médoc, mais bon, l'étude montrant que c'est plus efficace que la fluoxétine, je demande à voir			
1197625364421496832	0	Hypothyroïdie, on n'est pas obligé d'en passer par le Levothyrox link			
1199610556891762689	0	Est ce qu’on peut faire avance rapide vers l’année prochaine quand je serai enfin (j’espère) dans un master qui me plait et me correspond, j’en ai trop marre là, à deux doigts de me lever et de demander si quelqu’un dans la salle a un xanax pour passer le temps	xanax	DB00404	CC1=NN=C2CN=C(C3=CC=CC=C3)C3=C(C=CC(Cl)=C3)N12
1198407439516872706	0	C'est vraiment très la crise, envoyez des chatons... (ou un remède miracle contre la crise d'angoisse, malgré 3 xanax mon corps me met la misère)	xanax	DB00404	CC1=NN=C2CN=C(C3=CC=CC=C3)C3=C(C=CC(Cl)=C3)N12
1162393585490132992	0	#Culture Sais-tu d’où vient le nom Morphine ? La Fabriculture t’explique son origine dans son Emission Qui Punch ! link	morphine	DB00295	[H][C@@]12OC3=C(O)C=CC4=C3[C@@]11CCN(C)[C@]([H])(C4)[C@]1([H])C=C[C@@H]2O
1196525491555127296	0	@username @username @username @username @username @username @username @username @username @username @username un p'tit xanax avec lil peep	xanax	DB00404	CC1=NN=C2CN=C(C3=CC=CC=C3)C3=C(C=CC(Cl)=C3)N12
1148889280560996352	0	Tiens, de quoi occuper un moment les esprits avec ce sujet polémique. Pendant ce temps ceux, plus graves, de l'Hôpital public, du Levothyrox nouvelle formule....sont à nouveau occultés. #LArbreCacheLaForêt link			
1194744855760691202	0	C'est toujours autant la merde pour le traitement Remicade mai sen attendant.  Si seulement 6 * 400 milligrammes sur un an au lieu de 7 autorisées et nécessaire, 1 a été détournée  Si seulement 325 milligrammes au... link	remicade	DB00065	
1194620568999346178	0	J'ai dû aller à l'infirmerie parce que je n'arrivais plus à respirer et que j'avais la tête qui tournait, elle m'a donné un pschit de ventoline et ça a un chouïa aidé. Vivement la débauche.			
1194142329600454656	0	"Elle en fait un boucan cette bouilloire ce matin."""" Xanax quand le camion-poubelles passe dans sa rue."	xanax	DB00404	CC1=NN=C2CN=C(C3=CC=CC=C3)C3=C(C=CC(Cl)=C3)N12
1197071322469322753	0	@username @username Le principe de réalité du NNT. Des patients sous eliquis font quand même des TVP.	eliquis	DB06605	COC1=CC=C(C=C1)N1N=C(C(N)=O)C2=C1C(=O)N(CC2)C1=CC=C(C=C1)N1CCCCC1=O
1197467863214362624	0	@username @username @username @username @username @username @username @username t'as oublié ton prozac ce matin Alain ?  1) ah ? bah faut se prendre en main et se former ? 2) comme avec n'importe quel système informatique/réseau 3) osef ? c'est beau une IPv4 ? c'est fait pour être beau ? non.  Faut arrêter de râler et savoir évoluer.	prozac	DB00472	CNCCC(OC1=CC=C(C=C1)C(F)(F)F)C1=CC=CC=C1
1170651181745692672	0	Qu'est ce que le Fentanyl ?  C'est à l'origine un opiacé (dérivé de l'opium) synthétique qui sous sa forme légale, est capable d'annihiler les douleurs des malades, du cancer par exemple. Il est cent fois plus puissant que la morphine, 50 fois plus que l'héroïne. link	fentanyl~opium~morphine	DB00813~DB11130~DB00295	CCC(=O)N(C1CCN(CCC2=CC=CC=C2)CC1)C1=CC=CC=C1~~~[H][C@@]12OC3=C(O)C=CC4=C3[C@@]11CCN(C)[C@]([H])(C4)[C@]1([H])C=C[C@@H]2O
1195341856449667078	0	J'ai oublié ma ventoline dans mon autre sac 🙃			
1196368880932937729	0	Ophélie elle subit trop ma vie à chaque fois que je lui dis « faut que je te raconte un truc » elle sort sa ventoline			
1198913678365667328	0	@username Une bonne part de tarte au xanax pour le petit watson svp, il déraille complètement	xanax	DB00404	CC1=NN=C2CN=C(C3=CC=CC=C3)C3=C(C=CC(Cl)=C3)N12
1166734500895891456	0	2 ex-dresseurs de  Seaworld confirment que les orques sont droguées au valium.  Ils affirment que les orques détenues dans ces parcs à thème sont régulièrement droguées, privées de nourriture et et qu'elles s'automutilent à cause du traumatisme psychologique qu‘elles subissent. link	valium	DB00829	CN1C2=C(C=C(Cl)C=C2)C(=NCC1=O)C1=CC=CC=C1
1194500219007840256	0	@username @username @username toujours avec ma ventoline à mes côtés			
1146004913031458816	0	j'ai besoins de ventoline la svp			
1196019372717948928	0	Demain ça fera 1 semaine que j’aurai pas touché au Xanax 🖤🖤	xanax	DB00404	CC1=NN=C2CN=C(C3=CC=CC=C3)C3=C(C=CC(Cl)=C3)N12
1197873439421452288	0	"L’#OxyContin, commercialisé depuis 1995, aurait fait tomber dans la #drogue des milliers d’Américains."""" La #familleSackler , maître des #opioïdes et amie des #arts #sacklerfamily  link"	oxycontin	DB00497	COC1=C2O[C@H]3C(=O)CC[C@@]4(O)[C@H]5CC(C=C1)=C2[C@@]34CCN5C
1175538190255570949	0	Pareil les gens archi agressifs alors que tu leurs a jamais parlé jsp prenez un xanax et étouffez vous avec	xanax	DB00404	CC1=NN=C2CN=C(C3=CC=CC=C3)C3=C(C=CC(Cl)=C3)N12
1196715294607257602	0	@username @username @username Prends ton Xanax et regagne tranquillement ton lit, ça va bien se passer	xanax	DB00404	CC1=NN=C2CN=C(C3=CC=CC=C3)C3=C(C=CC(Cl)=C3)N12
1196803904228483072	0	@username On ne parle plus en DCI ici ? Apixaban pour l'anticoagulant cité ;)	apixaban	DB06605	COC1=CC=C(C=C1)N1N=C(C(N)=O)C2=C1C(=O)N(CC2)C1=CC=C(C=C1)N1CCCCC1=O
1009665969382445056	0	Intox au Levothyrox, l'enquête d'@username se poursuit: comment, face à l'inaction du ministère de la Santé, les malades cherchent eux-mêmes la vérité sur cette crise sanitaire.  ⬇️ link			
1199777057728806914	0	@username Prozac bientôt dispo gratuitement aux pharmacies en présentant une carte électeur ?	prozac~pr	DB00472~DB00825	CNCCC(OC1=CC=C(C=C1)C(F)(F)F)C1=CC=CC=C1~~~CC(C)[C@@H]1CC[C@@H](C)C[C@H]1O
1198403360619139078	0	"@username @username J'ai déjà la phrase d'intro : """"Boooooooonsoir et bienvenu dans 2 heures avec des pendus ! Cette semaine consacrée à l'alprazolam 0,5mg. Avec moi, ce soir, pour en parler ..."	alprazolam	DB00404	CC1=NN=C2CN=C(C3=CC=CC=C3)C3=C(C=CC(Cl)=C3)N12
1199068155731226626	0	@username Ah moins de faire un stock de somnifères, xanax, etc...	xanax	DB00404	CC1=NN=C2CN=C(C3=CC=CC=C3)C3=C(C=CC(Cl)=C3)N12
1197584374167932928	0	Incroyable, le train paris - mantes c’est n’importe quoi. Y’a des grandes bagarres, des gens qui s’évanouissent, des personnes en crise d’asthme, des grands échange de ventoline, des personnes qui prennent le micro normal, les gens qui crient et le chauffeur qui comprend rien	micro	DB11304	
1103024099239055365	0	#Levothyrox: Ouvrons une enquête parlementaire! link via @username			
1195731319352909824	0	Le plus gros problème avec l'asthme et la course à pied c'est pas tant ne pas avoir de souffle un coup de ventoline et on gère à peu près mais c'est plutôt tousser pendant 20ans après jusqu'à en vomir le pire	pr	DB00825	CC(C)[C@@H]1CC[C@@H](C)C[C@H]1O
1194526473631272961	0	@username Tu viens d'inventer le tweet-Prozac 😂donc voilà juste merci 😍🥰🤗🥳🥳🥳 #JeVaisPasMenRemettre #ViveTwitter #TuMeFaisRireAussi 😘	prozac	DB00472	CNCCC(OC1=CC=C(C=C1)C(F)(F)F)C1=CC=CC=C1
1193992695011778564	0	@username Faut quand même souligner que t’est sûrement le seul mec de France à avoir caler penis et ventoline dans la même phrase à la télé			
1198724605537599488	0	@username Il y a un médoc qui contient du diclofenac 50mg + paracétamol on appelle ça Lythamol plus . Waw . c'est parfait en fait	diclofenac	DB00586	OC(=O)CC1=CC=CC=C1NC1=C(Cl)C=CC=C1Cl
1170139298932436994	0	le tramadol dans le sang ptn thanks god c’est le seul truc qui calme ma douleur	tramadol	DB00193	COC1=CC=CC(=C1)[C@@]1(O)CCCC[C@@H]1CN(C)C
1131474399780114433	0	Ce maire veut distribuer du Viagra aux habitants pour sauver une école de la fermeture  Plus d'infos : link link	viagra	DB00203	CCCC1=NN(C)C2=C1N=C(NC2=O)C1=CC(=CC=C1OCC)S(=O)(=O)N1CCN(C)CC1
1196830110202109952	0	@username @username @username @username @username Leur présence ne vous oblige pas à les utilisé à tort et à travers, de plus lorsque votre collègue s'étouffera sans sa ventoline sur lui vvous serait heureux d'en avoir sachant de plus la possibilité de prescription d'un médecin régulateur link	pr	DB00825	CC(C)[C@@H]1CC[C@@H](C)C[C@H]1O
1195853579652882432	0	vrmt ma pire vie de plus avoir droit au xanax	xanax	DB00404	CC1=NN=C2CN=C(C3=CC=CC=C3)C3=C(C=CC(Cl)=C3)N12
1137384703940538368	0	@username @username @username XANAX TU VAS ENCORE ÉCRIRE UN TRUC EN 120 TWEETS	xanax	DB00404	CC1=NN=C2CN=C(C3=CC=CC=C3)C3=C(C=CC(Cl)=C3)N12
1194219004036079616	0	"⚽️  LeDecrassageDeLuis 💥  henni_mo : """"Payet ? Incroyable ! On sait qu'il joue avec une ventoline, mais hier, il est rentré dans notre cœur"""" link"			
1198932726201630721	0	Actuellement dans le train avec du mal à respirer mais ventoline oubliée à maison.🤪	mal	DB00825	CC(C)[C@@H]1CC[C@@H](C)C[C@H]1O
1194346524135903233	0	Et d’un coup giga prise de conscience « Ptn mais ça fait plus 48h que j’suis déchiré et j’ai toujours pas dormi... XANAX »	xanax	DB00404	CC1=NN=C2CN=C(C3=CC=CC=C3)C3=C(C=CC(Cl)=C3)N12
1196126581313482753	0	C’est devenu une ventoline link			
1194351612615122946	0	@username Tu veux un Xanax ?	xanax	DB00404	CC1=NN=C2CN=C(C3=CC=CC=C3)C3=C(C=CC(Cl)=C3)N12
1199408400737681409	0	@username Les francais sous xanax ne voudront jamais de la guerre civil. Ils courbent l'échine sous l'envahisseur depuis des années. Les français se feraient massacrés. Il faut la jouer plus fine et rétablir une identité nationale. Un abandon de la république en échec pur et simple	xanax	DB00404	CC1=NN=C2CN=C(C3=CC=CC=C3)C3=C(C=CC(Cl)=C3)N12
1197113671249518592	0	Qui me suit depuis le début ?? « SGG » « Xanax » « Cadillac » ...	xanax	DB00404	CC1=NN=C2CN=C(C3=CC=CC=C3)C3=C(C=CC(Cl)=C3)N12
1194236059208605696	0	@username Nux vomica 9CH. 😆 plus sérieusement esomeprazole	esomeprazole	DB00736	COC1=CC2=C(NC(=N2)[S@@](=O)CC2=NC=C(C)C(OC)=C2C)C=C1
1197321095105433600	0	c'était la réunion du xanax ces deux derniers jours dans ma tl, bah écoutez on a le mérite de prendre soin de nous.	xanax	DB00404	CC1=NN=C2CN=C(C3=CC=CC=C3)C3=C(C=CC(Cl)=C3)N12
1195109925531406336	0	@username @username @username Jimmy  fallait prendre un xanax avant daller sur le plateau. Ta parlé du roi lion carrement	xanax	DB00404	CC1=NN=C2CN=C(C3=CC=CC=C3)C3=C(C=CC(Cl)=C3)N12
1194756080150155264	0	ok mon médicament fait vite effet putain alprazolam je t’aime	alprazolam	DB00404	CC1=NN=C2CN=C(C3=CC=CC=C3)C3=C(C=CC(Cl)=C3)N12
1195652250816929793	0	La douleur ne passe pas avec l’ixprim je vous jure je vais prendre du xanax comme ça j’dors toute la journée et j’ai pas mal	xanax~mal	DB00404~DB00825	CC1=NN=C2CN=C(C3=CC=CC=C3)C3=C(C=CC(Cl)=C3)N12~~~CC(C)[C@@H]1CC[C@@H](C)C[C@H]1O
1195730649627402240	0	@username Prenez deux xanax, en pyjama et au lit.  Vous n'avez aucun talent politique.  Vous gueulez parce que vous n'avez aucun argument tangible et que vous vous accrochez à votre salaire confortable d'élu.  Vous n'êtes qu'une activiste et non une député. Vous deshonnorez l'écharpe 🇫🇷	xanax	DB00404	CC1=NN=C2CN=C(C3=CC=CC=C3)C3=C(C=CC(Cl)=C3)N12
1195787302175465472	0	@username Lexomyl + xanax , 1 comprimé 3 fois par jour + arrêt immédiat de #bfmtv,  #giletsjaunes #Acte53	xanax	DB00404	CC1=NN=C2CN=C(C3=CC=CC=C3)C3=C(C=CC(Cl)=C3)N12
1194157599094169600	0	Levothyrox : Dans les coulisses d´une crise sanitaire- Radio Public Santé #LevoCops link			
1129454000695369728	0	Sous morphine pendant 2 semaines voir plus , ça va être des semaines Babylone	morphine	DB00295	[H][C@@]12OC3=C(O)C=CC4=C3[C@@]11CCN(C)[C@]([H])(C4)[C@]1([H])C=C[C@@H]2O
1196528074898194432	0	#Effexor #MonAmour (Ne pas déranger, sevrage #AD en cours...)	effexor	DB00285	COC1=CC=C(C=C1)C(CN(C)C)C1(O)CCCCC1
1159875417626558465	0	@username Du coup votre médecin n’a pas encore augmenté les doses de Xanax? Non car arriver à associer pornophilie avec engagement contre l’homophobie , vous êtes à la fois pathétique mais tellement drôle 😂 pauvre femme... que votre dieu finisse par avoir pitié de vous	xanax	DB00404	CC1=NN=C2CN=C(C3=CC=CC=C3)C3=C(C=CC(Cl)=C3)N12
1195350179286835202	0	@username Moi aussi C'est de plus en plus souvent 😑 Prends tu du cymbalta? A tu des effets secondaires ?	cymbalta	DB00476	CNCC[C@H](OC1=CC=CC2=CC=CC=C12)C1=CC=CS1
1195611614403268610	0	Donc la ça fait des heures je tourne dans mon lit j’arrive pas à dormir alr que jss ko ? Ça me hasseub nishen je vais commencer vrm à acheter des somnifères ça commence à casser les couilles jv me shooter au xanax	xanax	DB00404	CC1=NN=C2CN=C(C3=CC=CC=C3)C3=C(C=CC(Cl)=C3)N12
1161563497022574593	0	L’étude #PAOLA-1 (Olaparib + Avastin en maintenance des cancers de l’ovaire en 1ère ligne) du groupe GINECO  annonce des résultats positifs ! Retrouvez la press release en cliquant sur le lien suivant link	olaparib~avastin~release	DB09074~DB00112~DB14483	FC1=CC=C(CC2=NNC(=O)C3=CC=CC=C23)C=C1C(=O)N1CCN(CC1)C(=O)C1CC1~~~[Ca++].OC[C@H](O)[C@H]1OC(=O)C(O)=C1[O-].OC[C@H](O)[C@H]1OC(=O)C(O)=C1[O-]
1198004743274213376	0	@username @username @username @username Ho un Tapie junior. Une grande gueule et... c'est tout. Prends ton Prozac et va te coucher.	prozac	DB00472	CNCCC(OC1=CC=C(C=C1)C(F)(F)F)C1=CC=CC=C1
1194673652534562817	0	@username @username @username @username @username @username @username Mais c'est un comble quand même tu pose une question je te répond et après tu fais ta victime ! Faut vraiment prendre un Xanax la ça devient grave !	xanax	DB00404	CC1=NN=C2CN=C(C3=CC=CC=C3)C3=C(C=CC(Cl)=C3)N12
1196792529619947520	0	Les plaies sous Eliquis 😍😍😍😍	eliquis	DB06605	COC1=CC=C(C=C1)N1N=C(C(N)=O)C2=C1C(=O)N(CC2)C1=CC=C(C=C1)N1CCCCC1=O
1165384751248760832	0	— Docteur, j'ai la phobie des palindromes. — Je vais vous prescrire du Xanax.	xanax	DB00404	CC1=NN=C2CN=C(C3=CC=CC=C3)C3=C(C=CC(Cl)=C3)N12
1194584297681956870	0	@username @username Tu vis à Toulouse ? C'est faux de dire que c'est pas une ville de foot, c'est une fausse image qu'ont les gens de l'extérieur. Quand le club remonte de National puis L2, le stade est plein.  Par contre oui, le club ne dégage plus rien, il est sous prozac depuis des années.	prozac	DB00472	CNCCC(OC1=CC=C(C=C1)C(F)(F)F)C1=CC=CC=C1
1199032077074751488	0	Déjà quand ta une maladie au coeur, t’as forcément un truc comme de la ventoline etc avec toi. Bah lui il avait jamais rien. Et puis pour revenir au message. Ce mec il faisait tout le temps des fautes d’orthographe. Genre « mais » il l’écrit « met » mdrr.			
1195801768900345861	0	"Xanax and chill"""" sera disponible dans une belle acrylique mauve pailletée ✨ link"	xanax	DB00404	CC1=NN=C2CN=C(C3=CC=CC=C3)C3=C(C=CC(Cl)=C3)N12
1178592495015530496	0	@username @username Pour le sommeil, dormir le plus droit possible, ça m'a bien aidé lors des bronchites/trachéite/pneumonies. De la Ventoline peut être si tu tousses beaucoup sans réussir à reprendre ton souffle. Et anti douleurs, si c'est douloureux. Courage à toi.			
1199457951041425409	0	@username A part si t’as du Xanax je vois pas comment	xanax	DB00404	CC1=NN=C2CN=C(C3=CC=CC=C3)C3=C(C=CC(Cl)=C3)N12
1196778632536109057	0	jvais prendre une ventoline a hninouch			
1199070247644516353	0	@username @username (j'allais dire t'es vachement forte mais va y avoir qqn pour dire un truc nul derrière si j'dis ça et j'vais devoir respirer de la ventoline)			
1168104074342010880	0	Si les réseaux sociaux ont donné l'opportunité aux jaloux, haineux, aigris, incompétents et co d'exister, la TV a quant à elle offert l'occase aux starlettes synthétiques, aux cryptodivas aussi capricieux qu'outranciers de prendre leurs envies pour fait de Dieu.  On s'en gaba ! 🚮			
1199051625995948032	0	je suis laide , difforme , sous prozac , en échec scolaire et encore amoureuse de mon ex qui m’a envoyé sérieux c’est scandaleux	prozac	DB00472	CNCCC(OC1=CC=C(C=C1)C(F)(F)F)C1=CC=CC=C1
1198015139691274240	0	@username MDR ça va aller hein prépare ta ventoline	pr	DB00825	CC(C)[C@@H]1CC[C@@H](C)C[C@H]1O
1195085350588362759	0	@username Qu’ils prennent du Prozac, ça passera ... en attendant nous on est au  chaud sous les tropiques 🌞🌞🌞🌞🌞 a plus de 30 degrés 😉😉😉😝	prozac	DB00472	CNCCC(OC1=CC=C(C=C1)C(F)(F)F)C1=CC=CC=C1
1195516510061629440	0	C’est plus le Vieux FC c’est la Ventoline FC , ils sont en crise 😂😂😂😭			
1198955241208766464	0	Hé quand même ... 8 médicaments ce matin : 1 cp pour le diabète de Metformine 850 mg + 2 cp pyostacine + 3 cp solupred + exomuc Sympa le petit déjeuner !!!			
1199796895046086658	0	{Anxio} Je commence à prendre du Xanax a partir de ce soir Je sais pas pourquoi mais je sens que ça va être drôle	xanax	DB00404	CC1=NN=C2CN=C(C3=CC=CC=C3)C3=C(C=CC(Cl)=C3)N12
1198657494689730560	0	Haut jaune et prozac	prozac	DB00472	CNCCC(OC1=CC=C(C=C1)C(F)(F)F)C1=CC=CC=C1
1198685369853759489	0	@username Et ça coûterait ben trop cher en Imodium en plus. ☺️	imodium	DB11074	
1197453312171401218	0	Hey les copains j'ai une question.  Mon conjoint a pour moi une rhinorrhée postérieure qui dure dans le temps depuis des années.  Il a eu de l'avamys, rinoclénil, aerius et bilaska.  Pas d'amélioration... Une orientation spécialiste serait pas judicieux? ORL? Allergo?  Merci. 😀	avamys~aerius	DB08906~DB00967	[H][C@@]12C[C@@H](C)[C@](OC(=O)C3=CC=CO3)(C(=O)SCF)[C@@]1(C)C[C@H](O)[C@@]1(F)[C@@]2([H])C[C@H](F)C2=CC(=O)C=C[C@]12C~~~ClC1=CC2=C(C=C1)C(=C1CCNCC1)C1=C(CC2)C=CC=N1
1196081103058227202	0	@username @username Mais tellement. Je revis littéralement après des mois de lyrica et autres.	lyrica	DB00230	CC(C)C[C@H](CN)CC(O)=O
1195876135835488261	0	Bonsoir j'aime beaucoup le Xanax la drague Kev Adams link	xanax	DB00404	CC1=NN=C2CN=C(C3=CC=CC=C3)C3=C(C=CC(Cl)=C3)N12
1198586341254148099	0	Deux Xanax dans la gueule pour un voyage plus sympa. 10 minutes de bus j’me sens déjà partir	xanax	DB00404	CC1=NN=C2CN=C(C3=CC=CC=C3)C3=C(C=CC(Cl)=C3)N12
1194663857182171138	0	@username Prozac pas prolactine (je sais même pas ce que c’est)	prozac	DB00472	CNCCC(OC1=CC=C(C=C1)C(F)(F)F)C1=CC=CC=C1
1146770595805372417	0	"#lévothyrox #euthyrox #France #UE Que pensez-vous des mensonges publiés par des """"experts"""" en lévothyroxine depuis 2017, dans le seul but de défendre le commerce de Merck KGaA au détriment de millions de malades?  @username"	euthyrox	DB00451	N[C@@H](CC1=CC(I)=C(OC2=CC(I)=C(O)C(I)=C2)C(I)=C1)C(O)=O
1195090276513198088	0	@username Ah d’accord. Tu fais la meuf pour prendre ta ventoline en scred ?			
1195110248182353920	0	@username T'étais même pas née en 94. Va prendre tes Xanax ça te détendra.	xanax	DB00404	CC1=NN=C2CN=C(C3=CC=CC=C3)C3=C(C=CC(Cl)=C3)N12
1127636275668955139	0	Kiki doute.. La methamphetamine commandé pour l'Élysée ? 😂 😂 😂 J'ai le bon de commande également !! link	methamphetamine	DB01577	CN[C@@H](C)CC1=CC=CC=C1
1197927421951053827	0	@username @username C'est sûr que gingembre et acupuncture, face à une prescription de thalidomide ça fait petits-bras	thalidomide	DB01041	O=C1N(C2CCC(=O)NC2=O)C(=O)C2=CC=CC=C12
1199376299128688640	0	@username @username Oui. La rotondité de la terre a aussi fait débat en son temps, comme l’intérêt du Vioxx. Etc.  Pour moi je ne vois pas de différence sur le fond.	bat~vioxx	DB13903~DB00533	CS(=O)(=O)C1=CC=C(C=C1)C1=C(C(=O)OC1)C1=CC=CC=C1
1197120862199128064	0	@username C'est bon, on peut arrêter le xanax alors.	xanax	DB00404	CC1=NN=C2CN=C(C3=CC=CC=C3)C3=C(C=CC(Cl)=C3)N12
1198268920358227969	0	#Levothyrox Voix des malades ignorée, crise sanitaire amplifiée @username @username @username @username @username @username @username @username @username @username @username @username @username @username			
1199455936793976832	0	"@username C'est bien vrai LA FR est bien pays de l'OUEST bien qu'avec toute la merde qui vient ici créant une TOUR DE BABEL incompréhensible on peut avoir des doute si tu Depressed prend un XANAX paraît que cela remet sur les bons rails""""Enfin cela peut encore arriver"	xanax	DB00404	CC1=NN=C2CN=C(C3=CC=CC=C3)C3=C(C=CC(Cl)=C3)N12
1197423750158921728	0	les ecrits (d'@username)restent...  ASNIERES #ASNIERES  @username ... @username ne ns rend pas FXT ronchon			
1195741479681036289	0	@username J’espère et toi????? Je ramene 40 ventoline			
1194411860856049664	0	Le diclofenac mais c’est uniquement sur prescription médicale. link	diclofenac	DB00586	OC(=O)CC1=CC=CC=C1NC1=C(Cl)C=CC=C1Cl
1193989516840837121	0	@username Il se vend avec sa boite de Xanax. #ADP #ADP2019	xanax	DB00404	CC1=NN=C2CN=C(C3=CC=CC=C3)C3=C(C=CC(Cl)=C3)N12
1139593508174667776	0	« Allez prenez vos 100 balles, un Xanax et arrêtez de chouiner, au boulot, y a des patients qui attendent » 🙄 link	xanax	DB00404	CC1=NN=C2CN=C(C3=CC=CC=C3)C3=C(C=CC(Cl)=C3)N12
1141335339845525506	0	Bizarrement en ce moment j’oublie jamais ma ventoline moi qui suis tête en l’air mais bon heureusement pour moi tout de même	air	DB09337	
1198398102216069120	0	Update très sérieux par pitié les gens qui ont de l’anxiété si votre médecin vous prescrit du xanax que ce soit en 0,25 ou 0,50 refusé on devient rapidement accro et ça n’arrête pas du tout l’anxiété ça l’empire à un point inimaginable (c un constat personnel)	xanax	DB00404	CC1=NN=C2CN=C(C3=CC=CC=C3)C3=C(C=CC(Cl)=C3)N12
1199091091464691713	0	ajd qu'est-ce que jv faire? j'en sais rien mais g du Xanax :))) link	xanax	DB00404	CC1=NN=C2CN=C(C3=CC=CC=C3)C3=C(C=CC(Cl)=C3)N12
1169614750902345729	0	Attendre l'ouverture du kebab pour m'en prendre 1. (Grd besoin de réconfort) *reprendre 1 xanax* pas hâte de rentrer chz moi	xanax	DB00404	CC1=NN=C2CN=C(C3=CC=CC=C3)C3=C(C=CC(Cl)=C3)N12
1197216540833267718	0	Je suis Sarah, déesse de la ventoline  Ah			
1172598893315596288	0	@username Chuis en fou rire là apportez moi de la ventoline svp link			
1194316433347547136	0	link  #Depression #Buprenorphine   (#SharedFacts #BrainFunction #MolecularReality	buprenorphine	DB00921	CO[C@]12CC[C@@]3(C[C@@H]1[C@](C)(O)C(C)(C)C)[C@H]1CC4=C5C(O[C@@H]2[C@@]35CCN1CC1CC1)=C(O)C=C4
1196414891751624706	0	@username Aïe... Tu sais ce qu’il te reste à faire en rentrant chez toi : mettre de la glace sur la cheville puis du Voltaren 2% en gel avec bandage par dessus si tu veux pas ressembler à éléphant man demain matin 😅	voltaren~bandage	DB00586~DB11105	OC(=O)CC1=CC=CC=C1NC1=C(Cl)C=CC=C1Cl
1194713391643987968	0	@username Une ventoline s'il vous plaît, je fais un malaise			
1197254658827395074	0	@username Effexor XR	effexor	DB00285	COC1=CC=C(C=C1)C(CN(C)C)C1(O)CCCCC1
1155612134103015426	0	@username Avec un papa urgentiste cacahuète va bien s’en sortir en neonat! Elle deviendra une des plus fortes de son groupe ! Bonne chance à ton épouse ! J’espère que la morphine calme la douleur du moins par rapport à la dose qu’elle peut avoir en étant enceinte ! Pleins d’amour ! ♥️	morphine	DB00295	[H][C@@]12OC3=C(O)C=CC4=C3[C@@]11CCN(C)[C@]([H])(C4)[C@]1([H])C=C[C@@H]2O
1198716917093208064	0	@username @username @username Tu peux arrêter de gober mes couilles s’il te plaît ? Ça commence à être assez casse couille, rentre toi ta grosse ventoline dans le fion et abstient toi d’ouvrir ta grande gueule pour dire de la merde Molière ta grand Max un QI très légèrement au dessus de 10 mais bon pas 1/2			
1197762187173015552	0	Un conseil dopage : prenez de la ventoline même si vous êtes pas  asthmatique, vous remercierez			
1162058473150062593	0	@username @username Je choisis le Xanax	xanax	DB00404	CC1=NN=C2CN=C(C3=CC=CC=C3)C3=C(C=CC(Cl)=C3)N12
1196453512261054472	0	g pris un xanax je vais m’envoler c bon jvais dormir moi	xanax	DB00404	CC1=NN=C2CN=C(C3=CC=CC=C3)C3=C(C=CC(Cl)=C3)N12
1167544685713399809	0	@username @username Mais sinon elle oublie trop vite que sa pute de mere c un homme a cette heure si cette grosse chienne elle veut quand même vendre dés photo de pied pour s'acheter du xanax	xanax	DB00404	CC1=NN=C2CN=C(C3=CC=CC=C3)C3=C(C=CC(Cl)=C3)N12
1196022818984595456	0	@username @username @username @username @username @username @username @username @username @username @username @username @username @username @username @username @username @username @username @username @username @username @username @username @username @username @username @username @username @username @username @username Et un grand bol de xanax tous les matins ! 😂😂😂😂	xanax	DB00404	CC1=NN=C2CN=C(C3=CC=CC=C3)C3=C(C=CC(Cl)=C3)N12
1198559804907806720	0	@username @username @username Prenez un Xanax on vous dit ! 😂	xanax	DB00404	CC1=NN=C2CN=C(C3=CC=CC=C3)C3=C(C=CC(Cl)=C3)N12
1196799284643016704	0	@username ah mes années collège lycée, j'en ai bouffé du loperamide	loperamide	DB00836	CN(C)C(=O)C(CCN1CCC(O)(CC1)C1=CC=C(Cl)C=C1)(C1=CC=CC=C1)C1=CC=CC=C1
1198010964282613761	0	@username Avec vous Jvais faire des giveaway de ventoline (j’en aurai besoin aussi skksks)			
1195780296299466752	0	@username @username @username @username @username Oui pareil pour moi😑 As-tu des sueurs froides la nuit? Et prends-tu du cymbalta s'il te plaît	cymbalta	DB00476	CNCC[C@H](OC1=CC=CC2=CC=CC=C12)C1=CC=CS1
1167191884990689285	0	vous acceptez plus facilement les fumeurs de cannabis que ceux qui ont un traitement médicamenteux composé d’antidépresseurs et d’anxiolytiques, notamment le xanax, alors que l’on en a besoin au quotidien afin de survivre link	xanax	DB00404	CC1=NN=C2CN=C(C3=CC=CC=C3)C3=C(C=CC(Cl)=C3)N12
1195006243422834688	0	@username Quelqu’un prend double dose d’Imodium	imodium	DB11074	
1196822398986805248	0	@username @username @username @username @username L'arnica n'a rien à y faire on es bien d'accord mais je ne verrai pas de problème à ce qu'il y ai un tube de ventoline dans ce kit			
1199407175757651968	0	Les filles pour demain si harry est là j'espère vous avez prévu de la ventoline mes Puces 😭	pr	DB00825	CC(C)[C@@H]1CC[C@@H](C)C[C@H]1O
1194616054095499264	0	"@username @username @username @username Je crois que Roro t'as confondue avec Enora, """"la charmante dame"""" et la """"meilleure des expertes"""" mariée, deux enfants 🥳🥳🥳🥳🥳🥳 Prozac?"	prozac	DB00472	CNCCC(OC1=CC=C(C=C1)C(F)(F)F)C1=CC=CC=C1
1194506592215015424	0	@username Met toit un doigts prend de la ventoline ça va aller 👌 on ta appris a respirer apparemment on a besoins de le faire pour survivre et tu sais pas mdr on besoin aussi de se reproduire pour survivre omg qu'elle nouveautés casse ta mère avec ton patriarcat ça s'appelle la nature 😂			
1198023605415763968	0	J'ai quand même failli crever parce que ma mère a rangé ma ventoline jsp où 😭😭			
1195835664484491265	0	"@username @username @username @username @username Hé calme toi guignol. Je l'ai été aussi étudiant, et pas la partie """"j'ai un appart pépouze"""", à galérer également.  Donc calme toi et prends ton prozac."	prozac	DB00472	CNCCC(OC1=CC=C(C=C1)C(F)(F)F)C1=CC=CC=C1
1127970601191317504	0	Livraison offerte #BaumeduTigre #Counterpain #Voltaren #AloeVera #PoCare link	voltaren	DB00586	OC(=O)CC1=CC=CC=C1NC1=C(Cl)C=CC=C1Cl
1128400903550263296	0	LETTRE DE DEMANDE DE PERMISSION  Mr le Directeur General, Mn epoux avait lmigraine ce matin,et au lieu de prendre du Paracetamol il a pris un viagra accidentellement.Commela servante est ala maison,donc je ne pourrai pas venir travailler aujourd'hui.Cordialement votre secretraire	viagra	DB00203	CCCC1=NN(C)C2=C1N=C(NC2=O)C1=CC(=CC=C1OCC)S(=O)(=O)N1CCN(C)CC1
1199211948463841280	0	@username Ci-mer gros *avale le xanax* wOw Sa TuE sA mÈrE	xanax	DB00404	CC1=NN=C2CN=C(C3=CC=CC=C3)C3=C(C=CC(Cl)=C3)N12
1196003706975772672	0	@username @username Tu m’as l’air bien culote toi. Ca sent le Lexo et le Xanax. Au lieu d’insulter les gens, ferme un peu ce qui te sert de bouche et respecte les car ils au moins le mérite de parler de leurs faiblesses.	air~xanax	DB09337~DB00404	CC1=NN=C2CN=C(C3=CC=CC=C3)C3=C(C=CC(Cl)=C3)N12
1194359266473213952	0	Mon père il a en eu marre que je tousse bc il entend pas la télé du coup il m'a fait prendre ma ventoline un dafalgant des gouttes pour le nez jsuis hs	bc~hs	DB00945~DB00898	CC(=O)OC1=CC=CC=C1C(O)=O~~~CCO
1197933991329980418	0	La première de toutes ces obscurités est en même temps la principale : pourquoi le Levothyrox a-t-il été modifié ?  link			
1197172817982296065	0	@username J'ai baiser avec Meridia	meridia	DB01105	CC(C)CC(N(C)C)C1(CCC1)C1=CC=C(Cl)C=C1
1199816046762434561	0	Putain le Xanax ça fais peur	xanax	DB00404	CC1=NN=C2CN=C(C3=CC=CC=C3)C3=C(C=CC(Cl)=C3)N12
1160146036129710080	0	@username Une culture de l'irrespect du peuple s'est installée en France et dans 15 jours, nous allons y mettre un terme. RESET ! Faites des stocks de Prozak !  link  link			
1153402360858894342	0	Derrière ya un clebbard qui gueule sans cesse alors déjà avec la chaleur c'pas facile de dormir mais là... J'vais investir un fer je crois ou de la morphine pour ienchs mais j'ai pas de belles idées du tout	morphine	DB00295	[H][C@@]12OC3=C(O)C=CC4=C3[C@@]11CCN(C)[C@]([H])(C4)[C@]1([H])C=C[C@@H]2O
1199165506403520512	0	qui se gavent au détriment  des plus pauvres  sous prozac  a mourir de rire, c est pathetique  le pire c est  des ministres qui donne des lecons  de droit  de la vrai clocharderie  LE MICRO  C EST PAS QUE pres de  LA BOUCHE Faut il  que le corps  soit convaincu  mais la	prozac~micro	DB00472~DB11304	CNCCC(OC1=CC=C(C=C1)C(F)(F)F)C1=CC=CC=C1
1195413287988543488	0	@username @username oublis pas ta ventoline			
1195764990701117442	0	@username @username Variante : ce n'est pas moi qui devrait prendre du xanax et voir une psy, ce sont les gens qui me pourrissent la vie (malheureusement, ça ne leur vient jamais à l'esprit).	xanax	DB00404	CC1=NN=C2CN=C(C3=CC=CC=C3)C3=C(C=CC(Cl)=C3)N12
1195396677617754112	0	@username @username Ben c'est un corticoide inhalé donc ça peut servir en traitement de fond.  Actuellement on prescrit plutôt flixotide, après est-ce que c'est un effet de mode ou est-ce vraiment plus efficace j'avoue que je n'ai pas fait la biblio.			
1199385995625598976	0	Je dois donc faire attention à manger, à ne pas m'inquiéter (mdr super, bah qu'on me rassure alors) et à toujours me reposer  TW médicaments  Et du xanax, des antidouleurs, et du décontractant musculaire.  Et je peux partir aussi, mais je dois revenir si c'est pas passé dans 5j	xanax	DB00404	CC1=NN=C2CN=C(C3=CC=CC=C3)C3=C(C=CC(Cl)=C3)N12
1196717900238852097	0	Certificat décès: patient de 87ans diabétique qui sortait d’hospitalisation pour aeg, à l’entrée il avait une hba1c à 7,8%. Ils ont switché metformine pour insuline et januvia. On pourra mettre comme épitaphe « il avait une hba1c à 6,5% » 🤦🏻‍♀️ en vous remerciant	januvia	DB01261	N[C@@H](CC(=O)N1CCN2C(C1)=NN=C2C(F)(F)F)CC1=CC(F)=C(F)C=C1F
1197610207548977152	0	@username Fais pas de fausse accusation aussi ton corps shooté au Xanax	xanax	DB00404	CC1=NN=C2CN=C(C3=CC=CC=C3)C3=C(C=CC(Cl)=C3)N12
1195420942010388481	0	@username Ouh ils t'ont mis au Xanax... Ma pauvre. Ils t'en avaient déjà prescrit avant ou c'est la première fois ?	xanax	DB00404	CC1=NN=C2CN=C(C3=CC=CC=C3)C3=C(C=CC(Cl)=C3)N12
1197499612875112457	0	"@username Le nom de l' oxycodone en anglais , ds la chanson de future mask off il dit """"percocet, Molly percocet"	oxycodone~mask~percocet	DB00497~DB09096	COC1=C2O[C@H]3C(=O)CC[C@@]4(O)[C@H]5CC(C=C1)=C2[C@@]34CCN5C~~~O=C(OOC(=O)C1=CC=CC=C1)C1=CC=CC=C1
1198257978325000193	0	Merci @username pr ces rencontres. Ns avons forcément échangé autour de la thématique  #Levothyrox mais également  #maltraitance et du livre #lesenfantsdusilence @username . Au-delà de ma personne seule reste l'alerte #Moussaron. A à ce jour aucune condamnation .	pr	DB00825	CC(C)[C@@H]1CC[C@@H](C)C[C@H]1O
1194338835724996608	0	@username @username T’as pris ton xanax ce soir ?	xanax	DB00404	CC1=NN=C2CN=C(C3=CC=CC=C3)C3=C(C=CC(Cl)=C3)N12
1197604853817720832	0	@username @username Courage à vous @username pour matter les matchs de votre pivot titulaires sans prendre de Xanax	xanax	DB00404	CC1=NN=C2CN=C(C3=CC=CC=C3)C3=C(C=CC(Cl)=C3)N12
1194267074190888961	0	Les mystères médicaux autour de l'affaire de la nouvelle formule du Levothyrox - link link via @username			
1198551059200925696	0	À chaque pls mise par Monsieur Kim Taehyung j’me dis wsh c bon cousin tu peux pas faire pire mdr moi gros 🤡 ça fait 30min j’ai emprunté la ventoline de mon frère			
1194640400532803590	0	@username Sevrage de Xanax et tu subit comme ça ? Au bout de 48h tu te plains sur Twitter ? Quand on est en sevrage de n'importe quel produit,  on le fait pour soi même et on le balance pas sur les réseaux pour se faire plaindre. Assume et parle de sevrage au bout d'un an et pas de 48h...	xanax	DB00404	CC1=NN=C2CN=C(C3=CC=CC=C3)C3=C(C=CC(Cl)=C3)N12
1196153655570944002	0	@username La notice du Prozac...	prozac	DB00472	CNCCC(OC1=CC=C(C=C1)C(F)(F)F)C1=CC=CC=C1
1199632973211013123	0	@username tu peux ^^ premier jet en rentrant cet aprem ^^  ps: prends un xanax d'avance toi	ps~xanax	DB00825~DB00404	CC(C)[C@@H]1CC[C@@H](C)C[C@H]1O~~~CC1=NN=C2CN=C(C3=CC=CC=C3)C3=C(C=CC(Cl)=C3)N12
1134089910380576770	0	@username @username @username @username Oui l'État a une part de responsabilité avec une communication catastrophique et une dichotomie foireuse entre les vaccins obligatoires et seulement recommandés. Comme les scandales sanitaires même quand y en a pas vraiment (levothyrox) et qu'ils ont rien à voir avec les vaccins.			
1173628422997839872	0	je retweete ça alors que je mets mon budget bouffe dans de la sous mephredone coupée à de la methamphetamine link	methamphetamine	DB01577	CN[C@@H](C)CC1=CC=CC=C1
1195358948452425734	0	Combien Coute Synthroid En Pharmacie. Synthroid générique d’escompte link link	synthroid	DB00451	N[C@@H](CC1=CC(I)=C(OC2=CC(I)=C(O)C(I)=C2)C(I)=C1)C(O)=O
1198251740207992832	0	@username Et puis septembre de cette année (j'ai 15 ans) j'ai eu fluoxetine (Prozac) mais on m'a fait arrêter donc j'ai plus rien et c'est l'enfer 🤡	fluoxetine~prozac	DB00472	CNCCC(OC1=CC=C(C=C1)C(F)(F)F)C1=CC=CC=C1
1144359017797574656	0	[TW mort / drogue]  Encore un gamin du cloud rap qui vient de faire une overdose mm pas majeur en + je crois, sérieux la glorification du xanax, de la cocaïne, etc c'est ultra flingué pdt que des idiots en font un trait de personnalité ça détruit cmpltmt des gens là j'ai la haine	xanax~ultra	DB00404~DB11121	CC1=NN=C2CN=C(C3=CC=CC=C3)C3=C(C=CC(Cl)=C3)N12~~~CC1=CC(O)=CC(C)=C1Cl
1195741088918757377	0	@username @username @username Le Roi éprouve quelque difficultés à diriger son royaume, il reviendra plus fort  (donnez lui du Xanax putain)	xanax	DB00404	CC1=NN=C2CN=C(C3=CC=CC=C3)C3=C(C=CC(Cl)=C3)N12
1199510190770589697	0	@username c est devenu malheureusement de la ventoline pour certains ..			
1194755018181808128	0	@username @username @username Je la garderais sous Eliquis le temps des explorations : d'une part on n'a pas de preuve de néo, d'autre part les AOD ont l'indication dans les néo désormais (perso je suis très frileux, et si le néo est avéré je switche, mais tant qu'on n'a pas confirmation je les garde).	eliquis	DB06605	COC1=CC=C(C=C1)N1N=C(C(N)=O)C2=C1C(=O)N(CC2)C1=CC=C(C=C1)N1CCCCC1=O
1198935477627305985	0	@username @username Ça dépend des ADO, les glitazones et la metformine ça n'induit pas d'hypoglycémie en eux même on peut les prendre avant l'intervention si mineure. Il faut surtout vérifier la glycémie horaire pré perop afin d'évaluer, et le soluté à utiliser c'est le glucosé au lieu du SSI ou RL	pr	DB00825	CC(C)[C@@H]1CC[C@@H](C)C[C@H]1O
